<?xml version="1.0" encoding="UTF-8"?>
<kml xmlns="http://www.opengis.net/kml/2.2" xmlns:gx="http://www.google.com/kml/ext/2.2" xmlns:kml="http://www.opengis.net/kml/2.2" xmlns:atom="http://www.w3.org/2005/Atom">
<Folder>
	<name>Lugares temporales</name>
	<open>1</open>
	<Document id="LINEA_ELECTRICA_6947" xsi:schemaLocation="http://www.opengis.net/kml/2.2 http://schemas.opengis.net/kml/2.2.0/ogckml22.xsd http://www.google.com/kml/ext/2.2 http://code.google.com/apis/kml/schema/kml22gx.xsd">
		<name>LINEA ELECTRICA 6947</name>
		<Snippet maxLines="0"></Snippet>
		<Style id="LineStyle10">
			<LabelStyle>
				<color>00000000</color>
				<scale>0</scale>
			</LabelStyle>
			<LineStyle>
				<color>ffe65c00</color>
				<width>1.7</width>
			</LineStyle>
			<PolyStyle>
				<color>00000000</color>
				<outline>0</outline>
			</PolyStyle>
		</Style>
		<Folder id="FeatureLayer1">
			<name>LINEA_ELECTRICA__6947_</name>
			<open>1</open>
			<Snippet maxLines="0"></Snippet>
			<Placemark id="ID_10000">
				<name>L6947</name>
				<Snippet maxLines="0"></Snippet>
				<description><![CDATA[<html xmlns:fo="http://www.w3.org/1999/XSL/Format" xmlns:msxsl="urn:schemas-microsoft-com:xslt">

<head>

<META http-equiv="Content-Type" content="text/html">

<meta http-equiv="content-type" content="text/html; charset=UTF-8">

</head>

<body style="margin:0px 0px 0px 0px;overflow:auto;background:#FFFFFF;">

<table style="font-family:Arial,Verdana,Times;font-size:12px;text-align:left;width:100%;border-collapse:collapse;padding:3px 3px 3px 3px">

<tr style="text-align:center;font-weight:bold;background:#9CBCE2">

<td>L6947</td>

</tr>

<tr>

<td>

<table style="font-family:Arial,Verdana,Times;font-size:12px;text-align:left;width:100%;border-spacing:0px; padding:3px 3px 3px 3px">

<tr>

<td>FID</td>

<td>0</td>

</tr>

<tr bgcolor="#D4E4F3">

<td>LINEA</td>

<td>L6947</td>

</tr>

<tr>

<td>TIPO</td>

<td>LINEA ELECTRICA AEREA</td>

</tr>

<tr bgcolor="#D4E4F3">

<td>RECORRIDO</td>

<td>SET HUARAL - SET SINERSA</td>

</tr>

</table>

</td>

</tr>

</table>

</body>

</html>]]></description>
				<styleUrl>#LineStyle10</styleUrl>
				<MultiGeometry>
					<LineString>
						<tessellate>1</tessellate>
						<coordinates>
							-77.19622936999997,-11.49328228999999,0 -77.19621669999999,-11.49331309,0 -77.19674763061076,-11.49365444406657,0 -77.19687537999998,-11.49350244999998,0 
						</coordinates>
					</LineString>
				</MultiGeometry>
			</Placemark>
		</Folder>
	</Document>
	<Document id="LINEA_ELECTRICA_652" xsi:schemaLocation="http://www.opengis.net/kml/2.2 http://schemas.opengis.net/kml/2.2.0/ogckml22.xsd http://www.google.com/kml/ext/2.2 http://code.google.com/apis/kml/schema/kml22gx.xsd">
		<name>LINEA ELECTRICA 652</name>
		<open>1</open>
		<Snippet maxLines="0"></Snippet>
		<Style id="LineStyle200">
			<LabelStyle>
				<color>00000000</color>
				<scale>0</scale>
			</LabelStyle>
			<LineStyle>
				<color>ffe65c00</color>
				<width>2</width>
			</LineStyle>
			<PolyStyle>
				<color>00000000</color>
				<outline>0</outline>
			</PolyStyle>
		</Style>
		<Folder id="FeatureLayer2">
			<name>LINEA ELECTRICA AEREA 652</name>
			<open>1</open>
			<Snippet maxLines="0"></Snippet>
			<Placemark id="ID_20000">
				<name>L652</name>
				<Snippet maxLines="0"></Snippet>
				<description><![CDATA[<html xmlns:fo="http://www.w3.org/1999/XSL/Format" xmlns:msxsl="urn:schemas-microsoft-com:xslt">

<head>

<META http-equiv="Content-Type" content="text/html">

<meta http-equiv="content-type" content="text/html; charset=UTF-8">

</head>

<body style="margin:0px 0px 0px 0px;overflow:auto;background:#FFFFFF;">

<table style="font-family:Arial,Verdana,Times;font-size:12px;text-align:left;width:100%;border-collapse:collapse;padding:3px 3px 3px 3px">

<tr style="text-align:center;font-weight:bold;background:#9CBCE2">

<td>L652</td>

</tr>

<tr>

<td>

<table style="font-family:Arial,Verdana,Times;font-size:12px;text-align:left;width:100%;border-spacing:0px; padding:3px 3px 3px 3px">

<tr>

<td>FID</td>

<td>0</td>

</tr>

<tr bgcolor="#D4E4F3">

<td>Id</td>

<td>0</td>

</tr>

<tr>

<td>LINEA</td>

<td>L652</td>

</tr>

<tr bgcolor="#D4E4F3">

<td>TIPO</td>

<td>LINEA ELECTRICA AEREA</td>

</tr>

<tr>

<td>RECORRIDO</td>

<td>SET CHILLON - SET PAMPILLA</td>

</tr>

</table>

</td>

</tr>

</table>

</body>

</html>]]></description>
				<styleUrl>#LineStyle200</styleUrl>
				<MultiGeometry>
					<LineString>
						<tessellate>1</tessellate>
						<coordinates>
							-77.129761,-11.919348,0 -77.12945219199997,-11.91944948499997,0 -77.12898437199992,-11.91948013499995,0 -77.12917135099995,-11.92109646799997,0 -77.12937654799998,-11.92269458599998,0 -77.12961329999995,-11.92480761399997,0 -77.12988274699995,-11.92640524399996,0 -77.12825157999998,-11.92672486599995,0 -77.12473043199996,-11.92713105699995,0 -77.12169777699995,-11.92780465499994,0 -77.12108516399996,-11.92928242299994,0 -77.12035576699998,-11.93108642899995,0 -77.11939165499994,-11.93221437399996,0 -77.11818637399995,-11.93183482899997,0 -77.11759493999995,-11.93131509299997,0 -77.11702299999999,-11.93161399999996,0 
						</coordinates>
					</LineString>
				</MultiGeometry>
			</Placemark>
		</Folder>
	</Document>
	<Document id="LINEA_ELECTRICA_651" xsi:schemaLocation="http://www.opengis.net/kml/2.2 http://schemas.opengis.net/kml/2.2.0/ogckml22.xsd http://www.google.com/kml/ext/2.2 http://code.google.com/apis/kml/schema/kml22gx.xsd">
		<name>LINEA ELECTRICA 651</name>
		<open>1</open>
		<Snippet maxLines="0"></Snippet>
		<Style id="LineStyle201">
			<LabelStyle>
				<color>00000000</color>
				<scale>0</scale>
			</LabelStyle>
			<LineStyle>
				<color>ffff7000</color>
				<width>2</width>
			</LineStyle>
			<PolyStyle>
				<color>00000000</color>
				<outline>0</outline>
			</PolyStyle>
		</Style>
		<Folder id="FeatureLayer2">
			<name>LINEA ELECTRICA_651</name>
			<open>1</open>
			<Snippet maxLines="0"></Snippet>
			<Placemark id="ID_20000">
				<name>L651</name>
				<Snippet maxLines="0"></Snippet>
				<description><![CDATA[<html xmlns:fo="http://www.w3.org/1999/XSL/Format" xmlns:msxsl="urn:schemas-microsoft-com:xslt">

<head>

<META http-equiv="Content-Type" content="text/html">

<meta http-equiv="content-type" content="text/html; charset=UTF-8">

</head>

<body style="margin:0px 0px 0px 0px;overflow:auto;background:#FFFFFF;">

<table style="font-family:Arial,Verdana,Times;font-size:12px;text-align:left;width:100%;border-collapse:collapse;padding:3px 3px 3px 3px">

<tr style="text-align:center;font-weight:bold;background:#9CBCE2">

<td>L651</td>

</tr>

<tr>

<td>

<table style="font-family:Arial,Verdana,Times;font-size:12px;text-align:left;width:100%;border-spacing:0px; padding:3px 3px 3px 3px">

<tr>

<td>FID</td>

<td>0</td>

</tr>

<tr bgcolor="#D4E4F3">

<td>LINEA</td>

<td>L651</td>

</tr>

<tr>

<td>TIPO</td>

<td>LINEA ELECTRICA AEREA</td>

</tr>

<tr bgcolor="#D4E4F3">

<td>RECORRIDO</td>

<td>SET PAMPILLA - SET VENTANILLA</td>

</tr>

</table>

</td>

</tr>

</table>

</body>

</html>]]></description>
				<styleUrl>#LineStyle201</styleUrl>
				<MultiGeometry>
					<LineString>
						<tessellate>1</tessellate>
						<coordinates>
							-77.128332,-11.868815,0 -77.128325,-11.868918,0 -77.12781224499997,-11.86906760799996,0 -77.12763630999994,-11.87004500599993,0 -77.12748621699996,-11.87080530499997,0 -77.12727497999997,-11.87196372399995,0 -77.12703719699994,-11.87324887099991,0 -77.12669049799995,-11.87468847799993,0 -77.12647904699998,-11.87581978599995,0 -77.12641707099993,-11.87729340199996,0 -77.12635257099998,-11.87844167899994,0 -77.12630705399994,-11.87967115199995,0 -77.12626090599997,-11.88081929099995,0 -77.12631002499995,-11.88241859899991,0 -77.12624826299998,-11.88391932599994,0 -77.12621808399994,-11.88476006199995,0 -77.1260634879593,-11.8858253203483,0 -77.12597350499993,-11.8863525429999,0 -77.12595816999999,-11.88674128099992,0 -77.12605324399993,-11.88834927899994,0 -77.12612170599992,-11.89007496899994,0 -77.12633677799992,-11.89177243999992,0 -77.12649153099994,-11.89279253599994,0 -77.12667648399997,-11.89415583699993,0 -77.12681330999999,-11.8952302939999,0 -77.12696820899997,-11.89626846399995,0 -77.1269612121299,-11.89733099457945,0 -77.12712025899997,-11.89812004799995,0 -77.12742022799993,-11.89893117999999,0 -77.12774758899997,-11.89972402799995,0 -77.12814164799994,-11.90083269299994,0 -77.12828151199993,-11.90229574499995,0 -77.12838087399996,-11.90327106699991,0 -77.12845214499997,-11.90417429899994,0 -77.12854549899998,-11.90555636299996,0 -77.12862770799995,-11.90668545399992,0 -77.12870067199997,-11.90780557799995,0 -77.12863781599997,-11.90916170699995,0 -77.12857481999997,-11.91049976299997,0 -77.12851154199996,-11.91180166899995,0 -77.12846690099995,-11.91313958499996,0 -77.12857763399995,-11.91439498899996,0 -77.12869761699994,-11.91565935899995,0 -77.12882684899994,-11.91693269699991,0 -77.12894655399995,-11.91816091799995,0 -77.12906611999995,-11.91937106499995,0 -77.12944252199995,-11.91938629399993,0 -77.129761,-11.919348,0 
						</coordinates>
					</LineString>
				</MultiGeometry>
			</Placemark>
		</Folder>
	</Document>
	<Document id="LINEA_ELECTRICA_618" xsi:schemaLocation="http://www.opengis.net/kml/2.2 http://schemas.opengis.net/kml/2.2.0/ogckml22.xsd http://www.google.com/kml/ext/2.2 http://code.google.com/apis/kml/schema/kml22gx.xsd">
		<name>LINEA ELECTRICA 618</name>
		<open>1</open>
		<Snippet maxLines="0"></Snippet>
		<Style id="LineStyle202">
			<LabelStyle>
				<color>00000000</color>
				<scale>0</scale>
			</LabelStyle>
			<LineStyle>
				<color>ffe65c00</color>
				<width>2</width>
			</LineStyle>
			<PolyStyle>
				<color>00000000</color>
				<outline>0</outline>
			</PolyStyle>
		</Style>
		<Folder id="FeatureLayer2">
			<name>LINEA ELECTRICA_618</name>
			<open>1</open>
			<Snippet maxLines="0"></Snippet>
			<Placemark id="ID_20000">
				<name>L618</name>
				<Snippet maxLines="0"></Snippet>
				<description><![CDATA[<html xmlns:fo="http://www.w3.org/1999/XSL/Format" xmlns:msxsl="urn:schemas-microsoft-com:xslt">

<head>

<META http-equiv="Content-Type" content="text/html">

<meta http-equiv="content-type" content="text/html; charset=UTF-8">

</head>

<body style="margin:0px 0px 0px 0px;overflow:auto;background:#FFFFFF;">

<table style="font-family:Arial,Verdana,Times;font-size:12px;text-align:left;width:100%;border-collapse:collapse;padding:3px 3px 3px 3px">

<tr style="text-align:center;font-weight:bold;background:#9CBCE2">

<td>L618</td>

</tr>

<tr>

<td>

<table style="font-family:Arial,Verdana,Times;font-size:12px;text-align:left;width:100%;border-spacing:0px; padding:3px 3px 3px 3px">

<tr>

<td>FID</td>

<td>0</td>

</tr>

<tr bgcolor="#D4E4F3">

<td>LINEA</td>

<td>L618</td>

</tr>

<tr>

<td>TIPO</td>

<td>LINEA ELECTRICA AEREA</td>

</tr>

<tr bgcolor="#D4E4F3">

<td>RECORRIDO</td>

<td>SET CHAVARRIA - SET OQUENDO</td>

</tr>

</table>

</td>

</tr>

</table>

</body>

</html>]]></description>
				<styleUrl>#LineStyle202</styleUrl>
				<MultiGeometry>
					<LineString>
						<tessellate>1</tessellate>
						<coordinates>
							-77.125721,-11.977243,0 -77.12530557799992,-11.97730398099997,0 -77.12543043299996,-11.97918287099997,0 -77.12550925399994,-11.98104403399996,0 -77.12557854499994,-11.98286008099993,0 -77.12564748599992,-11.98463094199996,0 -77.12574446399996,-11.98646485299994,0 -77.12579582999996,-11.98833526099994,0 -77.12515836399996,-11.98899081199994,0 -77.12338312199995,-11.98854335599997,0 -77.12160873199997,-11.98820433399994,0 -77.11981591499993,-11.98785640199995,0 -77.11805063799994,-11.98750824999994,0 -77.11625761499994,-11.98713318199995,0 -77.11561991299999,-11.98776160199997,0 -77.11431776499995,-11.98794315199995,0 -77.11259356799995,-11.98815499399995,0 -77.11087861599997,-11.98837579399998,0 -77.10914522999997,-11.98858768399998,0 -77.10741190999991,-11.98880860199995,0 -77.10579777899994,-11.98901053699993,0 -77.10456070799994,-11.98930000799993,0 -77.10318502999996,-11.98947302299995,0 -77.10181859799995,-11.98965500099997,0 -77.10069055299992,-11.98979903199994,0 -77.09936076399998,-11.98997168499994,0 -77.09799432399994,-11.99015364499992,0 -77.09688456299995,-11.99028848699991,0 -77.09559595099995,-11.99103923599994,0 -77.09423389399994,-11.99179052899996,0 -77.09258857899994,-11.99271565299992,0 -77.09084276199997,-11.99370478499997,0 -77.08933518999999,-11.99463790299996,0 -77.08823047799996,-11.9954324409999,0 -77.08764651199992,-11.99589772799993,0 -77.08675223299997,-11.99660031299993,0 -77.08489447999995,-11.99617130199994,0 -77.08445896999996,-11.99803634999995,0 -77.08395629199998,-11.99832930599994,0 -77.08196811199997,-11.99885022699993,0 -77.08054150099997,-11.99957483199995,0 -77.07944328699995,-12.00002585399994,0 -77.07707793399997,-12.00045012899989,0 -77.07385791599994,-12.00076322899998,0 -77.07189397899997,-11.99965707299995,0 -77.06853323099995,-11.99837143299992,0 -77.06679770699998,-11.99832098999997,0 -77.06655067099996,-11.99843126999996,0 -77.06569299999997,-11.99836599999996,0 
						</coordinates>
					</LineString>
				</MultiGeometry>
			</Placemark>
		</Folder>
	</Document>
	<Document id="LINEA_ELECTRICA_6554" xsi:schemaLocation="http://www.opengis.net/kml/2.2 http://schemas.opengis.net/kml/2.2.0/ogckml22.xsd http://www.google.com/kml/ext/2.2 http://code.google.com/apis/kml/schema/kml22gx.xsd">
		<name>LINEA ELECTRICA 6554</name>
		<open>1</open>
		<Snippet maxLines="0"></Snippet>
		<Style id="LineStyle300">
			<LabelStyle>
				<color>00000000</color>
				<scale>0</scale>
			</LabelStyle>
			<LineStyle>
				<color>ffe65c00</color>
				<width>2</width>
			</LineStyle>
			<PolyStyle>
				<color>00000000</color>
				<outline>0</outline>
			</PolyStyle>
		</Style>
		<Folder id="FeatureLayer3">
			<name>LINEA ELECTRICA 6554</name>
			<open>1</open>
			<Snippet maxLines="0"></Snippet>
			<Placemark id="ID_30000">
				<name>L6554</name>
				<Snippet maxLines="0"></Snippet>
				<description><![CDATA[<html xmlns:fo="http://www.w3.org/1999/XSL/Format" xmlns:msxsl="urn:schemas-microsoft-com:xslt">

<head>

<META http-equiv="Content-Type" content="text/html">

<meta http-equiv="content-type" content="text/html; charset=UTF-8">

</head>

<body style="margin:0px 0px 0px 0px;overflow:auto;background:#FFFFFF;">

<table style="font-family:Arial,Verdana,Times;font-size:12px;text-align:left;width:100%;border-collapse:collapse;padding:3px 3px 3px 3px">

<tr style="text-align:center;font-weight:bold;background:#9CBCE2">

<td>L6554</td>

</tr>

<tr>

<td>

<table style="font-family:Arial,Verdana,Times;font-size:12px;text-align:left;width:100%;border-spacing:0px; padding:3px 3px 3px 3px">

<tr>

<td>FID</td>

<td>0</td>

</tr>

<tr bgcolor="#D4E4F3">

<td>Id</td>

<td>0</td>

</tr>

<tr>

<td>LINEA</td>

<td>L6554</td>

</tr>

<tr bgcolor="#D4E4F3">

<td>TIPO</td>

<td>LINEA ELECTRICA AEREA</td>

</tr>

<tr>

<td>RECORRIDO</td>

<td>SET CHILLON - SET ZAPALLAL</td>

</tr>

</table>

</td>

</tr>

</table>

</body>

</html>]]></description>
				<styleUrl>#LineStyle300</styleUrl>
				<MultiGeometry>
					<LineString>
						<tessellate>1</tessellate>
						<coordinates>
							-77.111349,-11.83699299999999,0 -77.11109586699996,-11.83713577499998,0 -77.11091501399994,-11.83748055899994,0 -77.11187658299995,-11.83844044299997,0 -77.11286609999996,-11.83945434199996,0 -77.11384644899994,-11.84046830299996,0 -77.11483590999995,-11.84147315499996,0 -77.11582537899993,-11.84247800099994,0 -77.11683355199995,-11.84352789199995,0 -77.11785083799997,-11.84456867199998,0 -77.11833051799994,-11.84609247199995,0 -77.11851027199998,-11.84679607399994,0 -77.11903499799995,-11.84821108099991,0 -77.11954110299995,-11.84959007299991,0 -77.11986204299996,-11.85075354399993,0 -77.12021141799994,-11.85203429199994,0 -77.12057956599993,-11.85336912499994,0 -77.12095675399996,-11.85468581299995,0 -77.12132491099999,-11.85602064299997,0 -77.12164580099994,-11.85717507199992,0 -77.12204156199992,-11.85851872999997,0 -77.12293496999995,-11.85895487899993,0 -77.12427011499994,-11.8595594239999,0 -77.12546714799998,-11.8601017359999,0 -77.12671937699996,-11.86066170199995,0 -77.127971679,-11.86123069999997,0 -77.12855076499993,-11.86136190899997,0 -77.12926719699993,-11.86145593199996,0 -77.12937148999997,-11.86188895699996,0 -77.12926839999994,-11.86279350499995,0 -77.12904176599993,-11.86433162399993,0 -77.12885862299999,-11.86556213299997,0 -77.12864977699996,-11.86702781599996,0 -77.12848372099994,-11.86809551699997,0 -77.12786442299995,-11.86869666899998,0 -77.12781224499997,-11.86906760799996,0 -77.12763630999994,-11.87004500599993,0 -77.12748628699995,-11.87081434199993,0 -77.12727497999997,-11.87196372399995,0 -77.12704637299997,-11.8732488009999,0 -77.12671802499993,-11.87468827099994,0 -77.12647904699998,-11.87581978599995,0 -77.12638954399995,-11.87729360899993,0 -77.12636174699996,-11.87844160999999,0 -77.12630705399994,-11.87967115199995,0 -77.12626090599997,-11.88081929099995,0 -77.12631002499995,-11.88241859899991,0 -77.12624826299998,-11.88391932599994,0 -77.12622494366218,-11.88474895112979,0 -77.1260634879593,-11.8858253203483,0 -77.12597350499993,-11.8863525429999,0 -77.12595809999992,-11.88673224299991,0 -77.12605317399994,-11.88834024199996,0 -77.12611789768792,-11.89009244677372,0 -77.12633670799994,-11.89176340299994,0 -77.12646400299997,-11.89279274299997,0 -77.12667655399997,-11.89416487499995,0 -77.12682255599996,-11.89523926199996,0 -77.12696820899997,-11.89626846399995,0 -77.12696732299997,-11.89733491999994,0 -77.12712943499997,-11.89811997899994,0 -77.12742940499997,-11.89893110999995,0 -77.12774758899997,-11.89972402799995,0 -77.12813247199995,-11.90083276199991,0 -77.12829061899998,-11.90228663899992,0 -77.12836252099999,-11.90327120599995,0 -77.12842461499997,-11.90417450699993,0 -77.12505722699994,-11.90425413699995,0 -77.12185521999999,-11.90435959499993,0 -77.11931392299992,-11.90564399599999,0 -77.11859197599995,-11.90603804599994,0 -77.11873522999996,-11.90794393499993,0 -77.11932213499993,-11.91143713099996,0 -77.12012077599996,-11.91619401199995,0 -77.12084488199997,-11.91843895599994,0 -77.12197989299995,-11.92159361099993,0 -77.12167262399998,-11.92456933899995,0 -77.12178755599994,-11.92636697999995,0 -77.12045074899999,-11.93031750599994,0 -77.11929826499994,-11.93200720899995,0 -77.11811939499995,-11.93148286199995,0 -77.11756649599992,-11.93119781599993,0 -77.11702299999999,-11.93161399999996,0 
						</coordinates>
					</LineString>
				</MultiGeometry>
			</Placemark>
		</Folder>
	</Document>
	<Document id="LINEA_ELECTRICA_650" xsi:schemaLocation="http://www.opengis.net/kml/2.2 http://schemas.opengis.net/kml/2.2.0/ogckml22.xsd http://www.google.com/kml/ext/2.2 http://code.google.com/apis/kml/schema/kml22gx.xsd">
		<name>LINEA ELECTRICA_650</name>
		<open>1</open>
		<Snippet maxLines="0"></Snippet>
		<Style id="LineStyle301">
			<LabelStyle>
				<color>00000000</color>
				<scale>0</scale>
			</LabelStyle>
			<LineStyle>
				<color>ffe65c00</color>
				<width>2</width>
			</LineStyle>
			<PolyStyle>
				<color>00000000</color>
				<outline>0</outline>
			</PolyStyle>
		</Style>
		<Folder id="FeatureLayer3">
			<name>LINEA ELECTRICA_650</name>
			<open>1</open>
			<Snippet maxLines="0"></Snippet>
			<Placemark id="ID_30000">
				<name>L650</name>
				<Snippet maxLines="0"></Snippet>
				<description><![CDATA[<html xmlns:fo="http://www.w3.org/1999/XSL/Format" xmlns:msxsl="urn:schemas-microsoft-com:xslt">

<head>

<META http-equiv="Content-Type" content="text/html">

<meta http-equiv="content-type" content="text/html; charset=UTF-8">

</head>

<body style="margin:0px 0px 0px 0px;overflow:auto;background:#FFFFFF;">

<table style="font-family:Arial,Verdana,Times;font-size:12px;text-align:left;width:100%;border-collapse:collapse;padding:3px 3px 3px 3px">

<tr style="text-align:center;font-weight:bold;background:#9CBCE2">

<td>L650</td>

</tr>

<tr>

<td>

<table style="font-family:Arial,Verdana,Times;font-size:12px;text-align:left;width:100%;border-spacing:0px; padding:3px 3px 3px 3px">

<tr>

<td>FID</td>

<td>0</td>

</tr>

<tr bgcolor="#D4E4F3">

<td>LINEA</td>

<td>L650</td>

</tr>

<tr>

<td>TIPO</td>

<td>LINEA ELECTRICA AEREA</td>

</tr>

<tr bgcolor="#D4E4F3">

<td>RECORRIDO</td>

<td>SET ZAPALLAL - SET VENTANILLA</td>

</tr>

</table>

</td>

</tr>

</table>

</body>

</html>]]></description>
				<styleUrl>#LineStyle301</styleUrl>
				<MultiGeometry>
					<LineString>
						<tessellate>1</tessellate>
						<coordinates>
							-77.12852199999999,-11.86886199999999,0 -77.12832473599995,-11.86889203299996,0 -77.12815936799996,-11.86886616499993,0 -77.12823850999996,-11.86842272099995,0 -77.12850256299998,-11.86815863899992,0 -77.12864977699996,-11.86702781599996,0 -77.12885862299999,-11.86556213299997,0 -77.12904176599993,-11.86433162399993,0 -77.12926839999994,-11.86279350499995,0 -77.12942632999993,-11.86186143099997,0 -77.12929451199994,-11.86142861299991,0 -77.12855076499993,-11.86136190899997,0 -77.127971679,-11.86123069999997,0 -77.12671937699996,-11.86066170199995,0 -77.12546714799998,-11.8601017359999,0 -77.12427011499994,-11.8595594239999,0 -77.12293496999995,-11.85895487899993,0 -77.12204156199992,-11.85851872999997,0 -77.12164580099994,-11.85717507199992,0 -77.12132491099999,-11.85602064299997,0 -77.12095675399996,-11.85468581299995,0 -77.12057956599993,-11.85336912499994,0 -77.12021141799994,-11.85203429199994,0 -77.11986204299996,-11.85075354399993,0 -77.11954096399994,-11.84957199899998,0 -77.11903499799995,-11.84821108099991,0 -77.11851027199998,-11.84679607399994,0 -77.11833976199995,-11.84610143999992,0 -77.11785083799997,-11.84456867199998,0 -77.11683355199995,-11.84352789199995,0 -77.11582537899993,-11.84247800099994,0 -77.11483590999995,-11.84147315499996,0 -77.11384644899994,-11.84046830299996,0 -77.11286609999996,-11.83945434199996,0 -77.11187658299995,-11.83844044299997,0 -77.11094267599996,-11.83749842899993,0 -77.11127004199993,-11.83711640199992,0 -77.111349,-11.83699299999999,0 
						</coordinates>
					</LineString>
				</MultiGeometry>
			</Placemark>
		</Folder>
	</Document>
	<Document id="LINEA_ELECTRICA_669" xsi:schemaLocation="http://www.opengis.net/kml/2.2 http://schemas.opengis.net/kml/2.2.0/ogckml22.xsd http://www.google.com/kml/ext/2.2 http://code.google.com/apis/kml/schema/kml22gx.xsd">
		<name>LINEA ELECTRICA 669</name>
		<open>1</open>
		<Snippet maxLines="0"></Snippet>
		<Style id="LineStyle203">
			<LabelStyle>
				<color>00000000</color>
				<scale>0</scale>
			</LabelStyle>
			<LineStyle>
				<color>ffff7000</color>
				<width>2</width>
			</LineStyle>
			<PolyStyle>
				<color>00000000</color>
				<outline>0</outline>
			</PolyStyle>
		</Style>
		<Folder id="FeatureLayer2">
			<name>LINEA ELECTRICA AEREA_669</name>
			<open>1</open>
			<Snippet maxLines="0"></Snippet>
			<Placemark id="ID_20000">
				<name>L669</name>
				<Snippet maxLines="0"></Snippet>
				<description><![CDATA[<html xmlns:fo="http://www.w3.org/1999/XSL/Format" xmlns:msxsl="urn:schemas-microsoft-com:xslt">

<head>

<META http-equiv="Content-Type" content="text/html">

<meta http-equiv="content-type" content="text/html; charset=UTF-8">

</head>

<body style="margin:0px 0px 0px 0px;overflow:auto;background:#FFFFFF;">

<table style="font-family:Arial,Verdana,Times;font-size:12px;text-align:left;width:100%;border-collapse:collapse;padding:3px 3px 3px 3px">

<tr style="text-align:center;font-weight:bold;background:#9CBCE2">

<td>L669</td>

</tr>

<tr>

<td>

<table style="font-family:Arial,Verdana,Times;font-size:12px;text-align:left;width:100%;border-spacing:0px; padding:3px 3px 3px 3px">

<tr>

<td>FID</td>

<td>0</td>

</tr>

<tr bgcolor="#D4E4F3">

<td>LINEA</td>

<td>L669</td>

</tr>

<tr>

<td>TIPO</td>

<td>LINEA  ELECTRICA AEREA</td>

</tr>

<tr bgcolor="#D4E4F3">

<td>RECORRIDO</td>

<td>SET ZAPALLAL - SET CHANCAY</td>

</tr>

</table>

</td>

</tr>

</table>

</body>

</html>]]></description>
				<styleUrl>#LineStyle203</styleUrl>
				<MultiGeometry>
					<LineString>
						<tessellate>1</tessellate>
						<coordinates>
							-77.25964799999998,-11.58318399999999,0 -77.25747032199996,-11.58571652999994,0 -77.25705728099996,-11.58678613799998,0 -77.25632270099999,-11.58890656599994,0 -77.25558099999995,-11.59075199999995,0 -77.25481728899996,-11.59320192699992,0 -77.25339199999998,-11.59436100000001,0 -77.25172215999999,-11.59586491399994,0 -77.25058420399994,-11.5968407579999,0 -77.24827085999993,-11.59755463299996,0 -77.24637818499995,-11.59814773599993,0 -77.24528790599997,-11.59935816099994,0 -77.24428999899999,-11.60065823799994,0 -77.24326444099995,-11.60194045399994,0 -77.24222075899993,-11.60324991999994,0 -77.24066932799995,-11.60525919099995,0 -77.23802934699994,-11.60755705399991,0 -77.23619234399996,-11.60939681599994,0 -77.23559011399993,-11.60974489799995,0 -77.23412942599995,-11.61049726399995,0 -77.23233982299995,-11.61138772799994,0 -77.23066,-11.612226,0 -77.22919400000001,-11.61296299999999,0 -77.22723568499997,-11.61392146199996,0 -77.22656897899996,-11.61423387599995,0 -77.22520856599994,-11.61492216999993,0 -77.22320900199996,-11.61593169199994,0 -77.22123684899996,-11.61693195299993,0 -77.21763001499994,-11.61872198999993,0 -77.21631499999999,-11.61932699999999,0 -77.21440103299993,-11.62077117199994,0 -77.21277842599994,-11.62193137499996,0 -77.21130190299992,-11.62301815199991,0 -77.20988001199999,-11.62405931799996,0 -77.20836800799997,-11.62529999099997,0 -77.20797209599993,-11.62740874199992,0 -77.20773009599996,-11.62927230299991,0 -77.20741746499993,-11.63147982699997,0 -77.20718899999999,-11.63294999999999,0 -77.20688890599996,-11.63536996499992,0 -77.20661308199999,-11.63759528199996,0 -77.20526095499996,-11.63819307199998,0 -77.20420731599995,-11.64060509399996,0 -77.20346165499994,-11.64254481199993,0 -77.20250840699998,-11.64490183999993,0 -77.20197272799999,-11.64673150099997,0 -77.201207,-11.64933799999998,0 -77.20059875999992,-11.65154993099996,0 -77.19987309999993,-11.65370639299993,0 -77.19802900000001,-11.65688799999998,0 -77.19769478199999,-11.65768145199996,0 -77.19632533899994,-11.65842394999991,0 -77.19461801899996,-11.65934073499995,0 -77.19312055899996,-11.66012938599992,0 -77.19145870199995,-11.66100062099998,0 -77.18895690299995,-11.66233012099997,0 -77.18742294699997,-11.66314613799995,0 -77.18551456699998,-11.66415478399994,0 -77.18395336599997,-11.66500714299996,0 -77.18374732399995,-11.66679813899997,0 -77.18355059099996,-11.66860713999994,0 -77.18339743699993,-11.67012660899996,0 -77.18312426799996,-11.67271341899993,0 -77.18297097299994,-11.67421481399998,0 -77.18279222199999,-11.67597849099996,0 -77.18260465599997,-11.67778742299994,0 -77.18241715999994,-11.67960539099994,0 -77.18222980599997,-11.68144143399995,0 -77.18204237999997,-11.68326843999994,0 -77.18182765999995,-11.68512276699995,0 -77.18124539899996,-11.68688047499995,0 -77.18064458199996,-11.68861121199996,0 -77.18003480199997,-11.69036912999995,0 -77.17940699999997,-11.69212999999994,0 -77.17848331399993,-11.69482739199998,0 -77.17800801399994,-11.69619567199991,0 -77.17734467699994,-11.69814378499994,0 -77.17680400000002,-11.69963199999999,0 -77.17646571599994,-11.70066289999994,0 -77.17613259199999,-11.70145169799997,0 -77.17532266199999,-11.70341899799996,0 -77.17464772499993,-11.70505991999993,0 -77.17410299999999,-11.706387,0 -77.17353200000001,-11.707713,0 -77.17278199999998,-11.70939800000001,0 -77.17209864799997,-11.71096271999994,0 -77.17168403199997,-11.71188769799994,0 -77.17075575899996,-11.71397338099995,0 -77.17020584299996,-11.71518858599996,0 -77.16945672099996,-11.71673065399994,0 -77.16860855399995,-11.71850844999994,0 -77.16794970899997,-11.71986908099996,0 -77.16739017999998,-11.72103013199993,0 -77.16637015099995,-11.72311650499994,0 -77.16570299999998,-11.724487,0 -77.16479056099996,-11.72636392699995,0 -77.16412237199997,-11.72770654999994,0 -77.16313299799998,-11.72902448999996,0 -77.16166130299996,-11.73082506999999,0 -77.16081765199992,-11.73201537799997,0 -77.15975579699993,-11.73345134799996,0 -77.15875800000002,-11.73471700000001,0 -77.15753265199999,-11.73651382399993,0 -77.15610793299999,-11.73846767299994,0 -77.15496447599998,-11.74003077699995,0 -77.15366678399994,-11.74181194499994,0 -77.15191522099997,-11.74420205299997,0 -77.15075372799998,-11.74581047199996,0 -77.14990977999997,-11.74697364999995,0 -77.14964647799995,-11.74731906499995,0 -77.15017808599998,-11.74963774199992,0 -77.15068141999996,-11.75185721499997,0 -77.15104099999998,-11.75369,0 -77.15140499999998,-11.75523699999998,0 -77.15182699999998,-11.756886,0 -77.152244,-11.75889400000001,0 -77.15264753499997,-11.76054564799993,0 -77.15295916099994,-11.76287500799999,0 -77.15317246899997,-11.76435557099995,0 -77.15386229199997,-11.76577830599995,0 -77.15422299299995,-11.76733909199991,0 -77.15465064799996,-11.76925183699995,0 -77.15508797499994,-11.77122777099992,0 -77.15554393699995,-11.77323971299993,0 -77.15598128199997,-11.77521564199998,0 -77.15641849499997,-11.77717349599993,0 -77.15685585799996,-11.77914942199993,0 -77.15728405699996,-11.78112541499996,0 -77.15594545699997,-11.78238274699993,0 -77.15464374699995,-11.78366690799993,0 -77.15332367899997,-11.78495120399999,0 -77.15204932099994,-11.78621707499994,0 -77.15093130699994,-11.78753598599997,0 -77.14956421499993,-11.78867602299994,0 -77.14838077499995,-11.78984178199992,0 -77.14714242999996,-11.79102602699992,0 -77.14606855199997,-11.7921276889999,0 -77.14485629999994,-11.79313097699997,0 -77.143809,-11.79425399999998,0 -77.14254528199993,-11.79557953299997,0 -77.14161499999999,-11.796571,0 -77.14029745299996,-11.79790107299994,0 -77.138974,-11.79900699999999,0 -77.13789336399998,-11.80018762599996,0 -77.13672803199992,-11.80133513999992,0 -77.13551731399997,-11.80254625599997,0 -77.13429369399995,-11.80446240799995,0 -77.13368656999995,-11.80543400399993,0 -77.13300647499993,-11.80646037399992,0 -77.13189199499998,-11.80825821099996,0 -77.13055099999998,-11.81038600000001,0 -77.12976264699995,-11.81169045099995,0 -77.12910275699994,-11.81296068399996,0 -77.12795861499995,-11.81448760299998,0 -77.12676172199996,-11.81631315999994,0 -77.12504909299996,-11.81907346599995,0 -77.12553693899997,-11.82047066699992,0 -77.12588418199992,-11.82148029499996,0 -77.12469300899994,-11.82286295699993,0 -77.12352878699994,-11.82417311199992,0 -77.12238283399992,-11.82547408899996,0 -77.12127314799993,-11.82672056499995,0 -77.12009082499998,-11.82806699699994,0 -77.11898903999997,-11.82915072799994,0 -77.11807726099994,-11.82988960099993,0 -77.11656359499995,-11.83110293099997,0 -77.11515020599994,-11.83223416599998,0 -77.11372763199995,-11.83336546499992,0 -77.11267153299997,-11.83443076199993,0 -77.11167895199996,-11.83540520599996,0 -77.11063875899998,-11.83615405499995,0 -77.11107286999997,-11.83653041099996,0 -77.111349,-11.83699299999999,0 
						</coordinates>
					</LineString>
				</MultiGeometry>
			</Placemark>
		</Folder>
	</Document>
	<Document id="LINEA_ELECTRICA_685" xsi:schemaLocation="http://www.opengis.net/kml/2.2 http://schemas.opengis.net/kml/2.2.0/ogckml22.xsd http://www.google.com/kml/ext/2.2 http://code.google.com/apis/kml/schema/kml22gx.xsd">
		<name>LINEA ELECTRICA 685</name>
		<open>1</open>
		<Snippet maxLines="0"></Snippet>
		<Style id="LineStyle204">
			<LabelStyle>
				<color>00000000</color>
				<scale>0</scale>
			</LabelStyle>
			<LineStyle>
				<color>ffe65c00</color>
				<width>2</width>
			</LineStyle>
			<PolyStyle>
				<color>00000000</color>
				<outline>0</outline>
			</PolyStyle>
		</Style>
		<Folder id="FeatureLayer2">
			<name>LINEA ELECTRICA AEREA</name>
			<open>1</open>
			<Snippet maxLines="0"></Snippet>
			<Placemark id="ID_20000">
				<name>L685</name>
				<Snippet maxLines="0"></Snippet>
				<description><![CDATA[<html xmlns:fo="http://www.w3.org/1999/XSL/Format" xmlns:msxsl="urn:schemas-microsoft-com:xslt">

<head>

<META http-equiv="Content-Type" content="text/html">

<meta http-equiv="content-type" content="text/html; charset=UTF-8">

</head>

<body style="margin:0px 0px 0px 0px;overflow:auto;background:#FFFFFF;">

<table style="font-family:Arial,Verdana,Times;font-size:12px;text-align:left;width:100%;border-collapse:collapse;padding:3px 3px 3px 3px">

<tr style="text-align:center;font-weight:bold;background:#9CBCE2">

<td>L685</td>

</tr>

<tr>

<td>

<table style="font-family:Arial,Verdana,Times;font-size:12px;text-align:left;width:100%;border-spacing:0px; padding:3px 3px 3px 3px">

<tr>

<td>FID</td>

<td>0</td>

</tr>

<tr bgcolor="#D4E4F3">

<td>Id</td>

<td>0</td>

</tr>

<tr>

<td>LINEA</td>

<td>L685</td>

</tr>

<tr bgcolor="#D4E4F3">

<td>TIPO</td>

<td>LINEA ELECTRICA AEREA</td>

</tr>

<tr>

<td>RECORRIDO</td>

<td>SET HUACHO - SET HUACHO-REP</td>

</tr>

</table>

</td>

</tr>

</table>

</body>

</html>]]></description>
				<styleUrl>#LineStyle204</styleUrl>
				<MultiGeometry>
					<LineString>
						<tessellate>1</tessellate>
						<coordinates>
							-77.60856699999998,-11.096897,0 -77.60865554099995,-11.09675523199996,0 -77.60847042999994,-11.09651288399993,0 -77.60773022899996,-11.09557059499993,0 -77.60801799999999,-11.09410599999998,0 -77.60825199999998,-11.092917,0 -77.60844919099996,-11.09205870699999,0 -77.60860502099996,-11.09106348399997,0 -77.60791555199995,-11.08965092199998,0 -77.60634099999999,-11.08887299999998,0 -77.60505800299994,-11.08822999699989,0 -77.60493116799994,-11.08733660499993,0 -77.60471800000001,-11.08588300000001,0 -77.60354439799994,-11.08568609899993,0 -77.601677,-11.08535099999999,0 -77.59976593499994,-11.08459833099994,0 -77.59919115899999,-11.08373589999995,0 -77.59889986199994,-11.08286198799993,0 -77.59865430099995,-11.08198768099992,0 -77.59817099999998,-11.080712,0 -77.59732494499997,-11.08061673299991,0 -77.597098,-11.08184899999996,0 -77.59688960999995,-11.08311422399992,0 -77.59682893099995,-11.08349422899992,0 -77.59601046599994,-11.0830043349999,0 -77.59534699999999,-11.08249699999999,0 -77.59401299099994,-11.08159394399996,0 -77.59317900000001,-11.079734,0 -77.59245465199996,-11.07811067099993,0 -77.59192262299996,-11.07690450799993,0 -77.59016444999996,-11.07669372299995,0 -77.58880905499994,-11.07651561399994,0 -77.58705399999999,-11.076293,0 -77.58558778999998,-11.07636252799993,0 -77.583656,-11.076469,0 -77.58213299999998,-11.07653999999998,0 -77.58081504199998,-11.07662023899994,0 -77.57956000000001,-11.076683,0 -77.57853842099996,-11.07674812899996,0 -77.57662500000001,-11.07685299999996,0 -77.57451457599996,-11.07687284499998,0 -77.57320397499996,-11.07763396899997,0 -77.57144721699994,-11.07863381299995,0 -77.56990902699994,-11.07952336199994,0 -77.568093,-11.080555,0 -77.566433,-11.08150400000001,0 -77.56466,-11.082536,0 -77.563366,-11.08416,0 -77.56108999999998,-11.084582,0 -77.55832100000001,-11.08615200000001,0 -77.55639195199996,-11.08727327199995,0 -77.55407989699994,-11.08860302899995,0 -77.552353,-11.089594,0 -77.55034770599997,-11.09073992699996,0 -77.54821699999999,-11.091957,0 -77.545903,-11.092839,0 -77.54435299999999,-11.09342599999997,0 -77.54232708899995,-11.09418703099993,0 -77.54012960099999,-11.09502781299994,0 -77.53813399999999,-11.095785,0 -77.5361,-11.09655899999996,0 -77.534871,-11.097708,0 -77.53345599999999,-11.099059,0 -77.532365,-11.10009300000001,0 -77.53050025499994,-11.10185854099994,0 -77.528746,-11.10352100000001,0 -77.52573577899994,-11.10634413899994,0 -77.52215120099997,-11.10974454499994,0 -77.52010927899994,-11.11167724199993,0 -77.51812175499998,-11.11355526099993,0 -77.51708727999994,-11.11454882299991,0 -77.51704293299997,-11.11471183799996,0 -77.51644199999997,-11.11461899999998,0 
						</coordinates>
					</LineString>
				</MultiGeometry>
			</Placemark>
		</Folder>
	</Document>
	<Document id="LINEA_ELECTRICA__617" xsi:schemaLocation="http://www.opengis.net/kml/2.2 http://schemas.opengis.net/kml/2.2.0/ogckml22.xsd http://www.google.com/kml/ext/2.2 http://code.google.com/apis/kml/schema/kml22gx.xsd">
		<name>LINEA ELECTRICA _617</name>
		<open>1</open>
		<Snippet maxLines="0"></Snippet>
		<Style id="LineStyle205">
			<LabelStyle>
				<color>00000000</color>
				<scale>0</scale>
			</LabelStyle>
			<LineStyle>
				<color>ffe65c00</color>
				<width>1.7</width>
			</LineStyle>
			<PolyStyle>
				<color>00000000</color>
				<outline>0</outline>
			</PolyStyle>
		</Style>
		<Folder id="FeatureLayer2">
			<name>LINEA ELECTRICA  AEREA_617</name>
			<open>1</open>
			<Snippet maxLines="0"></Snippet>
			<Placemark id="ID_20000">
				<name>L617</name>
				<Snippet maxLines="0"></Snippet>
				<description><![CDATA[<html xmlns:fo="http://www.w3.org/1999/XSL/Format" xmlns:msxsl="urn:schemas-microsoft-com:xslt">

<head>

<META http-equiv="Content-Type" content="text/html">

<meta http-equiv="content-type" content="text/html; charset=UTF-8">

</head>

<body style="margin:0px 0px 0px 0px;overflow:auto;background:#FFFFFF;">

<table style="font-family:Arial,Verdana,Times;font-size:12px;text-align:left;width:100%;border-collapse:collapse;padding:3px 3px 3px 3px">

<tr style="text-align:center;font-weight:bold;background:#9CBCE2">

<td>L617</td>

</tr>

<tr>

<td>

<table style="font-family:Arial,Verdana,Times;font-size:12px;text-align:left;width:100%;border-spacing:0px; padding:3px 3px 3px 3px">

<tr>

<td>FID</td>

<td>0</td>

</tr>

<tr bgcolor="#D4E4F3">

<td>LINEA</td>

<td>L617</td>

</tr>

<tr>

<td>TIPO</td>

<td>LINEA ELECTRICA AEREA</td>

</tr>

<tr bgcolor="#D4E4F3">

<td>RECORRIDO</td>

<td>SET CHAVARRIA - SET T-VALLE</td>

</tr>

</table>

</td>

</tr>

</table>

</body>

</html>]]></description>
				<styleUrl>#LineStyle205</styleUrl>
				<MultiGeometry>
					<LineString>
						<tessellate>1</tessellate>
						<coordinates>
							-77.09748,-12.014469,0 -77.09699649299993,-12.01425593599991,0 -77.09772919199996,-12.01284053999994,0 -77.09838865299997,-12.01145280599994,0 -77.09906660799999,-12.01008300899994,0 -77.09976256699996,-12.00866788599995,0 -77.10045830999996,-12.00722565199992,0 -77.09933412199995,-12.00669182499996,0 -77.09922893999999,-12.00615034699997,0 -77.09988473207606,-12.00474607092346,0 -77.10049364699995,-12.00349277699992,0 -77.10111698699994,-12.00218665299996,0 -77.10171348299995,-12.00097110799993,0 -77.10239988199997,-11.99951086699996,0 -77.10164587099996,-11.99816990099993,0 -77.10084568899997,-11.99679312599992,0 -77.10009190399994,-11.99547926399991,0 -77.09932887799994,-11.99415642999997,0 -77.09854743099997,-11.99282469299992,0 -77.09777517199996,-11.99149288399994,0 -77.09729133099994,-11.99065599099991,0 -77.09715981299995,-11.99026834999995,0 -77.09688456299995,-11.99028848699991,0 -77.09558684099993,-11.99104834199991,0 -77.09423389399994,-11.99179052899996,0 -77.09258857899994,-11.99271565299992,0 -77.09084276199997,-11.99370478499997,0 -77.08933518999999,-11.99463790299996,0 -77.08764651199992,-11.99589772799993,0 -77.08675223299997,-11.99660031299993,0 -77.08491311799995,-11.99620731499992,0 -77.08449582899993,-11.99805415099996,0 -77.08395677799996,-11.99839256799992,0 -77.08189585099994,-11.99900440899995,0 -77.08053398499997,-11.99979179799991,0 -77.07944328699995,-12.00002585399994,0 -77.07690496499998,-12.00064120899995,0 -77.07364926099996,-12.00109014099993,0 -77.07226332499992,-11.99993451399997,0 -77.06858085499994,-11.99859702999992,0 -77.06679784499993,-11.99833906499998,0 -77.06655087699993,-11.99845838299995,0 -77.06569299999997,-11.99836599999996,0 
						</coordinates>
					</LineString>
				</MultiGeometry>
			</Placemark>
		</Folder>
	</Document>
	<Document id="LINEA_ELECTRICA_2213" xsi:schemaLocation="http://www.opengis.net/kml/2.2 http://schemas.opengis.net/kml/2.2.0/ogckml22.xsd http://www.google.com/kml/ext/2.2 http://code.google.com/apis/kml/schema/kml22gx.xsd">
		<name>LINEA ELECTRICA 2213</name>
		<open>1</open>
		<Snippet maxLines="0"></Snippet>
		<StyleMap id="msn_ylw-pushpin">
			<Pair>
				<key>normal</key>
				<styleUrl>#sn_ylw-pushpin</styleUrl>
			</Pair>
			<Pair>
				<key>highlight</key>
				<styleUrl>#sh_ylw-pushpin</styleUrl>
			</Pair>
		</StyleMap>
		<Style id="sh_ylw-pushpin">
			<IconStyle>
				<scale>1.3</scale>
				<Icon>
					<href>http://maps.google.com/mapfiles/kml/pushpin/ylw-pushpin.png</href>
				</Icon>
				<hotSpot x="20" y="2" xunits="pixels" yunits="pixels"/>
			</IconStyle>
			<LineStyle>
				<color>ffe65c00</color>
				<width>1.5</width>
			</LineStyle>
		</Style>
		<Style id="sn_ylw-pushpin">
			<IconStyle>
				<scale>1.1</scale>
				<Icon>
					<href>http://maps.google.com/mapfiles/kml/pushpin/ylw-pushpin.png</href>
				</Icon>
				<hotSpot x="20" y="2" xunits="pixels" yunits="pixels"/>
			</IconStyle>
			<LineStyle>
				<color>ffe65c00</color>
				<width>1.5</width>
			</LineStyle>
		</Style>
		<Folder id="FeatureLayer3">
			<name>LINEA ELECTRICA 2213</name>
			<open>1</open>
			<Snippet maxLines="0"></Snippet>
			<Placemark>
				<name>L2213</name>
				<styleUrl>#msn_ylw-pushpin</styleUrl>
				<LineString>
					<tessellate>1</tessellate>
					<coordinates>
						-77.62898384533287,-10.87925098495807,0 -77.62883680896167,-10.87949838867463,0 -77.6294896425872,-10.88143872525128,0 -77.63012242295517,-10.88457351150584,0 -77.63068678601977,-10.88767598147906,0 -77.63128128742341,-10.89076949493088,0 -77.63179982872572,-10.89362296526684,0 -77.63197432794217,-10.8944956136243,0 -77.6320660533418,-10.89510314916241,0 
					</coordinates>
				</LineString>
			</Placemark>
		</Folder>
	</Document>
	<Document id="LINEA_ELECTRICA_701" xsi:schemaLocation="http://www.opengis.net/kml/2.2 http://schemas.opengis.net/kml/2.2.0/ogckml22.xsd http://www.google.com/kml/ext/2.2 http://code.google.com/apis/kml/schema/kml22gx.xsd">
		<name>LINEA ELECTRICA 701</name>
		<open>1</open>
		<Snippet maxLines="0"></Snippet>
		<Style id="LineStyle207">
			<LabelStyle>
				<color>00000000</color>
				<scale>0</scale>
			</LabelStyle>
			<LineStyle>
				<color>ffe65c00</color>
				<width>2</width>
			</LineStyle>
			<PolyStyle>
				<color>00000000</color>
				<outline>0</outline>
			</PolyStyle>
		</Style>
		<Folder id="FeatureLayer2">
			<name>LINEA ELECTRICA AEREA 701</name>
			<open>1</open>
			<Snippet maxLines="0"></Snippet>
			<Placemark id="ID_20000">
				<name>L701</name>
				<Snippet maxLines="0"></Snippet>
				<description><![CDATA[<html xmlns:fo="http://www.w3.org/1999/XSL/Format" xmlns:msxsl="urn:schemas-microsoft-com:xslt">

<head>

<META http-equiv="Content-Type" content="text/html">

<meta http-equiv="content-type" content="text/html; charset=UTF-8">

</head>

<body style="margin:0px 0px 0px 0px;overflow:auto;background:#FFFFFF;">

<table style="font-family:Arial,Verdana,Times;font-size:12px;text-align:left;width:100%;border-collapse:collapse;padding:3px 3px 3px 3px">

<tr style="text-align:center;font-weight:bold;background:#9CBCE2">

<td>L701</td>

</tr>

<tr>

<td>

<table style="font-family:Arial,Verdana,Times;font-size:12px;text-align:left;width:100%;border-spacing:0px; padding:3px 3px 3px 3px">

<tr>

<td>FID</td>

<td>0</td>

</tr>

<tr bgcolor="#D4E4F3">

<td>Id</td>

<td>0</td>

</tr>

<tr>

<td>LINEA</td>

<td>L701</td>

</tr>

<tr bgcolor="#D4E4F3">

<td>TIPO</td>

<td>LINEA ELECTRICA AEREA</td>

</tr>

<tr>

<td>RECORRIDO</td>

<td>SET STA. ROSA_A - STA. ROSA.N</td>

</tr>

</table>

</td>

</tr>

</table>

</body>

</html>]]></description>
				<styleUrl>#LineStyle207</styleUrl>
				<MultiGeometry>
					<LineString>
						<tessellate>1</tessellate>
						<coordinates>
							-77.01082100000001,-12.041224,0 -77.010689,-12.04105200000001,0 -77.010943,-12.040818,0 -77.011347,-12.04032300000001,0 -77.01105099999999,-12.040194,0 -77.011208,-12.03960399999999,0 
						</coordinates>
					</LineString>
				</MultiGeometry>
			</Placemark>
		</Folder>
	</Document>
	<Document id="LINEA_ELECTRICA_699" xsi:schemaLocation="http://www.opengis.net/kml/2.2 http://schemas.opengis.net/kml/2.2.0/ogckml22.xsd http://www.google.com/kml/ext/2.2 http://code.google.com/apis/kml/schema/kml22gx.xsd">
		<name>LINEA ELECTRICA 699</name>
		<open>1</open>
		<Snippet maxLines="0"></Snippet>
		<Style id="LineStyle208">
			<LabelStyle>
				<color>00000000</color>
				<scale>0</scale>
			</LabelStyle>
			<LineStyle>
				<color>ffff7000</color>
				<width>2</width>
			</LineStyle>
			<PolyStyle>
				<color>00000000</color>
				<outline>0</outline>
			</PolyStyle>
		</Style>
		<Folder id="FeatureLayer2">
			<name>LINEA ELECTRICA AEREA 699</name>
			<open>1</open>
			<Snippet maxLines="0"></Snippet>
			<Placemark id="ID_20000">
				<name>L699</name>
				<Snippet maxLines="0"></Snippet>
				<description><![CDATA[<html xmlns:fo="http://www.w3.org/1999/XSL/Format" xmlns:msxsl="urn:schemas-microsoft-com:xslt">

<head>

<META http-equiv="Content-Type" content="text/html">

<meta http-equiv="content-type" content="text/html; charset=UTF-8">

</head>

<body style="margin:0px 0px 0px 0px;overflow:auto;background:#FFFFFF;">

<table style="font-family:Arial,Verdana,Times;font-size:12px;text-align:left;width:100%;border-collapse:collapse;padding:3px 3px 3px 3px">

<tr style="text-align:center;font-weight:bold;background:#9CBCE2">

<td>L699</td>

</tr>

<tr>

<td>

<table style="font-family:Arial,Verdana,Times;font-size:12px;text-align:left;width:100%;border-spacing:0px; padding:3px 3px 3px 3px">

<tr>

<td>FID</td>

<td>0</td>

</tr>

<tr bgcolor="#D4E4F3">

<td>Id</td>

<td>0</td>

</tr>

<tr>

<td>LINEA</td>

<td>L699</td>

</tr>

<tr bgcolor="#D4E4F3">

<td>TIPO</td>

<td>LINEA ELECRICA AEREA</td>

</tr>

<tr>

<td>RECORRIDO</td>

<td>SET OQUENDO - T-VALLE</td>

</tr>

</table>

</td>

</tr>

</table>

</body>

</html>]]></description>
				<styleUrl>#LineStyle208</styleUrl>
				<MultiGeometry>
					<LineString>
						<tessellate>1</tessellate>
						<coordinates>
							-77.125721,-11.977243,0 -77.12534250770339,-11.9772796355882,0 -77.1254008488657,-11.97910814373829,0 -77.1254778282286,-11.9809140108805,0 -77.1255548107018,-11.9827198776086,0 -77.1256490601464,-11.984526544448,0 -77.1257482369774,-11.9863292479396,0 -77.12584974261659,-11.9880975931515,0 -77.1251493406624,-11.98864813719331,0 -77.12333825091891,-11.98830778492671,0 -77.12159634418531,-11.98797371351241,0 -77.1198380851864,-11.98764321225861,0 -77.1181249120871,-11.98732117405989,0 -77.116417909815,-11.987006916098,0 -77.1158590358897,-11.9875434971651,0 -77.1143384140847,-11.98778479017591,0 -77.1126105088573,-11.9880184619535,0 -77.1109409964816,-11.98824856193671,0 -77.10920276427581,-11.98846163715231,0 -77.1074750989998,-11.98874692224331,0 -77.10574717453279,-11.9889805536491,0 -77.10453267699251,-11.98921546392691,0 -77.1030933272453,-11.9894397022068,0 -77.10183562178,-11.98960973628011,0 -77.1007571418719,-11.98975553562429,0 -77.0992561628444,-11.9899644619072,0 -77.0979941098126,-11.9901347849839,0 -77.0971550491239,-11.9902711091789,0 -77.0972718362484,-11.99070281324361,0 -77.09778459357879,-11.99156760227171,0 -77.0985708435027,-11.9928936331792,0 -77.09935753811121,-11.99422039829369,0 -77.1001442783506,-11.9955472209684,0 -77.1009309675084,-11.99687394105719,0 -77.10171643315741,-11.9982005456727,0 -77.1025184059405,-11.9995142064311,0 -77.1017800009444,-12.00098913730119,0 -77.10117600397299,-12.0022078021801,0 -77.100531913986,-12.0035073503951,0 -77.0998878188376,-12.00480689765389,0 -77.09924315796751,-12.0061075749168,0 -77.09940344492649,-12.00663337861629,0 -77.1005467482095,-12.0071971352325,0 -77.0997833763474,-12.00871677765129,0 -77.09907890936741,-12.0101381621908,0 -77.0983945638733,-12.01151893510011,0 -77.0977303735373,-12.0128590295336,0 -77.0970123085677,-12.01434902979229,0 -77.09748,-12.014469,0 
						</coordinates>
					</LineString>
				</MultiGeometry>
			</Placemark>
		</Folder>
	</Document>
	<Document id="LINEA_ELECTRICA_698" xsi:schemaLocation="http://www.opengis.net/kml/2.2 http://schemas.opengis.net/kml/2.2.0/ogckml22.xsd http://www.google.com/kml/ext/2.2 http://code.google.com/apis/kml/schema/kml22gx.xsd">
		<name>LINEA ELECTRICA 698</name>
		<open>1</open>
		<Snippet maxLines="0"></Snippet>
		<Style id="LineStyle209">
			<LabelStyle>
				<color>00000000</color>
				<scale>0</scale>
			</LabelStyle>
			<LineStyle>
				<color>ffe65c00</color>
				<width>2</width>
			</LineStyle>
			<PolyStyle>
				<color>00000000</color>
				<outline>0</outline>
			</PolyStyle>
		</Style>
		<Folder id="FeatureLayer2">
			<name>LINEA ELECTRICA AEREA 698</name>
			<open>1</open>
			<Snippet maxLines="0"></Snippet>
			<Placemark id="ID_20000">
				<name>L698</name>
				<Snippet maxLines="0"></Snippet>
				<description><![CDATA[<html xmlns:fo="http://www.w3.org/1999/XSL/Format" xmlns:msxsl="urn:schemas-microsoft-com:xslt">

<head>

<META http-equiv="Content-Type" content="text/html">

<meta http-equiv="content-type" content="text/html; charset=UTF-8">

</head>

<body style="margin:0px 0px 0px 0px;overflow:auto;background:#FFFFFF;">

<table style="font-family:Arial,Verdana,Times;font-size:12px;text-align:left;width:100%;border-collapse:collapse;padding:3px 3px 3px 3px">

<tr style="text-align:center;font-weight:bold;background:#9CBCE2">

<td>L698</td>

</tr>

<tr>

<td>

<table style="font-family:Arial,Verdana,Times;font-size:12px;text-align:left;width:100%;border-spacing:0px; padding:3px 3px 3px 3px">

<tr>

<td>FID</td>

<td>0</td>

</tr>

<tr bgcolor="#D4E4F3">

<td>Id</td>

<td>0</td>

</tr>

<tr>

<td>LINEA</td>

<td>L698</td>

</tr>

<tr bgcolor="#D4E4F3">

<td>TIPO</td>

<td>LINEA ELECTRICA AEREA</td>

</tr>

<tr>

<td>RECORRIDO</td>

<td>SET CHAVARRIA - SET NARANJAL</td>

</tr>

</table>

</td>

</tr>

</table>

</body>

</html>]]></description>
				<styleUrl>#LineStyle209</styleUrl>
				<MultiGeometry>
					<LineString>
						<tessellate>1</tessellate>
						<coordinates>
							-77.062999,-11.970119,0 -77.06317708317,-11.9697595714299,0 -77.06488971077999,-11.97003274925611,0 -77.06656603776,-11.97030012809429,0 -77.06729798588,-11.9703658633126,0 -77.06708872876,-11.97203411471439,0 -77.06691086999,-11.9734234261388,0 -77.06665817784,-11.9749855262525,0 -77.0664606518,-11.97699724212981,0 -77.06626854261,-11.9781487400963,0 -77.065861104757,-11.979925178509,0 -77.06568987502,-11.9813611947773,0 -77.06538734326,-11.9829509015659,0 -77.06513249495001,-11.9846976514127,0 -77.06492657989,-11.98606795439559,0 -77.0647065055,-11.98762251912489,0 -77.06441998846999,-11.9894673494139,0 -77.06420100397,-11.9908165360187,0 -77.06397961035,-11.9922574703076,0 -77.06378824223,-11.99344323315329,0 -77.06361193015999,-11.9945419633483,0 -77.06342825871999,-11.9956864966225,0 -77.06441928588001,-11.99587571587569,0 -77.06457068541999,-11.9961547153765,0 -77.06499632633999,-11.99649888994251,0 -77.06545508368001,-11.9969515415973,0 -77.06606968233,-11.9963931304197,0 -77.06691333895,-11.9973085422434,0 -77.06713572603,-11.9980919080912,0 -77.06666265427999,-11.9983701052184,0 -77.065693,-11.99836599999999,0 
						</coordinates>
					</LineString>
				</MultiGeometry>
			</Placemark>
		</Folder>
	</Document>
	<Document id="LINEA_ELECTRICA_697" xsi:schemaLocation="http://www.opengis.net/kml/2.2 http://schemas.opengis.net/kml/2.2.0/ogckml22.xsd http://www.google.com/kml/ext/2.2 http://code.google.com/apis/kml/schema/kml22gx.xsd">
		<name>LINEA ELECTRICA 697</name>
		<open>1</open>
		<Snippet maxLines="0"></Snippet>
		<Style id="LineStyle2010">
			<LabelStyle>
				<color>00000000</color>
				<scale>0</scale>
			</LabelStyle>
			<LineStyle>
				<color>ffe65c00</color>
				<width>2</width>
			</LineStyle>
			<PolyStyle>
				<color>00000000</color>
				<outline>0</outline>
			</PolyStyle>
		</Style>
		<Folder id="FeatureLayer2">
			<name>LINEA ELECTRICA  AEREA</name>
			<Snippet maxLines="0"></Snippet>
			<Placemark id="ID_20000">
				<name>L697</name>
				<Snippet maxLines="0"></Snippet>
				<description><![CDATA[<html xmlns:fo="http://www.w3.org/1999/XSL/Format" xmlns:msxsl="urn:schemas-microsoft-com:xslt">

<head>

<META http-equiv="Content-Type" content="text/html">

<meta http-equiv="content-type" content="text/html; charset=UTF-8">

</head>

<body style="margin:0px 0px 0px 0px;overflow:auto;background:#FFFFFF;">

<table style="font-family:Arial,Verdana,Times;font-size:12px;text-align:left;width:100%;border-collapse:collapse;padding:3px 3px 3px 3px">

<tr style="text-align:center;font-weight:bold;background:#9CBCE2">

<td>L697</td>

</tr>

<tr>

<td>

<table style="font-family:Arial,Verdana,Times;font-size:12px;text-align:left;width:100%;border-spacing:0px; padding:3px 3px 3px 3px">

<tr>

<td>FID</td>

<td>0</td>

</tr>

<tr bgcolor="#D4E4F3">

<td>Id</td>

<td>0</td>

</tr>

<tr>

<td>LINEA</td>

<td>L697</td>

</tr>

<tr bgcolor="#D4E4F3">

<td>TIPO</td>

<td>LINEA ELECTRICA AEREA</td>

</tr>

<tr>

<td>RECORRIDO</td>

<td>SET CHAVARRIA - SET INFANTAS</td>

</tr>

</table>

</td>

</tr>

</table>

</body>

</html>]]></description>
				<styleUrl>#LineStyle2010</styleUrl>
				<MultiGeometry>
					<LineString>
						<tessellate>1</tessellate>
						<coordinates>
							-77.0656,-11.945548,0 -77.065772372194,-11.94530647011901,0 -77.06666607565001,-11.94531714115259,0 -77.06675244015,-11.9446446744466,0 -77.06838734001001,-11.94507217625609,0 -77.06951473362,-11.94521542077229,0 -77.07079220529,-11.9490138524184,0 -77.0705467872,-11.9503724570569,0 -77.07024730742999,-11.9518980486974,0 -77.06998816042,-11.95343534226281,0 -77.0697798599,-11.95478558519151,0 -77.06971561354,-11.9552120866364,0 -77.06944248287,-11.95699949045451,0 -77.06918817606,-11.9586525924233,0 -77.06888025345,-11.9600614422363,0 -77.0686390246,-11.9616250881413,0 -77.06838400985001,-11.96327808534441,0 -77.06810831663,-11.9650651094428,0 -77.0678395141359,-11.96680745805001,0 -77.06758577133,-11.96859763212839,0 -77.06734179436,-11.9705036318437,0 -77.06708872876,-11.97203411471439,0 -77.06691086999,-11.9734234261388,0 -77.06665817784,-11.9749855262525,0 -77.0664606518,-11.97699724212981,0 -77.06626854261,-11.9781487400963,0 -77.065861104757,-11.979925178509,0 -77.06568987502,-11.9813611947773,0 -77.06542336456,-11.9829563236344,0 -77.06513249495001,-11.9846976514127,0 -77.06492657989,-11.98606795439559,0 -77.0647065055,-11.98762251912489,0 -77.06441998846999,-11.9894673494139,0 -77.06420100397,-11.9908165360187,0 -77.06397961035,-11.9922574703076,0 -77.06378824223,-11.99344323315329,0 -77.06361193015999,-11.9945419633483,0 -77.063464089772,-11.99566558462701,0 -77.06441928588001,-11.99587571587569,0 -77.06457068541999,-11.9961547153765,0 -77.06499632633999,-11.99649888994251,0 -77.06545652558999,-11.9969028964226,0 -77.0660609884,-11.9963458633165,0 -77.06691333895,-11.9973085422434,0 -77.06713572603,-11.9980919080912,0 -77.06666265427999,-11.9983701052184,0 -77.065693,-11.99836599999999,0 
						</coordinates>
					</LineString>
				</MultiGeometry>
			</Placemark>
		</Folder>
	</Document>
	<Document id="LINEA_ELECTRICA_692" xsi:schemaLocation="http://www.opengis.net/kml/2.2 http://schemas.opengis.net/kml/2.2.0/ogckml22.xsd http://www.google.com/kml/ext/2.2 http://code.google.com/apis/kml/schema/kml22gx.xsd">
		<name>LINEA ELECTRICA 692</name>
		<open>1</open>
		<Snippet maxLines="0"></Snippet>
		<Style id="LineStyle2011">
			<LabelStyle>
				<color>00000000</color>
				<scale>0</scale>
			</LabelStyle>
			<LineStyle>
				<color>ffe65c00</color>
				<width>2</width>
			</LineStyle>
			<PolyStyle>
				<color>00000000</color>
				<outline>0</outline>
			</PolyStyle>
		</Style>
		<Folder id="FeatureLayer2">
			<name>LINEA ELECTRICA AEREA 692</name>
			<open>1</open>
			<Snippet maxLines="0"></Snippet>
			<Placemark id="ID_20000">
				<name>L692</name>
				<Snippet maxLines="0"></Snippet>
				<description><![CDATA[<html xmlns:fo="http://www.w3.org/1999/XSL/Format" xmlns:msxsl="urn:schemas-microsoft-com:xslt">

<head>

<META http-equiv="Content-Type" content="text/html">

<meta http-equiv="content-type" content="text/html; charset=UTF-8">

</head>

<body style="margin:0px 0px 0px 0px;overflow:auto;background:#FFFFFF;">

<table style="font-family:Arial,Verdana,Times;font-size:12px;text-align:left;width:100%;border-collapse:collapse;padding:3px 3px 3px 3px">

<tr style="text-align:center;font-weight:bold;background:#9CBCE2">

<td>L692</td>

</tr>

<tr>

<td>

<table style="font-family:Arial,Verdana,Times;font-size:12px;text-align:left;width:100%;border-spacing:0px; padding:3px 3px 3px 3px">

<tr>

<td>FID</td>

<td>0</td>

</tr>

<tr bgcolor="#D4E4F3">

<td>Id</td>

<td>0</td>

</tr>

<tr>

<td>LINEA</td>

<td>L692</td>

</tr>

<tr bgcolor="#D4E4F3">

<td>TIPO</td>

<td>LINEA ELECTRICA AEREA</td>

</tr>

<tr>

<td>RECORRIDO</td>

<td>SET INFANTAS - SET NARANJAL</td>

</tr>

</table>

</td>

</tr>

</table>

</body>

</html>]]></description>
				<styleUrl>#LineStyle2011</styleUrl>
				<MultiGeometry>
					<LineString>
						<tessellate>1</tessellate>
						<coordinates>
							-77.0656,-11.945548,0 -77.0657723721945,-11.94530647011901,0 -77.06656015399994,-11.94534202799998,0 -77.06668412599998,-11.94474460799996,0 -77.06843109199997,-11.94513846499995,0 -77.06934104799996,-11.94530348799999,0 -77.0707530032572,-11.9490528305732,0 -77.0705467872093,-11.95037245705691,0 -77.07018970399997,-11.95189496699994,0 -77.06993499999999,-11.95340618799997,0 -77.0697798599014,-11.95478558519149,0 -77.0697156135471,-11.9552120866364,0 -77.06938436799999,-11.95704351799998,0 -77.06925001399998,-11.95868942099998,0 -77.06893077799998,-11.96016496599998,0 -77.06855674199994,-11.96167706699993,0 -77.06834757999997,-11.96314276299996,0 -77.06816206699995,-11.96530420999994,0 -77.06787885199998,-11.96668910999995,0 -77.06759161099995,-11.96875188899997,0 -77.0673080914074,-11.97029512265381,0 -77.06654686599995,-11.97018759099995,0 -77.06482885099996,-11.97000140899996,0 -77.06321961399993,-11.96963365499995,0 -77.062999,-11.970119,0 
						</coordinates>
					</LineString>
				</MultiGeometry>
			</Placemark>
		</Folder>
	</Document>
	<Document id="LINEA_ELECTRICA_686" xsi:schemaLocation="http://www.opengis.net/kml/2.2 http://schemas.opengis.net/kml/2.2.0/ogckml22.xsd http://www.google.com/kml/ext/2.2 http://code.google.com/apis/kml/schema/kml22gx.xsd">
		<name>LINEA ELECTRICA 686</name>
		<open>1</open>
		<Snippet maxLines="0"></Snippet>
		<Style id="LineStyle2012">
			<LabelStyle>
				<color>00000000</color>
				<scale>0</scale>
			</LabelStyle>
			<LineStyle>
				<color>ffe65c00</color>
				<width>2</width>
			</LineStyle>
			<PolyStyle>
				<color>00000000</color>
				<outline>0</outline>
			</PolyStyle>
		</Style>
		<Folder id="FeatureLayer2">
			<name>LINEA ELECTRICA AEREA 686</name>
			<open>1</open>
			<Snippet maxLines="0"></Snippet>
			<Placemark id="ID_20000">
				<name>L686</name>
				<Snippet maxLines="0"></Snippet>
				<description><![CDATA[<html xmlns:fo="http://www.w3.org/1999/XSL/Format" xmlns:msxsl="urn:schemas-microsoft-com:xslt">

<head>

<META http-equiv="Content-Type" content="text/html">

<meta http-equiv="content-type" content="text/html; charset=UTF-8">

</head>

<body style="margin:0px 0px 0px 0px;overflow:auto;background:#FFFFFF;">

<table style="font-family:Arial,Verdana,Times;font-size:12px;text-align:left;width:100%;border-collapse:collapse;padding:3px 3px 3px 3px">

<tr style="text-align:center;font-weight:bold;background:#9CBCE2">

<td>L686</td>

</tr>

<tr>

<td>

<table style="font-family:Arial,Verdana,Times;font-size:12px;text-align:left;width:100%;border-spacing:0px; padding:3px 3px 3px 3px">

<tr>

<td>FID</td>

<td>0</td>

</tr>

<tr bgcolor="#D4E4F3">

<td>Id</td>

<td>0</td>

</tr>

<tr>

<td>LINEA</td>

<td>L686</td>

</tr>

<tr bgcolor="#D4E4F3">

<td>TIPO</td>

<td>LINEA ELECTRICA AEREA</td>

</tr>

<tr>

<td>RECORRIDO</td>

<td>SET PT- PIEDRA - SET ZAPALLAL</td>

</tr>

</table>

</td>

</tr>

</table>

</body>

</html>]]></description>
				<styleUrl>#LineStyle2012</styleUrl>
				<MultiGeometry>
					<LineString>
						<tessellate>1</tessellate>
						<coordinates>
							-77.111349,-11.83699299999999,0 -77.110805,-11.83662899999999,0 -77.11050899999999,-11.83634999999999,0 -77.10937086299998,-11.83712150499997,0 -77.10843977999997,-11.83774300699997,0 -77.10733527699995,-11.83848328699997,0 -77.106177050084,-11.8394047464391,0 -77.1050279756726,-11.8403170709617,0 -77.10385164611711,-11.8412657458598,0 -77.1026843445605,-11.8421962743751,0 -77.10179991599995,-11.84291680499996,0 -77.1014804741928,-11.84314514633679,0 -77.10026782099999,-11.84413924399996,0 -77.09905489599998,-11.84510625099995,0 -77.0978236270695,-11.8460824532623,0 -77.09661080899997,-11.84705846499997,0 -77.09568966199998,-11.84778831599994,0 -77.09437639999999,-11.84883739199995,0 -77.09310886399999,-11.84986804899996,0 -77.09174991299994,-11.85094456699994,0 -77.09059170099994,-11.85187499199997,0 -77.08929661099995,-11.85290583999996,0 -77.08865820299997,-11.85341667599994,0 -77.08736309799997,-11.85444751799997,0 -77.08610454699993,-11.85546000999994,0 -77.08481859699998,-11.85649077499994,0 -77.0845812893872,-11.85666426929911,0 -77.08358734599994,-11.85747594399993,0 -77.08240168799995,-11.85842462099993,0 -77.08102450399997,-11.85952834899996,0 -77.07975672899994,-11.86054088799995,0 -77.07846155399994,-11.86157169899997,0 -77.07768629399999,-11.86219197799995,0 -77.07639110299993,-11.86322278299997,0 -77.07519635499995,-11.86418958099994,0 -77.07395811099997,-11.86547302399993,0 -77.07269691806491,-11.86737124057971,0 -77.07213149399996,-11.86782726199994,0 -77.07149663599995,-11.86881705899997,0 -77.07071625699996,-11.86997964299996,0 -77.06896440399998,-11.86887175399993,0 -77.06863775799997,-11.86936219799997,0 -77.06826799999999,-11.86900338199996,0 -77.06855101799994,-11.86881151199997,0 
						</coordinates>
					</LineString>
				</MultiGeometry>
			</Placemark>
		</Folder>
	</Document>
	<Document id="LINEA_ELECTRICA_672" xsi:schemaLocation="http://www.opengis.net/kml/2.2 http://schemas.opengis.net/kml/2.2.0/ogckml22.xsd http://www.google.com/kml/ext/2.2 http://code.google.com/apis/kml/schema/kml22gx.xsd">
		<name>LINEA ELECTRICA 672</name>
		<open>1</open>
		<Snippet maxLines="0"></Snippet>
		<Style id="LineStyle2013">
			<LabelStyle>
				<color>00000000</color>
				<scale>0</scale>
			</LabelStyle>
			<LineStyle>
				<color>ffe65c00</color>
				<width>2</width>
			</LineStyle>
			<PolyStyle>
				<color>00000000</color>
				<outline>0</outline>
			</PolyStyle>
		</Style>
		<Folder id="FeatureLayer2">
			<name>LINEA ELECTRICA AEREA 672</name>
			<Snippet maxLines="0"></Snippet>
			<Placemark id="ID_20000">
				<name>L672</name>
				<Snippet maxLines="0"></Snippet>
				<description><![CDATA[<html xmlns:fo="http://www.w3.org/1999/XSL/Format" xmlns:msxsl="urn:schemas-microsoft-com:xslt">

<head>

<META http-equiv="Content-Type" content="text/html">

<meta http-equiv="content-type" content="text/html; charset=UTF-8">

</head>

<body style="margin:0px 0px 0px 0px;overflow:auto;background:#FFFFFF;">

<table style="font-family:Arial,Verdana,Times;font-size:12px;text-align:left;width:100%;border-collapse:collapse;padding:3px 3px 3px 3px">

<tr style="text-align:center;font-weight:bold;background:#9CBCE2">

<td>L672</td>

</tr>

<tr>

<td>

<table style="font-family:Arial,Verdana,Times;font-size:12px;text-align:left;width:100%;border-spacing:0px; padding:3px 3px 3px 3px">

<tr>

<td>FID</td>

<td>0</td>

</tr>

<tr bgcolor="#D4E4F3">

<td>Id</td>

<td>0</td>

</tr>

<tr>

<td>LINEA</td>

<td>L672</td>

</tr>

<tr bgcolor="#D4E4F3">

<td>TIPO</td>

<td>LINEA ELECTRICA AEREA</td>

</tr>

<tr>

<td>RECORRIDO</td>

<td>SET ANCON - SET ZAPALLAL</td>

</tr>

</table>

</td>

</tr>

</table>

</body>

</html>]]></description>
				<styleUrl>#LineStyle2013</styleUrl>
				<MultiGeometry>
					<LineString>
						<tessellate>1</tessellate>
						<coordinates>
							-77.16832281699999,-11.77343193099995,0 -77.16823017599995,-11.77331514799994,0 -77.16794293999999,-11.77294679399994,0 -77.16665663099997,-11.77384226199996,0 -77.16537948499996,-11.77473765599996,0 -77.16419,-11.775644,0 -77.16275143599995,-11.77648380199997,0 -77.161495,-11.77735300000001,0 -77.16013499599995,-11.77854615699994,0 -77.15873249899994,-11.77984013299994,0 -77.15727502599998,-11.78114355799994,0 -77.15593635599998,-11.78239185299999,0 -77.15463464499999,-11.78367601399998,0 -77.15334202399998,-11.78495106499998,0 -77.15205856399996,-11.78622604299994,0 -77.15089,-11.78753700000001,0 -77.149574,-11.78865500000001,0 -77.14838063499997,-11.78982370799997,0 -77.14719100000001,-11.791052,0 -77.146097,-11.79213500000001,0 -77.14490499999999,-11.793313,0 -77.143742,-11.794467,0 -77.142563,-11.79559700000001,0 -77.14143799999999,-11.796767,0 -77.140282,-11.79788999999999,0 -77.139053,-11.79901800000001,0 -77.13787508799999,-11.80019680099998,0 -77.13670399999999,-11.80135599999999,0 -77.13552648699994,-11.80254618699997,0 -77.13429376399995,-11.80447144499993,0 -77.13367739699999,-11.80543407299996,0 -77.133017,-11.80646,0 -77.13188296199996,-11.80827635399992,0 -77.13062315999997,-11.81026507099995,0 -77.12975347399998,-11.81169051999996,0 -77.12911185999997,-11.81295157799996,0 -77.12790315499996,-11.81443379199993,0 -77.12678013899995,-11.81632205999995,0 -77.12505,-11.819079,0 -77.12555528599995,-11.82047052899998,0 -77.125878,-11.82151500000001,0 -77.12469300899994,-11.82286295699993,0 -77.12351968299998,-11.82418221799997,0 -77.12239193799996,-11.82546498299996,0 -77.12127321699995,-11.82672960199994,0 -77.12009082499998,-11.82806699699996,0 -77.11897986599996,-11.82915079699996,0 -77.11806815599994,-11.82989870699993,0 -77.11657276899996,-11.83110286199997,0 -77.11507899999999,-11.83212000000001,0 -77.11379100000001,-11.833423,0 -77.112697,-11.83442899999999,0 -77.111667,-11.835413,0 -77.11067799999999,-11.83615,0 -77.11106700000001,-11.83659800000001,0 -77.111349,-11.83699299999999,0 
						</coordinates>
					</LineString>
				</MultiGeometry>
			</Placemark>
		</Folder>
	</Document>
	<Document id="LINEA_ELECTRICA_2126" xsi:schemaLocation="http://www.opengis.net/kml/2.2 http://schemas.opengis.net/kml/2.2.0/ogckml22.xsd http://www.google.com/kml/ext/2.2 http://code.google.com/apis/kml/schema/kml22gx.xsd">
		<name>LINEA ELECTRICA 2126</name>
		<visibility>0</visibility>
		<open>1</open>
		<Snippet maxLines="0"></Snippet>
		<Folder id="FeatureLayer2">
			<name>LINEA ELECTRICA 2126</name>
			<visibility>0</visibility>
			<open>1</open>
			<Snippet maxLines="0"></Snippet>
		</Folder>
	</Document>
	<Document id="LINEA_ELECTRICA_2125" xsi:schemaLocation="http://www.opengis.net/kml/2.2 http://schemas.opengis.net/kml/2.2.0/ogckml22.xsd http://www.google.com/kml/ext/2.2 http://code.google.com/apis/kml/schema/kml22gx.xsd">
		<name>LINEA ELECTRICA 2125</name>
		<open>1</open>
		<Snippet maxLines="0"></Snippet>
		<StyleMap id="msn_ylw-pushpin">
			<Pair>
				<key>normal</key>
				<styleUrl>#sn_ylw-pushpin</styleUrl>
			</Pair>
			<Pair>
				<key>highlight</key>
				<styleUrl>#sh_ylw-pushpin</styleUrl>
			</Pair>
		</StyleMap>
		<Style id="sh_ylw-pushpin">
			<IconStyle>
				<scale>1.3</scale>
				<Icon>
					<href>http://maps.google.com/mapfiles/kml/pushpin/ylw-pushpin.png</href>
				</Icon>
				<hotSpot x="20" y="2" xunits="pixels" yunits="pixels"/>
			</IconStyle>
			<LineStyle>
				<color>ffe65c00</color>
				<width>1.5</width>
			</LineStyle>
		</Style>
		<Style id="sn_ylw-pushpin">
			<IconStyle>
				<scale>1.1</scale>
				<Icon>
					<href>http://maps.google.com/mapfiles/kml/pushpin/ylw-pushpin.png</href>
				</Icon>
				<hotSpot x="20" y="2" xunits="pixels" yunits="pixels"/>
			</IconStyle>
			<LineStyle>
				<color>ffe65c00</color>
				<width>1.5</width>
			</LineStyle>
		</Style>
		<Folder id="FeatureLayer2">
			<name>LINEA ELECTRICA AEREA_L2125</name>
			<open>1</open>
			<Snippet maxLines="0"></Snippet>
			<Placemark>
				<name>L2125</name>
				<styleUrl>#msn_ylw-pushpin</styleUrl>
				<LineString>
					<tessellate>1</tessellate>
					<coordinates>
						-77.62861471951864,-10.87929623696419,0 -77.62991620857041,-10.88460608231672,0 -77.6305161991272,-10.88778574070672,0 -77.63110242827041,-10.89080636390978,0 -77.63160229510069,-10.89363657342038,0 -77.63176183428733,-10.89492722536487,0 -77.63195864021601,-10.89534423590155,0 
					</coordinates>
				</LineString>
			</Placemark>
		</Folder>
	</Document>
	<Document id="LINEA_ELECTRICA_670" xsi:schemaLocation="http://www.opengis.net/kml/2.2 http://schemas.opengis.net/kml/2.2.0/ogckml22.xsd http://www.google.com/kml/ext/2.2 http://code.google.com/apis/kml/schema/kml22gx.xsd">
		<name>LINEA ELECTRICA 670</name>
		<open>1</open>
		<Snippet maxLines="0"></Snippet>
		<Style id="LineStyle2016">
			<LabelStyle>
				<color>00000000</color>
				<scale>0</scale>
			</LabelStyle>
			<LineStyle>
				<color>ffe65c00</color>
				<width>2</width>
			</LineStyle>
			<PolyStyle>
				<color>00000000</color>
				<outline>0</outline>
			</PolyStyle>
		</Style>
		<Folder id="FeatureLayer2">
			<name>LINEA ELECTRICA AEREA 670</name>
			<open>1</open>
			<Snippet maxLines="0"></Snippet>
			<Placemark id="ID_20000">
				<name>L670</name>
				<Snippet maxLines="0"></Snippet>
				<description><![CDATA[<html xmlns:fo="http://www.w3.org/1999/XSL/Format" xmlns:msxsl="urn:schemas-microsoft-com:xslt">

<head>

<META http-equiv="Content-Type" content="text/html">

<meta http-equiv="content-type" content="text/html; charset=UTF-8">

</head>

<body style="margin:0px 0px 0px 0px;overflow:auto;background:#FFFFFF;">

<table style="font-family:Arial,Verdana,Times;font-size:12px;text-align:left;width:100%;border-collapse:collapse;padding:3px 3px 3px 3px">

<tr style="text-align:center;font-weight:bold;background:#9CBCE2">

<td>L670</td>

</tr>

<tr>

<td>

<table style="font-family:Arial,Verdana,Times;font-size:12px;text-align:left;width:100%;border-spacing:0px; padding:3px 3px 3px 3px">

<tr>

<td>FID</td>

<td>0</td>

</tr>

<tr bgcolor="#D4E4F3">

<td>Id</td>

<td>0</td>

</tr>

<tr>

<td>LINEA</td>

<td>L670</td>

</tr>

<tr bgcolor="#D4E4F3">

<td>TIPO</td>

<td>LINEA ELECTRICA AEREA</td>

</tr>

<tr>

<td>RECORRIDO</td>

<td>SET ANCON - SET HUARAL</td>

</tr>

</table>

</td>

</tr>

</table>

</body>

</html>]]></description>
				<styleUrl>#LineStyle2016</styleUrl>
				<MultiGeometry>
					<LineString>
						<tessellate>1</tessellate>
						<coordinates>
							-77.19709899999999,-11.493372,0 -77.19686368099997,-11.49372942199994,0 -77.19697440299996,-11.49382799999996,0 -77.19783907299995,-11.49543919999997,0 -77.19864200000001,-11.49694499999999,0 -77.19957732899996,-11.49862536699993,0 -77.20047903399995,-11.50028146099993,0 -77.20139012499999,-11.50196459099993,0 -77.202274,-11.50361700000001,0 -77.20335175699995,-11.50558283199996,0 -77.20425400499994,-11.50730216399995,0 -77.20600872299997,-11.50787630699995,0 -77.20812122799998,-11.50850194799995,0 -77.21029759899994,-11.50909093799993,0 -77.21249237199999,-11.50968880699998,0 -77.21471457099994,-11.51027741199993,0 -77.21642371499996,-11.51087894399996,0 -77.21815104799998,-11.51146225099996,0 -77.21988762099994,-11.51205451399994,0 -77.22163336199998,-11.51264669499995,0 -77.22354799999999,-11.513321,0 -77.22483,-11.51438400000001,0 -77.22604459599995,-11.51542359899998,0 -77.22764071099994,-11.51679409599996,0 -77.22888614599998,-11.51785096199996,0 -77.23040841199997,-11.51914970499996,0 -77.231988,-11.52054599999999,0 -77.23360983199996,-11.52188151599995,0 -77.235193,-11.52324,0 -77.23679284199994,-11.52459534599995,0 -77.23867512999993,-11.52621660399996,0 -77.24017901299999,-11.52749734699995,0 -77.24183983599994,-11.52892146499994,0 -77.243359,-11.53022099999999,0 -77.24509688399996,-11.53170690199994,0 -77.24613053399997,-11.53262070999994,0 -77.24740416999998,-11.53374954999998,0 -77.24845999999999,-11.534618,0 -77.24991300000001,-11.53589499999999,0 -77.25165741899997,-11.53733149199997,0 -77.25300433499996,-11.53845069399995,0 -77.25411834299996,-11.53909272499994,0 -77.25564645799994,-11.53994842599998,0 -77.25576314799997,-11.54193569999996,0 -77.255897,-11.54373099999999,0 -77.25628198299995,-11.54493201199994,0 -77.25695913599998,-11.54709566799993,0 -77.25761674399996,-11.54910584099998,0 -77.25856178199996,-11.55152948199998,0 -77.25898835799995,-11.55329744299996,0 -77.25973648599995,-11.55516230599994,0 -77.26030061599994,-11.55693822699994,0 -77.26087413599998,-11.55874118399993,0 -77.26138,-11.56044099999999,0 -77.26048900000001,-11.56234600000001,0 -77.25949058799995,-11.56449960399994,0 -77.25842054599997,-11.56592678199997,0 -77.25875768799995,-11.56796654999994,0 -77.25866315299999,-11.56989220199995,0 -77.25927,-11.57179900000001,0 -77.25977143299997,-11.57322729999992,0 -77.260448,-11.575183,0 -77.26056450699997,-11.57611299299999,0 -77.26092606299994,-11.57776396499997,0 -77.26097652299995,-11.57948062699995,0 -77.26108816199996,-11.58082628799997,0 -77.26046492299997,-11.58196983799997,0 -77.25997792199996,-11.58295869099993,0 -77.2599122814329,-11.5832148037635,0 -77.25747032199996,-11.58571652999995,0 -77.25705728099996,-11.58678613799998,0 -77.25632270099999,-11.58890656599994,0 -77.25560404999999,-11.59072864299998,0 -77.25481728899996,-11.59320192699994,0 -77.25339200000001,-11.59436100000001,0 -77.25172215999999,-11.59586491399994,0 -77.25058420399995,-11.59684075799992,0 -77.24827085999993,-11.59755463299996,0 -77.24637818499997,-11.59814773599993,0 -77.24528790599999,-11.59935816099994,0 -77.24428999899999,-11.60065823799994,0 -77.24326444099995,-11.60194045399994,0 -77.24222075899996,-11.60324991999994,0 -77.24066932799997,-11.60525919099995,0 -77.23802934699995,-11.60755705399992,0 -77.23619234399996,-11.60939681599995,0 -77.23563644899997,-11.60980779999994,0 -77.23412942599998,-11.61049726399995,0 -77.23233982299996,-11.61138772799996,0 -77.23066,-11.612226,0 -77.22919400000001,-11.612963,0 -77.22723568499998,-11.61392146199996,0 -77.22520856599994,-11.61492216999994,0 -77.22320900199998,-11.61593169199994,0 -77.22123684899998,-11.61693195299994,0 -77.21763001499994,-11.61872198999993,0 -77.21632426599996,-11.61937367999997,0 -77.21440103299994,-11.62077117199994,0 -77.21277842599994,-11.62193137499998,0 -77.21130190299994,-11.62301815199993,0 -77.20988001199999,-11.62405931799997,0 -77.20838641299997,-11.62530888799994,0 -77.20797209599993,-11.62740874199994,0 -77.20773009599998,-11.62927230299993,0 -77.20741746499993,-11.63147982699997,0 -77.20721844899998,-11.63298156199994,0 -77.20688890599996,-11.63536996499994,0 -77.20661308199999,-11.63759528199996,0 -77.20526095499997,-11.63819307199998,0 -77.20420731599995,-11.64060509399996,0 -77.20346165499996,-11.64254481199993,0 -77.20250840699998,-11.64490183999993,0 -77.20197272799999,-11.64673150099997,0 -77.20123252099995,-11.64936705899994,0 -77.20059875999993,-11.65154993099997,0 -77.19993748799999,-11.65373301299997,0 -77.19816611299996,-11.65699100199992,0 -77.19774090599998,-11.65771724899997,0 -77.19633471999998,-11.65845099099995,0 -77.19461801899996,-11.65934073499995,0 -77.19312055899996,-11.66012938599994,0 -77.19145870199998,-11.66100062099998,0 -77.18895690299996,-11.66233012099997,0 -77.18742294699996,-11.66314613799995,0 -77.18551456699998,-11.66415478399994,0 -77.18395336599997,-11.66500714299996,0 -77.18374732399997,-11.66679813899998,0 -77.18355059099997,-11.66860713999994,0 -77.18339743699994,-11.67012660899996,0 -77.18312426799997,-11.67271341899993,0 -77.18297097299995,-11.67421481399998,0 -77.18279222199999,-11.67597849099996,0 -77.18260465599997,-11.67778742299994,0 -77.18241715999994,-11.67960539099994,0 -77.18222980599995,-11.68144143399996,0 -77.18204237999998,-11.68326843999995,0 -77.18188281499994,-11.68514042199996,0 -77.18124539899998,-11.68688047499995,0 -77.18064458199996,-11.68861121199996,0 -77.18003480199997,-11.69036912999997,0 -77.17942508699997,-11.69213608399997,0 -77.17848331399995,-11.69482739199998,0 -77.17800801399994,-11.69619567199993,0 -77.17734467699995,-11.69814378499995,0 -77.17680638299998,-11.69966618199993,0 -77.17646571599994,-11.70066289999994,0 -77.17613259199999,-11.70145169799997,0 -77.17532266199999,-11.70341899799996,0 -77.17464772499994,-11.70505991999994,0 -77.17409868599998,-11.70638357199993,0 -77.17354061399999,-11.70772536699996,0 -77.17279272499997,-11.70942106699994,0 -77.17209864799997,-11.71096271999994,0 -77.17168403199997,-11.71188769799994,0 -77.17075575899997,-11.71397338099995,0 -77.17020584299996,-11.71518858599996,0 -77.16945672099996,-11.71673065399994,0 -77.16860855399995,-11.71850844999994,0 -77.16794970899997,-11.71986908099996,0 -77.16739017999998,-11.72103013199995,0 -77.16637015099997,-11.72311650499994,0 -77.16570225699996,-11.72449527799994,0 -77.16479056099996,-11.72636392699996,0 -77.16417760599995,-11.72773324499998,0 -77.16313299799998,-11.72902448999996,0 -77.16169819599997,-11.73085190399996,0 -77.16081765199993,-11.73201537799997,0 -77.15975579699995,-11.73345134799996,0 -77.15879396599996,-11.73477810999998,0 -77.15753265199999,-11.73651382399993,0 -77.15610793299999,-11.73846767299994,0 -77.15496447599998,-11.74003077699995,0 -77.15366678399994,-11.74181194499994,0 -77.15191522099997,-11.74420205299997,0 -77.15075372799998,-11.74581047199996,0 -77.14990977999997,-11.74697364999997,0 -77.14967406199997,-11.74732789499996,0 -77.15017808599998,-11.74963774199994,0 -77.15068141999996,-11.75185721499997,0 -77.15109003399994,-11.75368877999994,0 -77.15143227799996,-11.75524067699996,0 -77.15180288499994,-11.75690080999992,0 -77.15224967999995,-11.75892187399996,0 -77.15267497899998,-11.76053640299995,0 -77.15295916099996,-11.76287500799999,0 -77.15317246899997,-11.76435557099995,0 -77.15388973799998,-11.76576906099996,0 -77.15422299299996,-11.76733909199993,0 -77.15465064799997,-11.76925183699995,0 -77.15508797499996,-11.77122777099993,0 -77.15554393699995,-11.77323971299995,0 -77.15598128199997,-11.77521564199998,0 -77.15641849499997,-11.77717349599993,0 -77.15690087299998,-11.77904062899996,0 -77.15732046399995,-11.78108898799997,0 -77.15871394299995,-11.77981316099993,0 -77.16013485499997,-11.77852808299998,0 -77.16148294199996,-11.77731585299994,0 -77.16274219399997,-11.77647483399994,0 -77.16415707999994,-11.77559647799995,0 -77.16537934299998,-11.77471958199993,0 -77.16663828699996,-11.77384240199996,0 -77.16798809099998,-11.77285607499994,0 -77.16839640499995,-11.77345848399994,0 -77.16825811699994,-11.77336916099996,0 
						</coordinates>
					</LineString>
				</MultiGeometry>
			</Placemark>
		</Folder>
	</Document>
	<Document id="LINEA_ELECTRICA_671" xsi:schemaLocation="http://www.opengis.net/kml/2.2 http://schemas.opengis.net/kml/2.2.0/ogckml22.xsd http://www.google.com/kml/ext/2.2 http://code.google.com/apis/kml/schema/kml22gx.xsd">
		<name>LINEA ELECTRICA 671</name>
		<open>1</open>
		<Snippet maxLines="0"></Snippet>
		<Style id="LineStyle2017">
			<LabelStyle>
				<color>00000000</color>
				<scale>0</scale>
			</LabelStyle>
			<LineStyle>
				<color>ffe65c00</color>
				<width>2</width>
			</LineStyle>
			<PolyStyle>
				<color>00000000</color>
				<outline>0</outline>
			</PolyStyle>
		</Style>
		<Folder id="FeatureLayer2">
			<name>LINEA ELECTRICA AEREA 671</name>
			<open>1</open>
			<Snippet maxLines="0"></Snippet>
			<Placemark id="ID_20000">
				<name>L671</name>
				<Snippet maxLines="0"></Snippet>
				<description><![CDATA[<html xmlns:fo="http://www.w3.org/1999/XSL/Format" xmlns:msxsl="urn:schemas-microsoft-com:xslt">

<head>

<META http-equiv="Content-Type" content="text/html">

<meta http-equiv="content-type" content="text/html; charset=UTF-8">

</head>

<body style="margin:0px 0px 0px 0px;overflow:auto;background:#FFFFFF;">

<table style="font-family:Arial,Verdana,Times;font-size:12px;text-align:left;width:100%;border-collapse:collapse;padding:3px 3px 3px 3px">

<tr style="text-align:center;font-weight:bold;background:#9CBCE2">

<td>L671</td>

</tr>

<tr>

<td>

<table style="font-family:Arial,Verdana,Times;font-size:12px;text-align:left;width:100%;border-spacing:0px; padding:3px 3px 3px 3px">

<tr>

<td>FID</td>

<td>0</td>

</tr>

<tr bgcolor="#D4E4F3">

<td>Id</td>

<td>0</td>

</tr>

<tr>

<td>LINEA</td>

<td>L671</td>

</tr>

<tr bgcolor="#D4E4F3">

<td>TIPO</td>

<td>LINEA ELECTRICA AEREA</td>

</tr>

<tr>

<td>RECORRIDO</td>

<td>SET CHANCAY - SET HUARAL</td>

</tr>

</table>

</td>

</tr>

</table>

</body>

</html>]]></description>
				<styleUrl>#LineStyle2017</styleUrl>
				<MultiGeometry>
					<LineString>
						<tessellate>1</tessellate>
						<coordinates>
							-77.19711757299996,-11.49338408099993,0 -77.19694642499996,-11.49376494799997,0 -77.19691005399994,-11.49380137299993,0 -77.19783907299995,-11.49543919999997,0 -77.19864200000001,-11.49694499999999,0 -77.19957732899996,-11.49862536699993,0 -77.20047903399995,-11.50028146099993,0 -77.20139012499999,-11.50196459099993,0 -77.202274,-11.50361700000001,0 -77.20335175699995,-11.50558283199996,0 -77.20425400499994,-11.50730216399995,0 -77.20600872299997,-11.50787630699995,0 -77.20812122799998,-11.50850194799995,0 -77.21029759899994,-11.50909093799993,0 -77.21249237199999,-11.50968880699998,0 -77.21470561999996,-11.51030459299994,0 -77.21642371499996,-11.51087894399996,0 -77.21815104799998,-11.51146225099996,0 -77.21988762099994,-11.51205451399994,0 -77.22163336199998,-11.51264669499995,0 -77.22354799999999,-11.513321,0 -77.22483,-11.51438400000001,0 -77.22604459599995,-11.51542359899998,0 -77.22764071099994,-11.51679409599996,0 -77.22888614599998,-11.51785096199996,0 -77.23040841199997,-11.51914970499996,0 -77.231988,-11.52054599999999,0 -77.23360983199996,-11.52188151599995,0 -77.235193,-11.52324,0 -77.23679284199994,-11.52459534599995,0 -77.23867512999993,-11.52621660399996,0 -77.24017901299999,-11.52749734699995,0 -77.24183983599994,-11.52892146499994,0 -77.243359,-11.53022099999999,0 -77.24509688399996,-11.53170690199994,0 -77.24613053399997,-11.53262070999994,0 -77.24740416999998,-11.53374954999998,0 -77.24845999999999,-11.534618,0 -77.24991300000001,-11.53589499999999,0 -77.25165741899997,-11.53733149199997,0 -77.25296803999998,-11.53849616199995,0 -77.25411834299996,-11.53909272499994,0 -77.25570129699997,-11.53992992499996,0 -77.25576314799997,-11.54193569999996,0 -77.255897,-11.54373099999999,0 -77.25628198299995,-11.54493201199994,0 -77.25695913599998,-11.54709566799993,0 -77.25761674399996,-11.54910584099998,0 -77.258545,-11.55154399999999,0 -77.25898835799995,-11.55329744299996,0 -77.25973648599995,-11.55516230599994,0 -77.26030061599994,-11.55693822699994,0 -77.26087413599998,-11.55874118399993,0 -77.26138,-11.56044099999999,0 -77.26048900000001,-11.56234600000001,0 -77.25949058799995,-11.56449960399994,0 -77.25842054599997,-11.56592678199997,0 -77.25875768799995,-11.56796654999994,0 -77.25861761999994,-11.56992870499994,0 -77.25927,-11.57179900000001,0 -77.25977143299997,-11.57322729999992,0 -77.26039220699994,-11.57520158799997,0 -77.26056450699997,-11.57611299299999,0 -77.26090780599998,-11.57777314499998,0 -77.26097652299995,-11.57948062699995,0 -77.26110649199995,-11.58082614499994,0 -77.26046492299997,-11.58196983799997,0 -77.25997792199996,-11.58295869099993,0 -77.25987899999996,-11.58313299999997,0 -77.259646,-11.58308999999999,0 
						</coordinates>
					</LineString>
				</MultiGeometry>
			</Placemark>
		</Folder>
	</Document>
	<Document id="LINEA_ELECTRICA_2017" xsi:schemaLocation="http://www.opengis.net/kml/2.2 http://schemas.opengis.net/kml/2.2.0/ogckml22.xsd http://www.google.com/kml/ext/2.2 http://code.google.com/apis/kml/schema/kml22gx.xsd">
		<name>LINEA ELECTRICA 2017</name>
		<open>1</open>
		<Snippet maxLines="0"></Snippet>
		<Style id="LineStyle2018">
			<LabelStyle>
				<color>00000000</color>
				<scale>0</scale>
			</LabelStyle>
			<LineStyle>
				<color>ffe65c00</color>
				<width>2</width>
			</LineStyle>
			<PolyStyle>
				<color>00000000</color>
				<outline>0</outline>
			</PolyStyle>
		</Style>
		<Folder id="FeatureLayer2">
			<name>LINEA ELECTRICA 2017</name>
			<open>1</open>
			<Snippet maxLines="0"></Snippet>
			<Placemark id="ID_20000">
				<name>L2017</name>
				<Snippet maxLines="0"></Snippet>
				<description><![CDATA[<html xmlns:fo="http://www.w3.org/1999/XSL/Format" xmlns:msxsl="urn:schemas-microsoft-com:xslt">

<head>

<META http-equiv="Content-Type" content="text/html">

<meta http-equiv="content-type" content="text/html; charset=UTF-8">

</head>

<body style="margin:0px 0px 0px 0px;overflow:auto;background:#FFFFFF;">

<table style="font-family:Arial,Verdana,Times;font-size:12px;text-align:left;width:100%;border-collapse:collapse;padding:3px 3px 3px 3px">

<tr style="text-align:center;font-weight:bold;background:#9CBCE2">

<td>L2017</td>

</tr>

<tr>

<td>

<table style="font-family:Arial,Verdana,Times;font-size:12px;text-align:left;width:100%;border-spacing:0px; padding:3px 3px 3px 3px">

<tr>

<td>FID</td>

<td>0</td>

</tr>

<tr bgcolor="#D4E4F3">

<td>Id</td>

<td>0</td>

</tr>

<tr>

<td>LINEA</td>

<td>L2017</td>

</tr>

<tr bgcolor="#D4E4F3">

<td>TIPO</td>

<td>LINEA ELECTRICA AEREA</td>

</tr>

<tr>

<td>RECORRIDO</td>

<td>SET CHILLON -  SET VENTANILLA GENERACION 2016</td>

</tr>

</table>

</td>

</tr>

</table>

</body>

</html>]]></description>
				<styleUrl>#LineStyle2018</styleUrl>
				<MultiGeometry>
					<LineString>
						<tessellate>1</tessellate>
						<coordinates>
							-77.119444,-11.936661,0 -77.11980830582689,-11.9365614082822,0 -77.12026379189609,-11.93583614721711,0 -77.1219008205299,-11.935743283389,0 -77.1223879878353,-11.9349348981543,0 -77.12131014959409,-11.93407196657599,0 -77.1188499982988,-11.93239532882371,0 -77.1173820260161,-11.93310716771151,0 -77.1165416001147,-11.9319772755566,0 -77.117023,-11.931614,0 
						</coordinates>
					</LineString>
				</MultiGeometry>
			</Placemark>
		</Folder>
	</Document>
	<Document id="LINEA_ELECTRICA_2016" xsi:schemaLocation="http://www.opengis.net/kml/2.2 http://schemas.opengis.net/kml/2.2.0/ogckml22.xsd http://www.google.com/kml/ext/2.2 http://code.google.com/apis/kml/schema/kml22gx.xsd">
		<name>LINEA ELECTRICA 2016</name>
		<open>1</open>
		<Snippet maxLines="0"></Snippet>
		<Style id="LineStyle2019">
			<LabelStyle>
				<color>00000000</color>
				<scale>0</scale>
			</LabelStyle>
			<LineStyle>
				<color>ffe65c00</color>
				<width>2</width>
			</LineStyle>
			<PolyStyle>
				<color>00000000</color>
				<outline>0</outline>
			</PolyStyle>
		</Style>
		<Folder id="FeatureLayer2">
			<name>LINEA ELECTRICA 2016</name>
			<open>1</open>
			<Snippet maxLines="0"></Snippet>
			<Placemark id="ID_20000">
				<name>L2016</name>
				<Snippet maxLines="0"></Snippet>
				<description><![CDATA[<html xmlns:fo="http://www.w3.org/1999/XSL/Format" xmlns:msxsl="urn:schemas-microsoft-com:xslt">

<head>

<META http-equiv="Content-Type" content="text/html">

<meta http-equiv="content-type" content="text/html; charset=UTF-8">

</head>

<body style="margin:0px 0px 0px 0px;overflow:auto;background:#FFFFFF;">

<table style="font-family:Arial,Verdana,Times;font-size:12px;text-align:left;width:100%;border-collapse:collapse;padding:3px 3px 3px 3px">

<tr style="text-align:center;font-weight:bold;background:#9CBCE2">

<td>L2016</td>

</tr>

<tr>

<td>

<table style="font-family:Arial,Verdana,Times;font-size:12px;text-align:left;width:100%;border-spacing:0px; padding:3px 3px 3px 3px">

<tr>

<td>FID</td>

<td>0</td>

</tr>

<tr bgcolor="#D4E4F3">

<td>LINEA</td>

<td>L2016</td>

</tr>

<tr>

<td>TIPO</td>

<td>LINEA ELECTRICA AEREA</td>

</tr>

<tr bgcolor="#D4E4F3">

<td>RECORRIDO</td>

<td>SET CHILLON -  SET VENTANILLA GENERACION 2016</td>

</tr>

</table>

</td>

</tr>

</table>

</body>

</html>]]></description>
				<styleUrl>#LineStyle2019</styleUrl>
				<MultiGeometry>
					<LineString>
						<tessellate>1</tessellate>
						<coordinates>
							-77.119444,-11.936661,0 -77.11980830582689,-11.9365614082822,0 -77.12026379189609,-11.93583614721711,0 -77.1219008205299,-11.935743283389,0 -77.1223879878353,-11.9349348981543,0 -77.12131014959409,-11.93407196657599,0 -77.1188499982988,-11.93239532882371,0 -77.1173820260161,-11.93310716771151,0 -77.1165416001147,-11.9319772755566,0 -77.117023,-11.931614,0 
						</coordinates>
					</LineString>
				</MultiGeometry>
			</Placemark>
		</Folder>
	</Document>
	<Document id="LINEA_ELECTRICA_2113" xsi:schemaLocation="http://www.opengis.net/kml/2.2 http://schemas.opengis.net/kml/2.2.0/ogckml22.xsd http://www.google.com/kml/ext/2.2 http://code.google.com/apis/kml/schema/kml22gx.xsd">
		<name>LINEA ELECTRICA 2113</name>
		<open>1</open>
		<Snippet maxLines="0"></Snippet>
		<Style id="LineStyle2020">
			<LabelStyle>
				<color>00000000</color>
				<scale>0</scale>
			</LabelStyle>
			<LineStyle>
				<color>ffe65c00</color>
				<width>2</width>
			</LineStyle>
			<PolyStyle>
				<color>00000000</color>
				<outline>0</outline>
			</PolyStyle>
		</Style>
		<Folder id="FeatureLayer2">
			<name>LINEA ELECTRICA2113</name>
			<open>1</open>
			<Snippet maxLines="0"></Snippet>
			<Placemark id="ID_20000">
				<name>L2113</name>
				<Snippet maxLines="0"></Snippet>
				<description><![CDATA[<html xmlns:fo="http://www.w3.org/1999/XSL/Format" xmlns:msxsl="urn:schemas-microsoft-com:xslt">

<head>

<META http-equiv="Content-Type" content="text/html">

<meta http-equiv="content-type" content="text/html; charset=UTF-8">

</head>

<body style="margin:0px 0px 0px 0px;overflow:auto;background:#FFFFFF;">

<table style="font-family:Arial,Verdana,Times;font-size:12px;text-align:left;width:100%;border-collapse:collapse;padding:3px 3px 3px 3px">

<tr style="text-align:center;font-weight:bold;background:#9CBCE2">

<td>L2113</td>

</tr>

<tr>

<td>

<table style="font-family:Arial,Verdana,Times;font-size:12px;text-align:left;width:100%;border-spacing:0px; padding:3px 3px 3px 3px">

<tr>

<td>FID</td>

<td>0</td>

</tr>

<tr bgcolor="#D4E4F3">

<td>Id</td>

<td>0</td>

</tr>

<tr>

<td>LINEA</td>

<td>L2113</td>

</tr>

<tr bgcolor="#D4E4F3">

<td>TIPO</td>

<td>LINEA ELECTRICA AEREA</td>

</tr>

<tr>

<td>RECORRIDO</td>

<td>SET MIRADOR -  SET CARABAYLLO</td>

</tr>

</table>

</td>

</tr>

</table>

</body>

</html>]]></description>
				<styleUrl>#LineStyle2020</styleUrl>
				<MultiGeometry>
					<LineString>
						<tessellate>1</tessellate>
						<coordinates>
							-76.988525,-11.90844299999999,0 -76.9868377635762,-11.9051203832534,0 -76.9873106318386,-11.9052214454472,0 -76.9891793872729,-11.904640964992,0 -76.99042388557319,-11.8995158188252,0 -76.99108592602811,-11.89678928807379,0 -76.99224594988431,-11.8920117864782,0 -76.9890848793347,-11.887671456739,0 -76.9855047432345,-11.88273926398679,0 -76.9816953950247,-11.87749909864559,0 -76.9801461070123,-11.8753678119712,0 -76.9776306780615,-11.87190734770921,0 -76.97613475151719,-11.8698493463487,0 -76.9730782355914,-11.86445191536241,0 -76.9695880050097,-11.8582891736061,0 -76.967604181265,-11.8547844429848,0 -76.9648475135762,-11.849921494179,0 -76.9631754581915,-11.8469713265541,0 -76.9608564027275,-11.8393582668069,0 -76.9593920873223,-11.8345490953377,0 -76.96480815261739,-11.8287720143099,0 -76.9669277666204,-11.82651114453451,0 -76.9690369674958,-11.8208483065023,0 -76.9706376594313,-11.8165506545713,0 -76.9702593742133,-11.8125855266891,0 -76.9699690006975,-11.8095445230694,0 -76.9695434569924,-11.8050849451638,0 -76.96944517832119,-11.8040545046473,0 -76.96922007470199,-11.8016955473918,0 -76.9672259646523,-11.8007785608613,0 -76.9624491520624,-11.79858482366011,0 -76.96210889589329,-11.7976243868303,0 -76.965069,-11.800545,0 
						</coordinates>
					</LineString>
				</MultiGeometry>
			</Placemark>
		</Folder>
	</Document>
	<Document id="LINEA_ELECTRICA_2112" xsi:schemaLocation="http://www.opengis.net/kml/2.2 http://schemas.opengis.net/kml/2.2.0/ogckml22.xsd http://www.google.com/kml/ext/2.2 http://code.google.com/apis/kml/schema/kml22gx.xsd">
		<name>LINEA ELECTRICA 2112</name>
		<open>1</open>
		<Snippet maxLines="0"></Snippet>
		<Style id="LineStyle2021">
			<LabelStyle>
				<color>00000000</color>
				<scale>0</scale>
			</LabelStyle>
			<LineStyle>
				<color>ffe65c00</color>
				<width>2</width>
			</LineStyle>
			<PolyStyle>
				<color>00000000</color>
				<outline>0</outline>
			</PolyStyle>
		</Style>
		<Folder id="FeatureLayer2">
			<name>LINEA ELECTRICA 2112</name>
			<open>1</open>
			<Snippet maxLines="0"></Snippet>
			<Placemark id="ID_20000">
				<name>L2112</name>
				<Snippet maxLines="0"></Snippet>
				<description><![CDATA[<html xmlns:fo="http://www.w3.org/1999/XSL/Format" xmlns:msxsl="urn:schemas-microsoft-com:xslt">

<head>

<META http-equiv="Content-Type" content="text/html">

<meta http-equiv="content-type" content="text/html; charset=UTF-8">

</head>

<body style="margin:0px 0px 0px 0px;overflow:auto;background:#FFFFFF;">

<table style="font-family:Arial,Verdana,Times;font-size:12px;text-align:left;width:100%;border-collapse:collapse;padding:3px 3px 3px 3px">

<tr style="text-align:center;font-weight:bold;background:#9CBCE2">

<td>L2112</td>

</tr>

<tr>

<td>

<table style="font-family:Arial,Verdana,Times;font-size:12px;text-align:left;width:100%;border-spacing:0px; padding:3px 3px 3px 3px">

<tr>

<td>FID</td>

<td>0</td>

</tr>

<tr bgcolor="#D4E4F3">

<td>Id</td>

<td>0</td>

</tr>

<tr>

<td>LINEA</td>

<td>L2112</td>

</tr>

<tr bgcolor="#D4E4F3">

<td>TIPO</td>

<td>LINEA ELECTRICA AEREA</td>

</tr>

<tr>

<td>RECORRIDO</td>

<td>SET MIRADOR-SET CARABAYLLO</td>

</tr>

</table>

</td>

</tr>

</table>

</body>

</html>]]></description>
				<styleUrl>#LineStyle2021</styleUrl>
				<MultiGeometry>
					<LineString>
						<tessellate>1</tessellate>
						<coordinates>
							-76.988525,-11.90844299999999,0 -76.98684086712559,-11.9052098039685,0 -76.9873106318386,-11.9052214454472,0 -76.9891793872729,-11.904640964992,0 -76.99042388557319,-11.8995158188252,0 -76.99108592602811,-11.89678928807379,0 -76.99224594988431,-11.8920117864782,0 -76.9890848793347,-11.887671456739,0 -76.9855047432345,-11.88273926398679,0 -76.9816953950247,-11.87749909864559,0 -76.9801461070123,-11.8753678119712,0 -76.9776306780615,-11.87190734770921,0 -76.97613475151719,-11.8698493463487,0 -76.9730782355914,-11.86445191536241,0 -76.9695880050097,-11.8582891736061,0 -76.967604181265,-11.8547844429848,0 -76.9648475135762,-11.849921494179,0 -76.9631754581915,-11.8469713265541,0 -76.9608564027275,-11.8393582668069,0 -76.9593920873223,-11.8345490953377,0 -76.96480815261739,-11.8287720143099,0 -76.9669277666204,-11.82651114453451,0 -76.9690369674958,-11.8208483065023,0 -76.9706376594313,-11.8165506545713,0 -76.9702593742133,-11.8125855266891,0 -76.9699690006975,-11.8095445230694,0 -76.9695434569924,-11.8050849451638,0 -76.96944517832119,-11.8040545046473,0 -76.96922007470199,-11.8016955473918,0 -76.9672259646523,-11.8007785608613,0 -76.9624491520624,-11.79858482366011,0 -76.96210889589329,-11.7976243868303,0 -76.965069,-11.800545,0 
						</coordinates>
					</LineString>
				</MultiGeometry>
			</Placemark>
		</Folder>
	</Document>
	<Document id="LINEA_ELECTRICA_6349" xsi:schemaLocation="http://www.opengis.net/kml/2.2 http://schemas.opengis.net/kml/2.2.0/ogckml22.xsd http://www.google.com/kml/ext/2.2 http://code.google.com/apis/kml/schema/kml22gx.xsd">
		<name>LINEA ELECTRICA 6349</name>
		<open>1</open>
		<Snippet maxLines="0"></Snippet>
		<Style id="LineStyle2022">
			<LabelStyle>
				<color>00000000</color>
				<scale>0</scale>
			</LabelStyle>
			<LineStyle>
				<color>ff0000ff</color>
				<width>1.7</width>
			</LineStyle>
			<PolyStyle>
				<color>00000000</color>
				<outline>0</outline>
			</PolyStyle>
		</Style>
		<Style id="LineStyle303">
			<LabelStyle>
				<color>00000000</color>
				<scale>0</scale>
			</LabelStyle>
			<LineStyle>
				<color>ffe65c00</color>
				<width>2</width>
			</LineStyle>
			<PolyStyle>
				<color>00000000</color>
				<outline>0</outline>
			</PolyStyle>
		</Style>
		<Folder id="FeatureLayer2">
			<name>LINEA_ELECTRICA_SUBTERRANEA__6349</name>
			<Snippet maxLines="0"></Snippet>
			<Placemark id="ID_20000">
				<Snippet maxLines="0"></Snippet>
				<description><![CDATA[<html xmlns:fo="http://www.w3.org/1999/XSL/Format" xmlns:msxsl="urn:schemas-microsoft-com:xslt">

<head>

<META http-equiv="Content-Type" content="text/html">

<meta http-equiv="content-type" content="text/html; charset=UTF-8">

</head>

<body style="margin:0px 0px 0px 0px;overflow:auto;background:#FFFFFF;">

<table style="font-family:Arial,Verdana,Times;font-size:12px;text-align:left;width:100%;border-collapse:collapse;padding:3px 3px 3px 3px">

<tr style="text-align:center;font-weight:bold;background:#9CBCE2">

<td></td>

</tr>

<tr>

<td>

<table style="font-family:Arial,Verdana,Times;font-size:12px;text-align:left;width:100%;border-spacing:0px; padding:3px 3px 3px 3px">

<tr>

<td>FID</td>

<td>0</td>

</tr>

<tr bgcolor="#D4E4F3">

<td>LINEA</td>

<td>L6349</td>

</tr>

<tr>

<td>TIPO</td>

<td>LINEA ELECTRICA SUBTERRANEA</td>

</tr>

<tr bgcolor="#D4E4F3">

<td>RECORRIDO</td>

<td>SET COMAS - SET HUARANGAL</td>

</tr>

</table>

</td>

</tr>

</table>

</body>

</html>]]></description>
				<styleUrl>#LineStyle2022</styleUrl>
				<MultiGeometry>
					<LineString>
						<tessellate>1</tessellate>
						<coordinates>
							-77.0479154690546,-11.8263612067914,0 -77.04792766864813,-11.82618649052144,0 -77.04888651,-11.82631486,0 -77.04857124999999,-11.82907742,0 -77.04854736999999,-11.82942995,0 -77.04846949020828,-11.82997310914125,0 -77.04791854,-11.83014115,0 -77.04659470999999,-11.83037681999999,0 -77.0456451567607,-11.83061902289589,0 -77.04482689556633,-11.83070653000018,0 -77.04494726358504,-11.83082205026718,0 -77.04615691864474,-11.83168422897407,0 -77.04645619999999,-11.83189077,0 -77.04665816000001,-11.83204622999999,0 -77.04686705,-11.83218798,0 -77.04710680423482,-11.83238267846069,0 -77.04711708201626,-11.83241576108771,0 -77.04714484910843,-11.83249716605486,0 -77.04717250673015,-11.83256385607089,0 -77.04724500209261,-11.83268538265325,0 -77.04739716009614,-11.83290667987608,0 -77.04756273,-11.83321913,0 -77.04786437799281,-11.83370919169078,0 -77.04793823477185,-11.83384735667436,0 -77.04867964,-11.83531349,0 -77.04877766,-11.83548793,0 -77.04677353,-11.8357022,0 -77.04643795,-11.83587856,0 -77.04634104,-11.83593862999999,0 -77.04442659,-11.83712534,0 -77.04463653000001,-11.83745192,0 -77.04595865,-11.83949560000001,0 -77.04654957,-11.84040901,0 -77.04673896,-11.84070175,0 -77.04569766,-11.84123571999999,0 -77.04504409,-11.84157086,0 -77.04495095999999,-11.84161861999999,0 -77.04442313,-11.84188931,0 -77.04432401,-11.84194609999999,0 -77.04418436,-11.84204609,0 -77.04406911,-11.84214145999999,0 -77.04377581999999,-11.84238435,0 -77.04347448,-11.84263389999999,0 -77.04339149,-11.84270887000001,0 -77.04315549551362,-11.8429498990741,0 -77.04295298395286,-11.84314027685711,0 -77.04279875693996,-11.84329443597917,0 -77.04275072090022,-11.84336413177024,0 -77.04166048,-11.84477169000001,0 -77.04160165,-11.84489703,0 -77.04157884,-11.84502086,0 -77.04157472999999,-11.84520540999999,0 -77.04162445,-11.84538215,0 -77.04160967999999,-11.84545254,0 -77.04144999,-11.84563503,0 -77.03942523000001,-11.84717231,0 -77.03887311,-11.84763552,0 -77.03794968,-11.84819761,0 -77.03665006999999,-11.84918912000001,0 -77.03646884,-11.84934877000001,0 -77.0362923,-11.84946613,0 -77.03571632000001,-11.84992876,0 -77.03509751,-11.85042441999999,0 -77.03493578,-11.85052824,0 -77.03456643,-11.85081555,0 -77.0344273,-11.85094499,0 -77.03423159,-11.85116820999999,0 -77.03405563,-11.85139898000001,0 -77.03392409999999,-11.85161757999999,0 -77.03379165,-11.85187054999999,0 -77.03377501185967,-11.8519858617771,0 -77.03375638081401,-11.85211021225231,0 -77.03593582000001,-11.8535664,0 -77.03655094,-11.8539558,0 -77.03712094499588,-11.85431619895778,0 -77.03694240099998,-11.85449853999996,0 
						</coordinates>
					</LineString>
				</MultiGeometry>
			</Placemark>
			<Placemark id="ID_20001">
				<Snippet maxLines="0"></Snippet>
				<description><![CDATA[<html xmlns:fo="http://www.w3.org/1999/XSL/Format" xmlns:msxsl="urn:schemas-microsoft-com:xslt">

<head>

<META http-equiv="Content-Type" content="text/html">

<meta http-equiv="content-type" content="text/html; charset=UTF-8">

</head>

<body style="margin:0px 0px 0px 0px;overflow:auto;background:#FFFFFF;">

<table style="font-family:Arial,Verdana,Times;font-size:12px;text-align:left;width:100%;border-collapse:collapse;padding:3px 3px 3px 3px">

<tr style="text-align:center;font-weight:bold;background:#9CBCE2">

<td></td>

</tr>

<tr>

<td>

<table style="font-family:Arial,Verdana,Times;font-size:12px;text-align:left;width:100%;border-spacing:0px; padding:3px 3px 3px 3px">

<tr>

<td>FID</td>

<td>1</td>

</tr>

<tr bgcolor="#D4E4F3">

<td>LINEA</td>

<td>L6349</td>

</tr>

<tr>

<td>TIPO</td>

<td>LINEA ELECTRICA SUBTERRANEA</td>

</tr>

<tr bgcolor="#D4E4F3">

<td>RECORRIDO</td>

<td>SET COMAS - SET HUARANGAL</td>

</tr>

</table>

</td>

</tr>

</table>

</body>

</html>]]></description>
				<styleUrl>#LineStyle2022</styleUrl>
				<MultiGeometry>
					<LineString>
						<tessellate>1</tessellate>
						<coordinates>
							-77.03176977499999,-11.86229052699996,0 -77.03180286,-11.86219534999999,0 -77.03184200107873,-11.86207935283729,0 -77.03202804999999,-11.86131449,0 -77.03225309063487,-11.86033103801634,0 -77.03250949287218,-11.85930090672775,0 -77.03257246815794,-11.85919882107533,0 -77.03309394548799,-11.85831026749343,0 -77.03360096,-11.85730771,0 -77.03367391171949,-11.85713944027492,0 -77.03383050448933,-11.85685316966931,0 -77.03389412999996,-11.85672578899994,0 
						</coordinates>
					</LineString>
				</MultiGeometry>
			</Placemark>
			<Placemark id="ID_20002">
				<Snippet maxLines="0"></Snippet>
				<description><![CDATA[<html xmlns:fo="http://www.w3.org/1999/XSL/Format" xmlns:msxsl="urn:schemas-microsoft-com:xslt">

<head>

<META http-equiv="Content-Type" content="text/html">

<meta http-equiv="content-type" content="text/html; charset=UTF-8">

</head>

<body style="margin:0px 0px 0px 0px;overflow:auto;background:#FFFFFF;">

<table style="font-family:Arial,Verdana,Times;font-size:12px;text-align:left;width:100%;border-collapse:collapse;padding:3px 3px 3px 3px">

<tr style="text-align:center;font-weight:bold;background:#9CBCE2">

<td></td>

</tr>

<tr>

<td>

<table style="font-family:Arial,Verdana,Times;font-size:12px;text-align:left;width:100%;border-spacing:0px; padding:3px 3px 3px 3px">

<tr>

<td>FID</td>

<td>2</td>

</tr>

<tr bgcolor="#D4E4F3">

<td>LINEA</td>

<td>L6349</td>

</tr>

<tr>

<td>TIPO</td>

<td>LINEA ELECTRICA SUBTERRANEA</td>

</tr>

<tr bgcolor="#D4E4F3">

<td>RECORRIDO</td>

<td>SET COMAS - SET HUARANGAL</td>

</tr>

</table>

</td>

</tr>

</table>

</body>

</html>]]></description>
				<styleUrl>#LineStyle2022</styleUrl>
				<MultiGeometry>
					<LineString>
						<tessellate>1</tessellate>
						<coordinates>
							-77.0302668150116,-11.868985933919,0 -77.03031805000001,-11.86888156,0 -77.03053943,-11.86823003999999,0 -77.03061003000001,-11.8676913,0 -77.03064045000001,-11.86724724999999,0 -77.03066971,-11.86719796,0 -77.03093292,-11.86586553,0 -77.03098652599994,-11.86556799399995,0 
						</coordinates>
					</LineString>
				</MultiGeometry>
			</Placemark>
			<Placemark id="ID_20003">
				<Snippet maxLines="0"></Snippet>
				<description><![CDATA[<html xmlns:fo="http://www.w3.org/1999/XSL/Format" xmlns:msxsl="urn:schemas-microsoft-com:xslt">

<head>

<META http-equiv="Content-Type" content="text/html">

<meta http-equiv="content-type" content="text/html; charset=UTF-8">

</head>

<body style="margin:0px 0px 0px 0px;overflow:auto;background:#FFFFFF;">

<table style="font-family:Arial,Verdana,Times;font-size:12px;text-align:left;width:100%;border-collapse:collapse;padding:3px 3px 3px 3px">

<tr style="text-align:center;font-weight:bold;background:#9CBCE2">

<td></td>

</tr>

<tr>

<td>

<table style="font-family:Arial,Verdana,Times;font-size:12px;text-align:left;width:100%;border-spacing:0px; padding:3px 3px 3px 3px">

<tr>

<td>FID</td>

<td>3</td>

</tr>

<tr bgcolor="#D4E4F3">

<td>LINEA</td>

<td>L6349</td>

</tr>

<tr>

<td>TIPO</td>

<td>LINEA ELECTRICA SUBTERRANEA</td>

</tr>

<tr bgcolor="#D4E4F3">

<td>RECORRIDO</td>

<td>SET COMAS - SET HUARANGAL</td>

</tr>

</table>

</td>

</tr>

</table>

</body>

</html>]]></description>
				<styleUrl>#LineStyle2022</styleUrl>
				<MultiGeometry>
					<LineString>
						<tessellate>1</tessellate>
						<coordinates>
							-77.05214643199997,-11.90956642799995,0 -77.05205172080996,-11.90949383026086,0 -77.05187759695838,-11.90932759793255,0 -77.0506737,-11.90793092,0 -77.05037862,-11.90768946000001,0 -77.04942533000001,-11.90659031,0 -77.04882687999999,-11.90593113,0 -77.04754226999999,-11.90454032,0 -77.04736479,-11.90430764000001,0 -77.04688068999999,-11.90381542000001,0 -77.04531892999999,-11.90207033000001,0 -77.04532735992534,-11.90204834070956,0 -77.04529819173661,-11.90201225240353,0 -77.04527061499994,-11.90197918599995,0 
						</coordinates>
					</LineString>
				</MultiGeometry>
			</Placemark>
			<Placemark id="ID_20004">
				<Snippet maxLines="0"></Snippet>
				<description><![CDATA[<html xmlns:fo="http://www.w3.org/1999/XSL/Format" xmlns:msxsl="urn:schemas-microsoft-com:xslt">

<head>

<META http-equiv="Content-Type" content="text/html">

<meta http-equiv="content-type" content="text/html; charset=UTF-8">

</head>

<body style="margin:0px 0px 0px 0px;overflow:auto;background:#FFFFFF;">

<table style="font-family:Arial,Verdana,Times;font-size:12px;text-align:left;width:100%;border-collapse:collapse;padding:3px 3px 3px 3px">

<tr style="text-align:center;font-weight:bold;background:#9CBCE2">

<td></td>

</tr>

<tr>

<td>

<table style="font-family:Arial,Verdana,Times;font-size:12px;text-align:left;width:100%;border-spacing:0px; padding:3px 3px 3px 3px">

<tr>

<td>FID</td>

<td>4</td>

</tr>

<tr bgcolor="#D4E4F3">

<td>LINEA</td>

<td>L6349</td>

</tr>

<tr>

<td>TIPO</td>

<td>LINEA ELECTRICA SUBTERRANEA</td>

</tr>

<tr bgcolor="#D4E4F3">

<td>RECORRIDO</td>

<td>SET COMAS - SET HUARANGAL</td>

</tr>

</table>

</td>

</tr>

</table>

</body>

</html>]]></description>
				<styleUrl>#LineStyle2022</styleUrl>
				<MultiGeometry>
					<LineString>
						<tessellate>1</tessellate>
						<coordinates>
							-77.05803709699995,-11.91547051999993,0 -77.05809644,-11.91535527,0 -77.05815216000001,-11.91521303,0 -77.05819783,-11.9151247,0 -77.05826428,-11.91504656,0 -77.05834234,-11.91498809,0 -77.05851807000001,-11.91486794,0 -77.05865218167047,-11.9147956128525,0 -77.05884621169676,-11.91513261841607,0 -77.05903790000001,-11.91503512000001,0 -77.0593617,-11.91481688999999,0 -77.05966357,-11.91463949999999,0 -77.05980055000001,-11.91455685999999,0 -77.05993814999999,-11.91448104999999,0 -77.0610518,-11.91378988,0 -77.06119892,-11.91370288999999,0 -77.06153352,-11.91349787,0 -77.06211793313793,-11.91311735805631,0 -77.06225313314,-11.91330860914001,0 
						</coordinates>
					</LineString>
				</MultiGeometry>
			</Placemark>
		</Folder>
		<Folder id="FeatureLayer3">
			<name>LINEA_ELECTRICA_AEREA__6349</name>
			<open>1</open>
			<Snippet maxLines="0"></Snippet>
			<Placemark id="ID_30000">
				<name>L6349</name>
				<Snippet maxLines="0"></Snippet>
				<description><![CDATA[<html xmlns:fo="http://www.w3.org/1999/XSL/Format" xmlns:msxsl="urn:schemas-microsoft-com:xslt">

<head>

<META http-equiv="Content-Type" content="text/html">

<meta http-equiv="content-type" content="text/html; charset=UTF-8">

</head>

<body style="margin:0px 0px 0px 0px;overflow:auto;background:#FFFFFF;">

<table style="font-family:Arial,Verdana,Times;font-size:12px;text-align:left;width:100%;border-collapse:collapse;padding:3px 3px 3px 3px">

<tr style="text-align:center;font-weight:bold;background:#9CBCE2">

<td>L6349</td>

</tr>

<tr>

<td>

<table style="font-family:Arial,Verdana,Times;font-size:12px;text-align:left;width:100%;border-spacing:0px; padding:3px 3px 3px 3px">

<tr>

<td>FID</td>

<td>0</td>

</tr>

<tr bgcolor="#D4E4F3">

<td>LINEA</td>

<td>L6349</td>

</tr>

<tr>

<td>TIPO</td>

<td>LINEA ELECTRICA AEREA</td>

</tr>

<tr bgcolor="#D4E4F3">

<td>RECORRIDO</td>

<td>SET COMAS - SET HUARANGAL</td>

</tr>

</table>

</td>

</tr>

</table>

</body>

</html>]]></description>
				<styleUrl>#LineStyle303</styleUrl>
				<MultiGeometry>
					<LineString>
						<tessellate>1</tessellate>
						<coordinates>
							-77.03026681501157,-11.868985933919,0 -77.03002768992648,-11.8697601223243,0 -77.0296993235245,-11.8705245755821,0 -77.02921563809018,-11.8714558328447,0 -77.02872514899995,-11.87247136999998,0 -77.02920971965059,-11.87288925930996,0 -77.029721093498,-11.8734790833052,0 -77.0304559066054,-11.87432223318167,0 -77.031180109933,-11.87515711436989,0 -77.0318311297207,-11.87590604146711,0 -77.03227670699992,-11.87621479499996,0 -77.03148805714019,-11.87686778063166,0 -77.0308549684767,-11.8773984202517,0 -77.03014272899998,-11.87801970699994,0 -77.03069494085661,-11.87865742125531,0 -77.0312803636068,-11.87931586823256,0 -77.0319221322361,-11.88008284593379,0 -77.03236460799997,-11.88064289199997,0 -77.032860991455,-11.8816271485429,0 -77.03328404017059,-11.88248947631579,0 -77.03380128973509,-11.8834761863242,0 -77.03429637919869,-11.88442062903447,0 -77.03472662687878,-11.8852377102083,0 -77.0352338301082,-11.88620096175321,0 -77.03573736038149,-11.88715721557317,0 -77.03623746499993,-11.88808055199994,0 -77.03668901208979,-11.88896114498549,0 -77.0371131562203,-11.88976364029971,0 -77.0375394351237,-11.8905702224725,0 -77.0379652697588,-11.89137592103268,0 -77.0383916816489,-11.89188659896911,0 -77.0391414530571,-11.89274205086107,0 -77.03958408011798,-11.89324706868798,0 -77.04040800973191,-11.89369979023686,0 -77.0414510676345,-11.89409722780739,0 -77.04248282456081,-11.89474834462098,0 -77.04291308448859,-11.8954173612643,0 -77.04327122399995,-11.89601042199997,0 -77.04336763356758,-11.89664723547196,0 -77.04352230899995,-11.89768066199997,0 -77.0432565890365,-11.898451269453,0 -77.04305611891247,-11.89905347884781,0 -77.04299137496869,-11.89924430044989,0 -77.04317035399998,-11.89970775899995,0 -77.04383443155839,-11.9004603945151,0 -77.04447416902811,-11.901153511437,0 -77.04527061499992,-11.90197918599993,0 
						</coordinates>
					</LineString>
				</MultiGeometry>
			</Placemark>
			<Placemark id="ID_30001">
				<name>L6349</name>
				<Snippet maxLines="0"></Snippet>
				<description><![CDATA[<html xmlns:fo="http://www.w3.org/1999/XSL/Format" xmlns:msxsl="urn:schemas-microsoft-com:xslt">

<head>

<META http-equiv="Content-Type" content="text/html">

<meta http-equiv="content-type" content="text/html; charset=UTF-8">

</head>

<body style="margin:0px 0px 0px 0px;overflow:auto;background:#FFFFFF;">

<table style="font-family:Arial,Verdana,Times;font-size:12px;text-align:left;width:100%;border-collapse:collapse;padding:3px 3px 3px 3px">

<tr style="text-align:center;font-weight:bold;background:#9CBCE2">

<td>L6349</td>

</tr>

<tr>

<td>

<table style="font-family:Arial,Verdana,Times;font-size:12px;text-align:left;width:100%;border-spacing:0px; padding:3px 3px 3px 3px">

<tr>

<td>FID</td>

<td>1</td>

</tr>

<tr bgcolor="#D4E4F3">

<td>LINEA</td>

<td>L6349</td>

</tr>

<tr>

<td>TIPO</td>

<td>LINEA ELECTRICA AEREA</td>

</tr>

<tr bgcolor="#D4E4F3">

<td>RECORRIDO</td>

<td>SET COMAS - SET HUARANGAL</td>

</tr>

</table>

</td>

</tr>

</table>

</body>

</html>]]></description>
				<styleUrl>#LineStyle303</styleUrl>
				<MultiGeometry>
					<LineString>
						<tessellate>1</tessellate>
						<coordinates>
							-77.03694240099996,-11.85449853999996,0 -77.03625009299998,-11.85518138799994,0 -77.03527494799992,-11.85608318599998,0 -77.03462703499996,-11.85656687099992,0 -77.03389412999994,-11.85672578899989,0 
						</coordinates>
					</LineString>
				</MultiGeometry>
			</Placemark>
			<Placemark id="ID_30002">
				<name>L6349</name>
				<Snippet maxLines="0"></Snippet>
				<description><![CDATA[<html xmlns:fo="http://www.w3.org/1999/XSL/Format" xmlns:msxsl="urn:schemas-microsoft-com:xslt">

<head>

<META http-equiv="Content-Type" content="text/html">

<meta http-equiv="content-type" content="text/html; charset=UTF-8">

</head>

<body style="margin:0px 0px 0px 0px;overflow:auto;background:#FFFFFF;">

<table style="font-family:Arial,Verdana,Times;font-size:12px;text-align:left;width:100%;border-collapse:collapse;padding:3px 3px 3px 3px">

<tr style="text-align:center;font-weight:bold;background:#9CBCE2">

<td>L6349</td>

</tr>

<tr>

<td>

<table style="font-family:Arial,Verdana,Times;font-size:12px;text-align:left;width:100%;border-spacing:0px; padding:3px 3px 3px 3px">

<tr>

<td>FID</td>

<td>2</td>

</tr>

<tr bgcolor="#D4E4F3">

<td>LINEA</td>

<td>L6349</td>

</tr>

<tr>

<td>TIPO</td>

<td>LINEA ELECTRICA AEREA</td>

</tr>

<tr bgcolor="#D4E4F3">

<td>RECORRIDO</td>

<td>SET COMAS - SET HUARANGAL</td>

</tr>

</table>

</td>

</tr>

</table>

</body>

</html>]]></description>
				<styleUrl>#LineStyle303</styleUrl>
				<MultiGeometry>
					<LineString>
						<tessellate>1</tessellate>
						<coordinates>
							-77.03176977499999,-11.86229052699996,0 -77.03134451728168,-11.86390514871199,0 -77.03098652599994,-11.86556799399995,0 
						</coordinates>
					</LineString>
				</MultiGeometry>
			</Placemark>
			<Placemark id="ID_30003">
				<name>L6349</name>
				<Snippet maxLines="0"></Snippet>
				<description><![CDATA[<html xmlns:fo="http://www.w3.org/1999/XSL/Format" xmlns:msxsl="urn:schemas-microsoft-com:xslt">

<head>

<META http-equiv="Content-Type" content="text/html">

<meta http-equiv="content-type" content="text/html; charset=UTF-8">

</head>

<body style="margin:0px 0px 0px 0px;overflow:auto;background:#FFFFFF;">

<table style="font-family:Arial,Verdana,Times;font-size:12px;text-align:left;width:100%;border-collapse:collapse;padding:3px 3px 3px 3px">

<tr style="text-align:center;font-weight:bold;background:#9CBCE2">

<td>L6349</td>

</tr>

<tr>

<td>

<table style="font-family:Arial,Verdana,Times;font-size:12px;text-align:left;width:100%;border-spacing:0px; padding:3px 3px 3px 3px">

<tr>

<td>FID</td>

<td>3</td>

</tr>

<tr bgcolor="#D4E4F3">

<td>LINEA</td>

<td>L6349</td>

</tr>

<tr>

<td>TIPO</td>

<td>LINEA ELECTRICA AEREA</td>

</tr>

<tr bgcolor="#D4E4F3">

<td>RECORRIDO</td>

<td>SET COMAS - SET HUARANGAL</td>

</tr>

</table>

</td>

</tr>

</table>

</body>

</html>]]></description>
				<styleUrl>#LineStyle303</styleUrl>
				<MultiGeometry>
					<LineString>
						<tessellate>1</tessellate>
						<coordinates>
							-77.05214643199997,-11.90956642799995,0 -77.05273666241598,-11.91001268414797,0 -77.05351233299997,-11.91057778299995,0 -77.05405098375201,-11.9109953630101,0 -77.05426373998999,-11.9113722820749,0 -77.05481304676958,-11.91234610747369,0 -77.0553002136036,-11.91321728703859,0 -77.05583120112189,-11.91416681289289,0 -77.0564485071651,-11.9152707009383,0 -77.05704968399992,-11.91597482699996,0 -77.05803709699995,-11.91547051999993,0 
						</coordinates>
					</LineString>
				</MultiGeometry>
			</Placemark>
		</Folder>
	</Document>
	<Document id="LINEA_ELECTRICA_623" xsi:schemaLocation="http://www.opengis.net/kml/2.2 http://schemas.opengis.net/kml/2.2.0/ogckml22.xsd http://www.google.com/kml/ext/2.2 http://code.google.com/apis/kml/schema/kml22gx.xsd">
		<name>LINEA ELECTRICA 623</name>
		<open>1</open>
		<Snippet maxLines="0"></Snippet>
		<Style id="LineStyle2023">
			<LabelStyle>
				<color>00000000</color>
				<scale>0</scale>
			</LabelStyle>
			<LineStyle>
				<color>ff0000ff</color>
				<width>1.7</width>
			</LineStyle>
			<PolyStyle>
				<color>00000000</color>
				<outline>0</outline>
			</PolyStyle>
		</Style>
		<Style id="LineStyle304">
			<LabelStyle>
				<color>00000000</color>
				<scale>0</scale>
			</LabelStyle>
			<LineStyle>
				<color>ffe65c00</color>
				<width>2</width>
			</LineStyle>
			<PolyStyle>
				<color>00000000</color>
				<outline>0</outline>
			</PolyStyle>
		</Style>
		<Folder id="FeatureLayer2">
			<name>LINEA_ELECTRICA_SUBTERRANEA_623</name>
			<Snippet maxLines="0"></Snippet>
			<Placemark id="ID_20000">
				<name>L623</name>
				<Snippet maxLines="0"></Snippet>
				<description><![CDATA[<html xmlns:fo="http://www.w3.org/1999/XSL/Format" xmlns:msxsl="urn:schemas-microsoft-com:xslt">

<head>

<META http-equiv="Content-Type" content="text/html">

<meta http-equiv="content-type" content="text/html; charset=UTF-8">

</head>

<body style="margin:0px 0px 0px 0px;overflow:auto;background:#FFFFFF;">

<table style="font-family:Arial,Verdana,Times;font-size:12px;text-align:left;width:100%;border-collapse:collapse;padding:3px 3px 3px 3px">

<tr style="text-align:center;font-weight:bold;background:#9CBCE2">

<td></td>

</tr>

<tr>

<td>

<table style="font-family:Arial,Verdana,Times;font-size:12px;text-align:left;width:100%;border-spacing:0px; padding:3px 3px 3px 3px">

<tr>

<td>FID</td>

<td>0</td>

</tr>

<tr bgcolor="#D4E4F3">

<td>LINEA</td>

<td>L623</td>

</tr>

<tr>

<td>TIPO</td>

<td>LINEA ELECTRICA SUBTERRANEA</td>

</tr>

<tr bgcolor="#D4E4F3">

<td>RECORRIDO</td>

<td>SET BARSI - SET STA-MARINA</td>

</tr>

</table>

</td>

</tr>

</table>

</body>

</html>]]></description>
				<styleUrl>#LineStyle2023</styleUrl>
				<MultiGeometry>
					<LineString>
						<tessellate>1</tessellate>
						<coordinates>
							-77.13082025899996,-12.05286186599994,0 -77.13088845532167,-12.05269264141098,0 -77.13153476288123,-12.05189434040357,0 -77.13162730236272,-12.05152384840471,0 -77.13172060216819,-12.05153167154025,0 -77.13174607599996,-12.05149914499998,0 
						</coordinates>
					</LineString>
				</MultiGeometry>
			</Placemark>
			<Placemark id="ID_20001">
				<Snippet maxLines="0"></Snippet>
				<description><![CDATA[<html xmlns:fo="http://www.w3.org/1999/XSL/Format" xmlns:msxsl="urn:schemas-microsoft-com:xslt">

<head>

<META http-equiv="Content-Type" content="text/html">

<meta http-equiv="content-type" content="text/html; charset=UTF-8">

</head>

<body style="margin:0px 0px 0px 0px;overflow:auto;background:#FFFFFF;">

<table style="font-family:Arial,Verdana,Times;font-size:12px;text-align:left;width:100%;border-collapse:collapse;padding:3px 3px 3px 3px">

<tr style="text-align:center;font-weight:bold;background:#9CBCE2">

<td></td>

</tr>

<tr>

<td>

<table style="font-family:Arial,Verdana,Times;font-size:12px;text-align:left;width:100%;border-spacing:0px; padding:3px 3px 3px 3px">

<tr>

<td>FID</td>

<td>1</td>

</tr>

<tr bgcolor="#D4E4F3">

<td>LINEA</td>

<td></td>

</tr>

<tr>

<td>TIPO</td>

<td></td>

</tr>

<tr bgcolor="#D4E4F3">

<td>RECORRIDO</td>

<td></td>

</tr>

</table>

</td>

</tr>

</table>

</body>

</html>]]></description>
				<styleUrl>#LineStyle2023</styleUrl>
				<MultiGeometry>
					<LineString>
						<tessellate>1</tessellate>
						<coordinates>
							-77.12531525799994,-12.04407413699994,0 -77.12372923299995,-12.04438446299997,0 -77.12209708199998,-12.04466801999996,0 -77.12045567499996,-12.04494259999996,0 -77.11883290799994,-12.04525317999997,0 -77.11722864099994,-12.04558168599993,0 -77.11558714799997,-12.04584720199995,0 -77.11395497199999,-12.04613071299998,0 
						</coordinates>
					</LineString>
				</MultiGeometry>
			</Placemark>
		</Folder>
		<Folder id="FeatureLayer3">
			<name>LINEA ELECTRICA AEREA_623</name>
			<open>1</open>
			<Snippet maxLines="0"></Snippet>
			<Placemark id="ID_30000">
				<name>L623</name>
				<Snippet maxLines="0"></Snippet>
				<description><![CDATA[<html xmlns:fo="http://www.w3.org/1999/XSL/Format" xmlns:msxsl="urn:schemas-microsoft-com:xslt">

<head>

<META http-equiv="Content-Type" content="text/html">

<meta http-equiv="content-type" content="text/html; charset=UTF-8">

</head>

<body style="margin:0px 0px 0px 0px;overflow:auto;background:#FFFFFF;">

<table style="font-family:Arial,Verdana,Times;font-size:12px;text-align:left;width:100%;border-collapse:collapse;padding:3px 3px 3px 3px">

<tr style="text-align:center;font-weight:bold;background:#9CBCE2">

<td>L623</td>

</tr>

<tr>

<td>

<table style="font-family:Arial,Verdana,Times;font-size:12px;text-align:left;width:100%;border-spacing:0px; padding:3px 3px 3px 3px">

<tr>

<td>FID</td>

<td>0</td>

</tr>

<tr bgcolor="#D4E4F3">

<td>LINEA</td>

<td>L623</td>

</tr>

<tr>

<td>TIPO</td>

<td>LINEA ELECTRICA AEREA</td>

</tr>

<tr bgcolor="#D4E4F3">

<td>RECORRIDO</td>

<td>SET BARSI - SET STA-MARINA</td>

</tr>

</table>

</td>

</tr>

</table>

</body>

</html>]]></description>
				<styleUrl>#LineStyle304</styleUrl>
				<MultiGeometry>
					<LineString>
						<tessellate>1</tessellate>
						<coordinates>
							-77.13174607599996,-12.05149914499998,0 -77.12994506799998,-12.05133216399998,0 -77.13048176999996,-12.04952957699993,0 -77.13080025099998,-12.04799978599993,0 -77.13112812599996,-12.04649703699994,0 -77.13084036699996,-12.04610158199995,0 -77.12941305199996,-12.04557926799993,0 -77.12804090099996,-12.04506556199994,0 -77.12676063799995,-12.04456018599995,0 -77.12531525799994,-12.04407413699994,0 
						</coordinates>
					</LineString>
				</MultiGeometry>
			</Placemark>
			<Placemark id="ID_30001">
				<name>L623</name>
				<Snippet maxLines="0"></Snippet>
				<description><![CDATA[<html xmlns:fo="http://www.w3.org/1999/XSL/Format" xmlns:msxsl="urn:schemas-microsoft-com:xslt">

<head>

<META http-equiv="Content-Type" content="text/html">

<meta http-equiv="content-type" content="text/html; charset=UTF-8">

</head>

<body style="margin:0px 0px 0px 0px;overflow:auto;background:#FFFFFF;">

<table style="font-family:Arial,Verdana,Times;font-size:12px;text-align:left;width:100%;border-collapse:collapse;padding:3px 3px 3px 3px">

<tr style="text-align:center;font-weight:bold;background:#9CBCE2">

<td>L623</td>

</tr>

<tr>

<td>

<table style="font-family:Arial,Verdana,Times;font-size:12px;text-align:left;width:100%;border-spacing:0px; padding:3px 3px 3px 3px">

<tr>

<td>FID</td>

<td>1</td>

</tr>

<tr bgcolor="#D4E4F3">

<td>LINEA</td>

<td>L623</td>

</tr>

<tr>

<td>TIPO</td>

<td>LINEA ELECTRICA AEREA</td>

</tr>

<tr bgcolor="#D4E4F3">

<td>RECORRIDO</td>

<td>SET BARSI - SET STA-MARINA</td>

</tr>

</table>

</td>

</tr>

</table>

</body>

</html>]]></description>
				<styleUrl>#LineStyle304</styleUrl>
				<MultiGeometry>
					<LineString>
						<tessellate>1</tessellate>
						<coordinates>
							-77.133021,-12.055479,0 -77.13312268499999,-12.05489578399993,0 -77.13206022799994,-12.05407245699996,0 -77.13111590782,-12.0532862147057,0 -77.13082025899996,-12.05286186599994,0 
						</coordinates>
					</LineString>
				</MultiGeometry>
			</Placemark>
			<Placemark id="ID_30002">
				<name>L623</name>
				<Snippet maxLines="0"></Snippet>
				<description><![CDATA[<html xmlns:fo="http://www.w3.org/1999/XSL/Format" xmlns:msxsl="urn:schemas-microsoft-com:xslt">

<head>

<META http-equiv="Content-Type" content="text/html">

<meta http-equiv="content-type" content="text/html; charset=UTF-8">

</head>

<body style="margin:0px 0px 0px 0px;overflow:auto;background:#FFFFFF;">

<table style="font-family:Arial,Verdana,Times;font-size:12px;text-align:left;width:100%;border-collapse:collapse;padding:3px 3px 3px 3px">

<tr style="text-align:center;font-weight:bold;background:#9CBCE2">

<td>L623</td>

</tr>

<tr>

<td>

<table style="font-family:Arial,Verdana,Times;font-size:12px;text-align:left;width:100%;border-spacing:0px; padding:3px 3px 3px 3px">

<tr>

<td>FID</td>

<td>2</td>

</tr>

<tr bgcolor="#D4E4F3">

<td>LINEA</td>

<td>L623</td>

</tr>

<tr>

<td>TIPO</td>

<td>LINEA ELECTRICA AEREA</td>

</tr>

<tr bgcolor="#D4E4F3">

<td>RECORRIDO</td>

<td>SET BARSI - SET STA-MARINA</td>

</tr>

</table>

</td>

</tr>

</table>

</body>

</html>]]></description>
				<styleUrl>#LineStyle304</styleUrl>
				<MultiGeometry>
					<LineString>
						<tessellate>1</tessellate>
						<coordinates>
							-77.11395497199999,-12.04613071299998,0 -77.11235061799994,-12.04645015599994,0 -77.11071843299999,-12.04673364999997,0 -77.10911392699995,-12.04703500099993,0 -77.10818772199997,-12.04718660999992,0 -77.10727006199994,-12.04725681299994,0 -77.10633333399994,-12.04723677899995,0 -77.10549724899994,-12.04717079299996,0 -77.10475297999994,-12.04710411099995,0 -77.10406500000001,-12.048027,0 
						</coordinates>
					</LineString>
				</MultiGeometry>
			</Placemark>
		</Folder>
	</Document>
	<Document id="LINEA_ELECTRICA_6754" xsi:schemaLocation="http://www.opengis.net/kml/2.2 http://schemas.opengis.net/kml/2.2.0/ogckml22.xsd http://www.google.com/kml/ext/2.2 http://code.google.com/apis/kml/schema/kml22gx.xsd">
		<name>LINEA ELECTRICA 6754</name>
		<open>1</open>
		<Snippet maxLines="0"></Snippet>
		<Style id="LineStyle2024">
			<LabelStyle>
				<color>00000000</color>
				<scale>0</scale>
			</LabelStyle>
			<LineStyle>
				<color>ff0000ff</color>
				<width>1.7</width>
			</LineStyle>
			<PolyStyle>
				<color>00000000</color>
				<outline>0</outline>
			</PolyStyle>
		</Style>
		<Style id="LineStyle305">
			<LabelStyle>
				<color>00000000</color>
				<scale>0</scale>
			</LabelStyle>
			<LineStyle>
				<color>ffe65c00</color>
				<width>2</width>
			</LineStyle>
			<PolyStyle>
				<color>00000000</color>
				<outline>0</outline>
			</PolyStyle>
		</Style>
		<Folder id="FeatureLayer2">
			<name>LINEA_ELECTRICA_SUBTERRANEA</name>
			<open>1</open>
			<Snippet maxLines="0"></Snippet>
			<Placemark id="ID_20000">
				<name>L6754</name>
				<Snippet maxLines="0"></Snippet>
				<description><![CDATA[<html xmlns:fo="http://www.w3.org/1999/XSL/Format" xmlns:msxsl="urn:schemas-microsoft-com:xslt">

<head>

<META http-equiv="Content-Type" content="text/html">

<meta http-equiv="content-type" content="text/html; charset=UTF-8">

</head>

<body style="margin:0px 0px 0px 0px;overflow:auto;background:#FFFFFF;">

<table style="font-family:Arial,Verdana,Times;font-size:12px;text-align:left;width:100%;border-collapse:collapse;padding:3px 3px 3px 3px">

<tr style="text-align:center;font-weight:bold;background:#9CBCE2">

<td></td>

</tr>

<tr>

<td>

<table style="font-family:Arial,Verdana,Times;font-size:12px;text-align:left;width:100%;border-spacing:0px; padding:3px 3px 3px 3px">

<tr>

<td>FID</td>

<td>0</td>

</tr>

<tr bgcolor="#D4E4F3">

<td>LINEA</td>

<td>L6754</td>

</tr>

<tr>

<td>TIPO</td>

<td>LINEA ELECTRICA SUBTERRANEA</td>

</tr>

<tr bgcolor="#D4E4F3">

<td>RECORRIDO</td>

<td>SET IZAGUIRRE - SET MIRONES</td>

</tr>

</table>

</td>

</tr>

</table>

</body>

</html>]]></description>
				<styleUrl>#LineStyle2024</styleUrl>
				<MultiGeometry>
					<LineString>
						<tessellate>1</tessellate>
						<coordinates>
							-77.06102185199995,-12.01144157999993,0 -77.06085832843267,-12.01140995923092,0 -77.06117519805193,-12.00950303260087,0 -77.06121111896208,-12.00935485809638,0 -77.06123116063695,-12.00928379474181,0 -77.0612533683027,-12.00922689854066,0 -77.06126136955479,-12.00919644715218,0 -77.06128159616352,-12.00914969635587,0 -77.06132249643176,-12.00909286722175,0 -77.06138224407266,-12.0090220896723,0 -77.06145307153491,-12.00894024026084,0 -77.06150398867611,-12.00888271599838,0 -77.06153492863484,-12.0088407252518,0 -77.06156590202835,-12.00880313032318,0 -77.06161522901708,-12.00875117964951,0 -77.06213339326249,-12.00545124594903,0 -77.06214022842565,-12.00540768977904,0 -77.06215415816111,-12.00535467464684,0 -77.06216575285312,-12.00530873172132,0 -77.0621785329526,-12.00526160422406,0 -77.06219240900565,-12.00520153449733,0 -77.06221115192774,-12.00515318720372,0 -77.06223583978165,-12.00510126858171,0 -77.06226172198183,-12.00504934115259,0 -77.06227818352281,-12.00501512065873,0 -77.06230729305905,-12.00496830604205,0 -77.06238712,-12.00478568,0 -77.06230415,-12.00401949999999,0 -77.06229070000001,-12.00382592,0 -77.06217960999999,-12.00305313,0 -77.06218463,-12.00289055999997,0 -77.06288192,-11.99826406999999,0 -77.06298157999998,-11.99820039,0 -77.06399317999998,-11.99834553999999,0 -77.0648844076572,-11.99803765872146,0 -77.06514543160026,-11.99876353159872,0 -77.06523093499997,-11.99873022899993,0 
						</coordinates>
					</LineString>
				</MultiGeometry>
			</Placemark>
			<Placemark id="ID_20001">
				<name>L6754</name>
				<Snippet maxLines="0"></Snippet>
				<description><![CDATA[<html xmlns:fo="http://www.w3.org/1999/XSL/Format" xmlns:msxsl="urn:schemas-microsoft-com:xslt">

<head>

<META http-equiv="Content-Type" content="text/html">

<meta http-equiv="content-type" content="text/html; charset=UTF-8">

</head>

<body style="margin:0px 0px 0px 0px;overflow:auto;background:#FFFFFF;">

<table style="font-family:Arial,Verdana,Times;font-size:12px;text-align:left;width:100%;border-collapse:collapse;padding:3px 3px 3px 3px">

<tr style="text-align:center;font-weight:bold;background:#9CBCE2">

<td></td>

</tr>

<tr>

<td>

<table style="font-family:Arial,Verdana,Times;font-size:12px;text-align:left;width:100%;border-spacing:0px; padding:3px 3px 3px 3px">

<tr>

<td>FID</td>

<td>1</td>

</tr>

<tr bgcolor="#D4E4F3">

<td>LINEA</td>

<td>L6754</td>

</tr>

<tr>

<td>TIPO</td>

<td>LINEA ELECTRICA SUBTERRANEA</td>

</tr>

<tr bgcolor="#D4E4F3">

<td>RECORRIDO</td>

<td>SET IZAGUIRRE - SET MIRONES</td>

</tr>

</table>

</td>

</tr>

</table>

</body>

</html>]]></description>
				<styleUrl>#LineStyle2024</styleUrl>
				<MultiGeometry>
					<LineString>
						<tessellate>1</tessellate>
						<coordinates>
							-77.06535875827731,-11.99858529940425,0 -77.06519757397623,-11.99859881854421,0 -77.06511384647727,-11.99833612206067,0 -77.06481396999624,-11.99753147638519,0 -77.06466939199468,-11.99753482963544,0 -77.06366496127359,-11.99734840922178,0 -77.06332737,-11.99726163,0 -77.06347072,-11.99683187000001,0 -77.06287436999997,-11.99644602000001,0 -77.05887024999998,-11.99517699999999,0 -77.05920392999998,-11.99309242,0 -77.05814863999998,-11.9929304,0 -77.05810606201062,-11.99265264665193,0 
						</coordinates>
					</LineString>
				</MultiGeometry>
			</Placemark>
			<Placemark id="ID_20002">
				<name>L6754</name>
				<Snippet maxLines="0"></Snippet>
				<description><![CDATA[<html xmlns:fo="http://www.w3.org/1999/XSL/Format" xmlns:msxsl="urn:schemas-microsoft-com:xslt">

<head>

<META http-equiv="Content-Type" content="text/html">

<meta http-equiv="content-type" content="text/html; charset=UTF-8">

</head>

<body style="margin:0px 0px 0px 0px;overflow:auto;background:#FFFFFF;">

<table style="font-family:Arial,Verdana,Times;font-size:12px;text-align:left;width:100%;border-collapse:collapse;padding:3px 3px 3px 3px">

<tr style="text-align:center;font-weight:bold;background:#9CBCE2">

<td></td>

</tr>

<tr>

<td>

<table style="font-family:Arial,Verdana,Times;font-size:12px;text-align:left;width:100%;border-spacing:0px; padding:3px 3px 3px 3px">

<tr>

<td>FID</td>

<td>2</td>

</tr>

<tr bgcolor="#D4E4F3">

<td>LINEA</td>

<td>L6754</td>

</tr>

<tr>

<td>TIPO</td>

<td>LINEA ELECTRICA SUBTERRANEA</td>

</tr>

<tr bgcolor="#D4E4F3">

<td>RECORRIDO</td>

<td>SET IZAGUIRRE - SET MIRONES</td>

</tr>

</table>

</td>

</tr>

</table>

</body>

</html>]]></description>
				<styleUrl>#LineStyle2024</styleUrl>
				<MultiGeometry>
					<LineString>
						<tessellate>1</tessellate>
						<coordinates>
							-77.06522059199993,-12.03469240799993,0 -77.0651741106694,-12.0345832863567,0 -77.06482902546212,-12.03220923488132,0 -77.06510952099995,-12.03217163699998,0 
						</coordinates>
					</LineString>
				</MultiGeometry>
			</Placemark>
			<Placemark id="ID_20003">
				<name>L6754</name>
				<Snippet maxLines="0"></Snippet>
				<description><![CDATA[<html xmlns:fo="http://www.w3.org/1999/XSL/Format" xmlns:msxsl="urn:schemas-microsoft-com:xslt">

<head>

<META http-equiv="Content-Type" content="text/html">

<meta http-equiv="content-type" content="text/html; charset=UTF-8">

</head>

<body style="margin:0px 0px 0px 0px;overflow:auto;background:#FFFFFF;">

<table style="font-family:Arial,Verdana,Times;font-size:12px;text-align:left;width:100%;border-collapse:collapse;padding:3px 3px 3px 3px">

<tr style="text-align:center;font-weight:bold;background:#9CBCE2">

<td></td>

</tr>

<tr>

<td>

<table style="font-family:Arial,Verdana,Times;font-size:12px;text-align:left;width:100%;border-spacing:0px; padding:3px 3px 3px 3px">

<tr>

<td>FID</td>

<td>3</td>

</tr>

<tr bgcolor="#D4E4F3">

<td>LINEA</td>

<td>L6754</td>

</tr>

<tr>

<td>TIPO</td>

<td>LINEA ELECTRICA SUBTERRANEA</td>

</tr>

<tr bgcolor="#D4E4F3">

<td>RECORRIDO</td>

<td>SET IZAGUIRRE - SET MIRONES</td>

</tr>

</table>

</td>

</tr>

</table>

</body>

</html>]]></description>
				<styleUrl>#LineStyle2024</styleUrl>
				<MultiGeometry>
					<LineString>
						<tessellate>1</tessellate>
						<coordinates>
							-77.06786400699997,-12.02736112699994,0 -77.06780037655095,-12.02736483169373,0 -77.06786017613143,-12.0275267061572,0 -77.06785330003402,-12.02785354920737,0 -77.0677979671222,-12.02803310647462,0 -77.06776003173195,-12.03173652241055,0 -77.06776964620704,-12.03179215904545,0 -77.06779721299993,-12.03183540899993,0 
						</coordinates>
					</LineString>
				</MultiGeometry>
			</Placemark>
		</Folder>
		<Folder id="FeatureLayer3">
			<name>LINEA ELECTRICA AEREA 6754</name>
			<open>1</open>
			<Snippet maxLines="0"></Snippet>
			<Placemark id="ID_30000">
				<name>L6754</name>
				<Snippet maxLines="0"></Snippet>
				<description><![CDATA[<html xmlns:fo="http://www.w3.org/1999/XSL/Format" xmlns:msxsl="urn:schemas-microsoft-com:xslt">

<head>

<META http-equiv="Content-Type" content="text/html">

<meta http-equiv="content-type" content="text/html; charset=UTF-8">

</head>

<body style="margin:0px 0px 0px 0px;overflow:auto;background:#FFFFFF;">

<table style="font-family:Arial,Verdana,Times;font-size:12px;text-align:left;width:100%;border-collapse:collapse;padding:3px 3px 3px 3px">

<tr style="text-align:center;font-weight:bold;background:#9CBCE2">

<td>L6754</td>

</tr>

<tr>

<td>

<table style="font-family:Arial,Verdana,Times;font-size:12px;text-align:left;width:100%;border-spacing:0px; padding:3px 3px 3px 3px">

<tr>

<td>FID</td>

<td>0</td>

</tr>

<tr bgcolor="#D4E4F3">

<td>LINEA</td>

<td>L6754</td>

</tr>

<tr>

<td>TIPO</td>

<td>LINEA ELECTRICA AEREA</td>

</tr>

<tr bgcolor="#D4E4F3">

<td>RECORRIDO</td>

<td>SET IZAGUIRRE - SET MIRONES</td>

</tr>

</table>

</td>

</tr>

</table>

</body>

</html>]]></description>
				<styleUrl>#LineStyle305</styleUrl>
				<MultiGeometry>
					<LineString>
						<tessellate>1</tessellate>
						<coordinates>
							-77.06786400699997,-12.02736112699994,0 -77.06907425199995,-12.02713525099995,0 -77.06916705099997,-12.02125989499996,0 -77.06836761999995,-12.01997338799993,0 -77.06769383399995,-12.01590225499996,0 -77.06596298899996,-12.01286925899996,0 -77.06454628099993,-12.01250013199996,0 -77.06436764799997,-12.01195013399995,0 -77.06269492099995,-12.01171845599992,0 -77.06102185199995,-12.01144157999993,0 
						</coordinates>
					</LineString>
				</MultiGeometry>
			</Placemark>
			<Placemark id="ID_30001">
				<name>L6754</name>
				<Snippet maxLines="0"></Snippet>
				<description><![CDATA[<html xmlns:fo="http://www.w3.org/1999/XSL/Format" xmlns:msxsl="urn:schemas-microsoft-com:xslt">

<head>

<META http-equiv="Content-Type" content="text/html">

<meta http-equiv="content-type" content="text/html; charset=UTF-8">

</head>

<body style="margin:0px 0px 0px 0px;overflow:auto;background:#FFFFFF;">

<table style="font-family:Arial,Verdana,Times;font-size:12px;text-align:left;width:100%;border-collapse:collapse;padding:3px 3px 3px 3px">

<tr style="text-align:center;font-weight:bold;background:#9CBCE2">

<td>L6754</td>

</tr>

<tr>

<td>

<table style="font-family:Arial,Verdana,Times;font-size:12px;text-align:left;width:100%;border-spacing:0px; padding:3px 3px 3px 3px">

<tr>

<td>FID</td>

<td>1</td>

</tr>

<tr bgcolor="#D4E4F3">

<td>LINEA</td>

<td>L6754</td>

</tr>

<tr>

<td>TIPO</td>

<td>LINEA ELECTRICA AEREA</td>

</tr>

<tr bgcolor="#D4E4F3">

<td>RECORRIDO</td>

<td>SET IZAGUIRRE - SET MIRONES</td>

</tr>

</table>

</td>

</tr>

</table>

</body>

</html>]]></description>
				<styleUrl>#LineStyle305</styleUrl>
				<MultiGeometry>
					<LineString>
						<tessellate>1</tessellate>
						<coordinates>
							-77.065596,-12.04463799999998,0 -77.06542406899993,-12.04449708999993,0 -77.06551063399996,-12.04380956399994,0 -77.06556993099997,-12.04315839099997,0 -77.06575997399995,-12.04159341699993,0 -77.06591377299998,-12.04009197699998,0 -77.06598507599995,-12.03860922399998,0 -77.06608572099999,-12.03736123999994,0 -77.06619202399997,-12.03565227799991,0 -77.06564831999997,-12.03539420299995,0 -77.06522059199993,-12.03469240799993,0 
						</coordinates>
					</LineString>
				</MultiGeometry>
			</Placemark>
			<Placemark id="ID_30002">
				<name>L6754</name>
				<Snippet maxLines="0"></Snippet>
				<description><![CDATA[<html xmlns:fo="http://www.w3.org/1999/XSL/Format" xmlns:msxsl="urn:schemas-microsoft-com:xslt">

<head>

<META http-equiv="Content-Type" content="text/html">

<meta http-equiv="content-type" content="text/html; charset=UTF-8">

</head>

<body style="margin:0px 0px 0px 0px;overflow:auto;background:#FFFFFF;">

<table style="font-family:Arial,Verdana,Times;font-size:12px;text-align:left;width:100%;border-collapse:collapse;padding:3px 3px 3px 3px">

<tr style="text-align:center;font-weight:bold;background:#9CBCE2">

<td>L6754</td>

</tr>

<tr>

<td>

<table style="font-family:Arial,Verdana,Times;font-size:12px;text-align:left;width:100%;border-spacing:0px; padding:3px 3px 3px 3px">

<tr>

<td>FID</td>

<td>2</td>

</tr>

<tr bgcolor="#D4E4F3">

<td>LINEA</td>

<td>L6754</td>

</tr>

<tr>

<td>TIPO</td>

<td>LINEA ELECTRICA AEREA</td>

</tr>

<tr bgcolor="#D4E4F3">

<td>RECORRIDO</td>

<td>SET IZAGUIRRE - SET MIRONES</td>

</tr>

</table>

</td>

</tr>

</table>

</body>

</html>]]></description>
				<styleUrl>#LineStyle305</styleUrl>
				<MultiGeometry>
					<LineString>
						<tessellate>1</tessellate>
						<coordinates>
							-77.06510952099995,-12.03217163699998,0 -77.06644853599994,-12.03197192899995,0 -77.06779721299995,-12.03183540899993,0 
						</coordinates>
					</LineString>
				</MultiGeometry>
			</Placemark>
			<Placemark id="ID_30003">
				<name>L6754</name>
				<Snippet maxLines="0"></Snippet>
				<description><![CDATA[<html xmlns:fo="http://www.w3.org/1999/XSL/Format" xmlns:msxsl="urn:schemas-microsoft-com:xslt">

<head>

<META http-equiv="Content-Type" content="text/html">

<meta http-equiv="content-type" content="text/html; charset=UTF-8">

</head>

<body style="margin:0px 0px 0px 0px;overflow:auto;background:#FFFFFF;">

<table style="font-family:Arial,Verdana,Times;font-size:12px;text-align:left;width:100%;border-collapse:collapse;padding:3px 3px 3px 3px">

<tr style="text-align:center;font-weight:bold;background:#9CBCE2">

<td>L6754</td>

</tr>

<tr>

<td>

<table style="font-family:Arial,Verdana,Times;font-size:12px;text-align:left;width:100%;border-spacing:0px; padding:3px 3px 3px 3px">

<tr>

<td>FID</td>

<td>3</td>

</tr>

<tr bgcolor="#D4E4F3">

<td>LINEA</td>

<td>L6754</td>

</tr>

<tr>

<td>TIPO</td>

<td>LINEA ELECTRICA AEREA</td>

</tr>

<tr bgcolor="#D4E4F3">

<td>RECORRIDO</td>

<td>SET IZAGUIRRE - SET MIRONES</td>

</tr>

</table>

</td>

</tr>

</table>

</body>

</html>]]></description>
				<styleUrl>#LineStyle305</styleUrl>
				<MultiGeometry>
					<LineString>
						<tessellate>1</tessellate>
						<coordinates>
							-77.06523093499997,-11.99873022899993,0 -77.06535875827731,-11.99858529940425,0 
						</coordinates>
					</LineString>
				</MultiGeometry>
			</Placemark>
		</Folder>
	</Document>
	<Document id="LINEA_ELECTRICA_6441" xsi:schemaLocation="http://www.opengis.net/kml/2.2 http://schemas.opengis.net/kml/2.2.0/ogckml22.xsd http://www.google.com/kml/ext/2.2 http://code.google.com/apis/kml/schema/kml22gx.xsd">
		<name>LINEA ELECTRICA 6441</name>
		<open>1</open>
		<Snippet maxLines="0"></Snippet>
		<Style id="LineStyle2025">
			<LabelStyle>
				<color>00000000</color>
				<scale>0</scale>
			</LabelStyle>
			<LineStyle>
				<color>ff0000e6</color>
				<width>1.7</width>
			</LineStyle>
			<PolyStyle>
				<color>00000000</color>
				<outline>0</outline>
			</PolyStyle>
		</Style>
		<Style id="LineStyle306">
			<LabelStyle>
				<color>00000000</color>
				<scale>0</scale>
			</LabelStyle>
			<LineStyle>
				<color>ffe65c00</color>
				<width>2</width>
			</LineStyle>
			<PolyStyle>
				<color>00000000</color>
				<outline>0</outline>
			</PolyStyle>
		</Style>
		<Folder id="FeatureLayer2">
			<name>LINEA_ELECTRICA_SUBTERRANEA_6441</name>
			<Snippet maxLines="0"></Snippet>
			<Placemark id="ID_20000">
				<name>L6441</name>
				<Snippet maxLines="0"></Snippet>
				<description><![CDATA[<html xmlns:fo="http://www.w3.org/1999/XSL/Format" xmlns:msxsl="urn:schemas-microsoft-com:xslt">

<head>

<META http-equiv="Content-Type" content="text/html">

<meta http-equiv="content-type" content="text/html; charset=UTF-8">

</head>

<body style="margin:0px 0px 0px 0px;overflow:auto;background:#FFFFFF;">

<table style="font-family:Arial,Verdana,Times;font-size:12px;text-align:left;width:100%;border-collapse:collapse;padding:3px 3px 3px 3px">

<tr style="text-align:center;font-weight:bold;background:#9CBCE2">

<td></td>

</tr>

<tr>

<td>

<table style="font-family:Arial,Verdana,Times;font-size:12px;text-align:left;width:100%;border-spacing:0px; padding:3px 3px 3px 3px">

<tr>

<td>FID</td>

<td>0</td>

</tr>

<tr bgcolor="#D4E4F3">

<td>LINEA</td>

<td>L6441</td>

</tr>

<tr>

<td>TIPO</td>

<td>LINEA ELECTRICA SUBTERRANEA</td>

</tr>

<tr bgcolor="#D4E4F3">

<td>RECORRIDO</td>

<td>SET BARSI - SET MARANGA</td>

</tr>

</table>

</td>

</tr>

</table>

</body>

</html>]]></description>
				<styleUrl>#LineStyle2025</styleUrl>
				<MultiGeometry>
					<LineString>
						<tessellate>1</tessellate>
						<coordinates>
							-77.10406500000001,-12.048027,0 -77.10408188647547,-12.04774963014252,0 -77.1048873603839,-12.04781478534631,0 -77.10483707535492,-12.04828642082581,0 -77.10479057000001,-12.04879511000001,0 -77.10486228000001,-12.04892090000001,0 -77.10530939241197,-12.04896384399179,0 -77.10531214457895,-12.04909247839256,0 -77.10628869191392,-12.04918700092974,0 -77.10638343722088,-12.04932154414465,0 -77.10635943299997,-12.04940563899992,0 
						</coordinates>
					</LineString>
				</MultiGeometry>
			</Placemark>
		</Folder>
		<Folder id="FeatureLayer3">
			<name>LINEA ELECTRICA AEREA 6441</name>
			<open>1</open>
			<Snippet maxLines="0"></Snippet>
			<Placemark id="ID_30000">
				<name>L6441</name>
				<Snippet maxLines="0"></Snippet>
				<description><![CDATA[<html xmlns:fo="http://www.w3.org/1999/XSL/Format" xmlns:msxsl="urn:schemas-microsoft-com:xslt">

<head>

<META http-equiv="Content-Type" content="text/html">

<meta http-equiv="content-type" content="text/html; charset=UTF-8">

</head>

<body style="margin:0px 0px 0px 0px;overflow:auto;background:#FFFFFF;">

<table style="font-family:Arial,Verdana,Times;font-size:12px;text-align:left;width:100%;border-collapse:collapse;padding:3px 3px 3px 3px">

<tr style="text-align:center;font-weight:bold;background:#9CBCE2">

<td>L6441</td>

</tr>

<tr>

<td>

<table style="font-family:Arial,Verdana,Times;font-size:12px;text-align:left;width:100%;border-spacing:0px; padding:3px 3px 3px 3px">

<tr>

<td>FID</td>

<td>0</td>

</tr>

<tr bgcolor="#D4E4F3">

<td>LINEA</td>

<td>L6441</td>

</tr>

<tr>

<td>TIPO</td>

<td>LINEA ELECTRICA AEREA</td>

</tr>

<tr bgcolor="#D4E4F3">

<td>RECORRIDO</td>

<td>SET BARSI - SET MARANGA</td>

</tr>

</table>

</td>

</tr>

</table>

</body>

</html>]]></description>
				<styleUrl>#LineStyle306</styleUrl>
				<MultiGeometry>
					<LineString>
						<tessellate>1</tessellate>
						<coordinates>
							-77.09718399999998,-12.06983199999999,0 -77.09719643299995,-12.06959283899994,0 -77.09827903599995,-12.06946718799998,0 -77.09955439699996,-12.06933103999994,0 -77.10093994299994,-12.06919405399998,0 -77.10207735199997,-12.06903182399998,0 -77.10318749499999,-12.06890594499992,0 -77.10417833599996,-12.06879000299991,0 -77.10404012199994,-12.06755287699993,0 -77.10406373065999,-12.06648789235468,0 -77.10425253899997,-12.06535509999997,0 -77.10434966399998,-12.06485728999997,0 -77.10448224799994,-12.06419653299994,0 -77.10469415599994,-12.06311040199993,0 -77.10481304399997,-12.06187133299994,0 -77.10496633199995,-12.06033375799994,0 -77.10509369699996,-12.05900424799995,0 -77.10529733599996,-12.05803566999998,0 -77.10562465599996,-12.05644255399994,0 -77.10575688399996,-12.05573661099992,0 -77.10588614899994,-12.05465110499991,0 -77.10606415899996,-12.05275183399993,0 -77.10623496199996,-12.05110567499996,0 -77.10635943299997,-12.04940563899992,0 
						</coordinates>
					</LineString>
				</MultiGeometry>
			</Placemark>
		</Folder>
	</Document>
	<Document id="LINEA_ELECTRICA_645" xsi:schemaLocation="http://www.opengis.net/kml/2.2 http://schemas.opengis.net/kml/2.2.0/ogckml22.xsd http://www.google.com/kml/ext/2.2 http://code.google.com/apis/kml/schema/kml22gx.xsd">
		<name>LINEA ELECTRICA 645</name>
		<open>1</open>
		<Snippet maxLines="0"></Snippet>
		<Style id="LineStyle2026">
			<LabelStyle>
				<color>00000000</color>
				<scale>0</scale>
			</LabelStyle>
			<LineStyle>
				<color>ff0000ff</color>
				<width>1.7</width>
			</LineStyle>
			<PolyStyle>
				<color>00000000</color>
				<outline>0</outline>
			</PolyStyle>
		</Style>
		<Style id="LineStyle307">
			<LabelStyle>
				<color>00000000</color>
				<scale>0</scale>
			</LabelStyle>
			<LineStyle>
				<color>ffe65c00</color>
				<width>2</width>
			</LineStyle>
			<PolyStyle>
				<color>00000000</color>
				<outline>0</outline>
			</PolyStyle>
		</Style>
		<Folder id="FeatureLayer2">
			<name>LINEA_ELECTRICA_SUBTERRANEA_645</name>
			<Snippet maxLines="0"></Snippet>
			<Placemark id="ID_20000">
				<name>L645</name>
				<Snippet maxLines="0"></Snippet>
				<description><![CDATA[<html xmlns:fo="http://www.w3.org/1999/XSL/Format" xmlns:msxsl="urn:schemas-microsoft-com:xslt">

<head>

<META http-equiv="Content-Type" content="text/html">

<meta http-equiv="content-type" content="text/html; charset=UTF-8">

</head>

<body style="margin:0px 0px 0px 0px;overflow:auto;background:#FFFFFF;">

<table style="font-family:Arial,Verdana,Times;font-size:12px;text-align:left;width:100%;border-collapse:collapse;padding:3px 3px 3px 3px">

<tr style="text-align:center;font-weight:bold;background:#9CBCE2">

<td></td>

</tr>

<tr>

<td>

<table style="font-family:Arial,Verdana,Times;font-size:12px;text-align:left;width:100%;border-spacing:0px; padding:3px 3px 3px 3px">

<tr>

<td>FID</td>

<td>0</td>

</tr>

<tr bgcolor="#D4E4F3">

<td>LINEA</td>

<td>L645</td>

</tr>

<tr>

<td>TIPO</td>

<td>LINEA ELECTRICA SUBTERRANEA</td>

</tr>

<tr bgcolor="#D4E4F3">

<td>RECORRIDO</td>

<td>SET STA-MARINA - SET MARANGA</td>

</tr>

</table>

</td>

</tr>

</table>

</body>

</html>]]></description>
				<styleUrl>#LineStyle2026</styleUrl>
				<MultiGeometry>
					<LineString>
						<tessellate>1</tessellate>
						<coordinates>
							-77.10579368099997,-12.05574536999995,0 -77.10586248187091,-12.0555762491586,0 -77.10592071000001,-12.05532235,0 -77.10588927000001,-12.05436808999999,0 -77.10607243,-12.05268631,0 -77.10772077999999,-12.05283556,0 -77.10781801,-12.05286998,0 -77.11209623000001,-12.05326824,0 -77.11658533000001,-12.05362668,0 -77.11666181,-12.05362609999999,0 -77.11682499999999,-12.05363975000001,0 -77.11691512,-12.05365707000001,0 -77.11727377,-12.05369258,0 -77.11802342,-12.05377735000001,0 -77.11936617000001,-12.05388806000001,0 -77.11963139,-12.05395256,0 -77.11984080000001,-12.05401848,0 -77.12006047,-12.05410393000001,0 -77.12026978999999,-12.054206,0 -77.12045753,-12.05431853,0 -77.12063474999999,-12.05444659999999,0 -77.12077379,-12.05456665,0 -77.12167255999999,-12.05549265999999,0 -77.12187826,-12.05567053,0 -77.12212503000001,-12.05523028,0 -77.12234769,-12.05496309,0 -77.12385813,-12.05371814,0 -77.12398619,-12.05369666000001,0 -77.12528619,-12.05262818,0 -77.12700221,-12.05352658,0 -77.12709323999999,-12.05357831,0 -77.12717541000001,-12.05361863000001,0 -77.12727787,-12.0536689,0 -77.12784231000001,-12.05396049000001,0 -77.12853232000001,-12.05437041999999,0 -77.12864179,-12.05443546000001,0 -77.12894513000001,-12.05459246000001,0 -77.12903276,-12.05465916,0 -77.12917170999999,-12.05473233000001,0 -77.12939574000001,-12.05481898,0 -77.12982119,-12.05491847999999,0 -77.12997166,-12.05495367,0 -77.13311077,-12.05560662000001,0 -77.1331508895003,-12.05542695510301,0 -77.13309002899996,-12.05541117699993,0 
						</coordinates>
					</LineString>
				</MultiGeometry>
			</Placemark>
		</Folder>
		<Folder id="FeatureLayer3">
			<name>LINEA ELECTRICA AEREA_645</name>
			<open>1</open>
			<Snippet maxLines="0"></Snippet>
			<Placemark id="ID_30000">
				<name>L645</name>
				<Snippet maxLines="0"></Snippet>
				<description><![CDATA[<html xmlns:fo="http://www.w3.org/1999/XSL/Format" xmlns:msxsl="urn:schemas-microsoft-com:xslt">

<head>

<META http-equiv="Content-Type" content="text/html">

<meta http-equiv="content-type" content="text/html; charset=UTF-8">

</head>

<body style="margin:0px 0px 0px 0px;overflow:auto;background:#FFFFFF;">

<table style="font-family:Arial,Verdana,Times;font-size:12px;text-align:left;width:100%;border-collapse:collapse;padding:3px 3px 3px 3px">

<tr style="text-align:center;font-weight:bold;background:#9CBCE2">

<td>L645</td>

</tr>

<tr>

<td>

<table style="font-family:Arial,Verdana,Times;font-size:12px;text-align:left;width:100%;border-spacing:0px; padding:3px 3px 3px 3px">

<tr>

<td>FID</td>

<td>0</td>

</tr>

<tr bgcolor="#D4E4F3">

<td>LINEA</td>

<td>L645</td>

</tr>

<tr>

<td>TIPO</td>

<td>LINEA ELECTRICA AEREA</td>

</tr>

<tr bgcolor="#D4E4F3">

<td>RECORRIDO</td>

<td>SET STA-MARINA - SET MARANGA</td>

</tr>

</table>

</td>

</tr>

</table>

</body>

</html>]]></description>
				<styleUrl>#LineStyle307</styleUrl>
				<MultiGeometry>
					<LineString>
						<tessellate>1</tessellate>
						<coordinates>
							-77.09718399999998,-12.06983199999999,0 -77.09725166799994,-12.06961049899996,0 -77.09827903599995,-12.06946718799998,0 -77.09955439699996,-12.06933103999994,0 -77.10093994299994,-12.06919405399998,0 -77.10207735199997,-12.06903182399998,0 -77.10318749499999,-12.06890594499992,0 -77.10420602399994,-12.06880786899993,0 -77.10404012199994,-12.06755287699995,0 -77.10406373065999,-12.06648789235468,0 -77.10425253899997,-12.06535509999997,0 -77.10434966399998,-12.06485728999997,0 -77.10448224799994,-12.06419653299996,0 -77.10469415599994,-12.06311040199993,0 -77.10481304399997,-12.06187133299994,0 -77.10496633199995,-12.06033375799994,0 -77.10509369699996,-12.05900424799995,0 -77.10529733599996,-12.05803566999998,0 -77.10562465599996,-12.05644255399994,0 -77.10579368099997,-12.05574536999995,0 
						</coordinates>
					</LineString>
				</MultiGeometry>
			</Placemark>
			<Placemark id="ID_30001">
				<name>L645</name>
				<Snippet maxLines="0"></Snippet>
				<description><![CDATA[<html xmlns:fo="http://www.w3.org/1999/XSL/Format" xmlns:msxsl="urn:schemas-microsoft-com:xslt">

<head>

<META http-equiv="Content-Type" content="text/html">

<meta http-equiv="content-type" content="text/html; charset=UTF-8">

</head>

<body style="margin:0px 0px 0px 0px;overflow:auto;background:#FFFFFF;">

<table style="font-family:Arial,Verdana,Times;font-size:12px;text-align:left;width:100%;border-collapse:collapse;padding:3px 3px 3px 3px">

<tr style="text-align:center;font-weight:bold;background:#9CBCE2">

<td>L645</td>

</tr>

<tr>

<td>

<table style="font-family:Arial,Verdana,Times;font-size:12px;text-align:left;width:100%;border-spacing:0px; padding:3px 3px 3px 3px">

<tr>

<td>FID</td>

<td>1</td>

</tr>

<tr bgcolor="#D4E4F3">

<td>LINEA</td>

<td>L645</td>

</tr>

<tr>

<td>TIPO</td>

<td>LINEA ELECTRICA AEREA</td>

</tr>

<tr bgcolor="#D4E4F3">

<td>RECORRIDO</td>

<td>SET STA-MARINA - SET MARANGA</td>

</tr>

</table>

</td>

</tr>

</table>

</body>

</html>]]></description>
				<styleUrl>#LineStyle307</styleUrl>
				<MultiGeometry>
					<LineString>
						<tessellate>1</tessellate>
						<coordinates>
							-77.133021,-12.055479,0 -77.13309002899996,-12.05541117699993,0 
						</coordinates>
					</LineString>
				</MultiGeometry>
			</Placemark>
		</Folder>
	</Document>
	<Document id="LINEA_ELECTRICA_6740" xsi:schemaLocation="http://www.opengis.net/kml/2.2 http://schemas.opengis.net/kml/2.2.0/ogckml22.xsd http://www.google.com/kml/ext/2.2 http://code.google.com/apis/kml/schema/kml22gx.xsd">
		<name>LINEA ELECTRICA 6740</name>
		<open>1</open>
		<Snippet maxLines="0"></Snippet>
		<Style id="LineStyle2027">
			<LabelStyle>
				<color>00000000</color>
				<scale>0</scale>
			</LabelStyle>
			<LineStyle>
				<color>ffe65c00</color>
				<width>2</width>
			</LineStyle>
			<PolyStyle>
				<color>00000000</color>
				<outline>0</outline>
			</PolyStyle>
		</Style>
		<Style id="LineStyle308">
			<LabelStyle>
				<color>00000000</color>
				<scale>0</scale>
			</LabelStyle>
			<LineStyle>
				<color>ff0000ff</color>
				<width>1.7</width>
			</LineStyle>
			<PolyStyle>
				<color>00000000</color>
				<outline>0</outline>
			</PolyStyle>
		</Style>
		<Folder id="FeatureLayer2">
			<name>LINEA ELECTRICA AEREA 6740</name>
			<open>1</open>
			<Snippet maxLines="0"></Snippet>
			<Placemark id="ID_20000">
				<name>L6740</name>
				<Snippet maxLines="0"></Snippet>
				<description><![CDATA[<html xmlns:fo="http://www.w3.org/1999/XSL/Format" xmlns:msxsl="urn:schemas-microsoft-com:xslt">

<head>

<META http-equiv="Content-Type" content="text/html">

<meta http-equiv="content-type" content="text/html; charset=UTF-8">

</head>

<body style="margin:0px 0px 0px 0px;overflow:auto;background:#FFFFFF;">

<table style="font-family:Arial,Verdana,Times;font-size:12px;text-align:left;width:100%;border-collapse:collapse;padding:3px 3px 3px 3px">

<tr style="text-align:center;font-weight:bold;background:#9CBCE2">

<td>L6740</td>

</tr>

<tr>

<td>

<table style="font-family:Arial,Verdana,Times;font-size:12px;text-align:left;width:100%;border-spacing:0px; padding:3px 3px 3px 3px">

<tr>

<td>FID</td>

<td>0</td>

</tr>

<tr bgcolor="#D4E4F3">

<td>LINEA</td>

<td>L6740</td>

</tr>

<tr>

<td>TIPO</td>

<td>LINEA ELECTRICA AEREA</td>

</tr>

<tr bgcolor="#D4E4F3">

<td>RECORRIDO</td>

<td>SET MIRADOR - SET MARIATEGUI</td>

</tr>

</table>

</td>

</tr>

</table>

</body>

</html>]]></description>
				<styleUrl>#LineStyle2027</styleUrl>
				<MultiGeometry>
					<LineString>
						<tessellate>1</tessellate>
						<coordinates>
							-77.01404848999994,-11.95668672699996,0 -77.01395549699997,-11.95652470499994,0 -77.01360188099994,-11.95587648499998,0 -77.01399788669654,-11.95416468910014,0 -77.01446199590404,-11.9524646955867,0 -77.01556354728505,-11.94852451282256,0 -77.01668757653742,-11.94435034841374,0 -77.01540944760885,-11.94182617939474,0 -77.01686735299992,-11.93819227999995,0 -77.01499191799996,-11.93655172099993,0 -77.01378201399994,-11.93553906099993,0 -77.01243344399994,-11.93439181299994,0 -77.00937632299996,-11.93181967499993,0 -77.00527548699995,-11.92835110199997,0 -77.00262993681723,-11.92608694734262,0 -76.99921945999995,-11.92609844899994,0 -76.99623814250461,-11.92069712464735,0 -76.99348871330085,-11.91837782814473,0 -76.99081801178193,-11.91612482510938,0 -76.99107729166425,-11.91198077770362,0 -76.99122157066665,-11.90967559497699,0 -76.99140447455584,-11.90675100782086,0 -76.98963043678211,-11.90516997070042,0 -76.98844213693329,-11.90531619090758,0 -76.98683581299996,-11.90566889699994,0 -76.98665213299995,-11.90565211499994,0 
						</coordinates>
					</LineString>
				</MultiGeometry>
			</Placemark>
		</Folder>
		<Folder id="FeatureLayer3">
			<name>LINEA ELECTRICA SUBTERRANEA 6740</name>
			<open>1</open>
			<Snippet maxLines="0"></Snippet>
			<Placemark id="ID_30000">
				<name>L6740</name>
				<Snippet maxLines="0"></Snippet>
				<description><![CDATA[<html xmlns:fo="http://www.w3.org/1999/XSL/Format" xmlns:msxsl="urn:schemas-microsoft-com:xslt">

<head>

<META http-equiv="Content-Type" content="text/html">

<meta http-equiv="content-type" content="text/html; charset=UTF-8">

</head>

<body style="margin:0px 0px 0px 0px;overflow:auto;background:#FFFFFF;">

<table style="font-family:Arial,Verdana,Times;font-size:12px;text-align:left;width:100%;border-collapse:collapse;padding:3px 3px 3px 3px">

<tr style="text-align:center;font-weight:bold;background:#9CBCE2">

<td>L6740</td>

</tr>

<tr>

<td>

<table style="font-family:Arial,Verdana,Times;font-size:12px;text-align:left;width:100%;border-spacing:0px; padding:3px 3px 3px 3px">

<tr>

<td>FID</td>

<td>0</td>

</tr>

<tr bgcolor="#D4E4F3">

<td>LINEA</td>

<td>L6740</td>

</tr>

<tr>

<td>TIPO</td>

<td>LINEA ELECTRICA SUBTERRANEA</td>

</tr>

<tr bgcolor="#D4E4F3">

<td>RECORRIDO</td>

<td>SET MIRADOR - SET MARIATEGUI</td>

</tr>

</table>

</td>

</tr>

</table>

</body>

</html>]]></description>
				<styleUrl>#LineStyle308</styleUrl>
				<MultiGeometry>
					<LineString>
						<tessellate>1</tessellate>
						<coordinates>
							-76.98820790599994,-11.95415938199993,0 -76.98877163794455,-11.95512918898324,0 -76.98883229854886,-11.95520233194251,0 -76.98905554965677,-11.95486361827092,0 -76.98919530629249,-11.954781644226,0 -76.99018507584123,-11.95396940049917,0 -76.99137570546124,-11.95534338182578,0 -76.99154382262392,-11.95552440341689,0 -76.99171261631068,-11.95564730324256,0 -76.99192288806366,-11.95573068210208,0 -76.99236067892345,-11.9558081984416,0 -76.99738081643903,-11.9564730956492,0 -76.99834396749569,-11.9566021790655,0 -77.00216602052402,-11.95709528680977,0 -77.00249565692087,-11.95716985208052,0 -77.00287082370389,-11.95729425486033,0 -77.00448811399757,-11.95814623378364,0 -77.00475977955413,-11.95838859969248,0 -77.00493863914883,-11.95861843215595,0 -77.00569376627044,-11.95815922419595,0 -77.00593597059779,-11.95853918165196,0 -77.0067733196464,-11.95803925346466,0 -77.0074027183047,-11.95764728145218,0 -77.00757669137073,-11.95752179781011,0 -77.00821698047092,-11.95712296109383,0 -77.0090461410349,-11.95660335200606,0 -77.0092977533577,-11.95649164576812,0 -77.00997814144165,-11.95756097704004,0 -77.0103240620944,-11.95739174375151,0 -77.01085229127148,-11.95763298885592,0 -77.01122743348512,-11.95780338481729,0 -77.01123441383443,-11.95787844297458,0 -77.01113758155387,-11.95806640998649,0 -77.01109903693168,-11.9582291945202,0 -77.01123853291259,-11.95839856686892,0 -77.01144372855421,-11.95853954007325,0 -77.01157975239772,-11.95854959211009,0 -77.01172517751068,-11.95847787061991,0 -77.01266924621942,-11.95829729756814,0 -77.01320071880765,-11.95812031332758,0 -77.01331057431034,-11.95785651166755,0 -77.0139823611438,-11.95684302187482,0 -77.01402276799996,-11.95673363999998,0 -77.01404848999994,-11.95668672699996,0 
						</coordinates>
					</LineString>
				</MultiGeometry>
			</Placemark>
			<Placemark id="ID_30001">
				<name>L6740</name>
				<Snippet maxLines="0"></Snippet>
				<description><![CDATA[<html xmlns:fo="http://www.w3.org/1999/XSL/Format" xmlns:msxsl="urn:schemas-microsoft-com:xslt">

<head>

<META http-equiv="Content-Type" content="text/html">

<meta http-equiv="content-type" content="text/html; charset=UTF-8">

</head>

<body style="margin:0px 0px 0px 0px;overflow:auto;background:#FFFFFF;">

<table style="font-family:Arial,Verdana,Times;font-size:12px;text-align:left;width:100%;border-collapse:collapse;padding:3px 3px 3px 3px">

<tr style="text-align:center;font-weight:bold;background:#9CBCE2">

<td>L6740</td>

</tr>

<tr>

<td>

<table style="font-family:Arial,Verdana,Times;font-size:12px;text-align:left;width:100%;border-spacing:0px; padding:3px 3px 3px 3px">

<tr>

<td>FID</td>

<td>1</td>

</tr>

<tr bgcolor="#D4E4F3">

<td>LINEA</td>

<td>L6740</td>

</tr>

<tr>

<td>TIPO</td>

<td>LINEA ELECTRICA SUBTERRANEA</td>

</tr>

<tr bgcolor="#D4E4F3">

<td>RECORRIDO</td>

<td>SET MIRADOR - SET MARIATEGUI</td>

</tr>

</table>

</td>

</tr>

</table>

</body>

</html>]]></description>
				<styleUrl>#LineStyle308</styleUrl>
				<MultiGeometry>
					<LineString>
						<tessellate>1</tessellate>
						<coordinates>
							-76.98521499999998,-11.905347,0 -76.98523745490597,-11.90570096368391,0 -76.98665213299995,-11.90565211499994,0 
						</coordinates>
					</LineString>
				</MultiGeometry>
			</Placemark>
		</Folder>
	</Document>
	<Document id="LINEA_ELECTRICA_624" xsi:schemaLocation="http://www.opengis.net/kml/2.2 http://schemas.opengis.net/kml/2.2.0/ogckml22.xsd http://www.google.com/kml/ext/2.2 http://code.google.com/apis/kml/schema/kml22gx.xsd">
		<name>LINEA ELECTRICA 624</name>
		<open>1</open>
		<Snippet maxLines="0"></Snippet>
		<Style id="LineStyle2028">
			<LabelStyle>
				<color>00000000</color>
				<scale>0</scale>
			</LabelStyle>
			<LineStyle>
				<color>ff0000ff</color>
				<width>1.7</width>
			</LineStyle>
			<PolyStyle>
				<color>00000000</color>
				<outline>0</outline>
			</PolyStyle>
		</Style>
		<Style id="LineStyle309">
			<LabelStyle>
				<color>00000000</color>
				<scale>0</scale>
			</LabelStyle>
			<LineStyle>
				<color>ffe65c00</color>
				<width>2</width>
			</LineStyle>
			<PolyStyle>
				<color>00000000</color>
				<outline>0</outline>
			</PolyStyle>
		</Style>
		<Folder id="FeatureLayer2">
			<name>LINEA_ELECTRICA_SUBTERRANEA__624</name>
			<Snippet maxLines="0"></Snippet>
			<Placemark id="ID_20000">
				<name>L624</name>
				<Snippet maxLines="0"></Snippet>
				<description><![CDATA[<html xmlns:fo="http://www.w3.org/1999/XSL/Format" xmlns:msxsl="urn:schemas-microsoft-com:xslt">

<head>

<META http-equiv="Content-Type" content="text/html">

<meta http-equiv="content-type" content="text/html; charset=UTF-8">

</head>

<body style="margin:0px 0px 0px 0px;overflow:auto;background:#FFFFFF;">

<table style="font-family:Arial,Verdana,Times;font-size:12px;text-align:left;width:100%;border-collapse:collapse;padding:3px 3px 3px 3px">

<tr style="text-align:center;font-weight:bold;background:#9CBCE2">

<td>L624</td>

</tr>

<tr>

<td>

<table style="font-family:Arial,Verdana,Times;font-size:12px;text-align:left;width:100%;border-spacing:0px; padding:3px 3px 3px 3px">

<tr>

<td>FID</td>

<td>0</td>

</tr>

<tr bgcolor="#D4E4F3">

<td>LINEA</td>

<td>L624</td>

</tr>

<tr>

<td>TIPO</td>

<td>LINEA ELECTRICA SUBTERRANEA</td>

</tr>

<tr bgcolor="#D4E4F3">

<td>RECORRIDO</td>

<td>SET BARSI - SET STA-MARINA</td>

</tr>

</table>

</td>

</tr>

</table>

</body>

</html>]]></description>
				<styleUrl>#LineStyle2028</styleUrl>
				<MultiGeometry>
					<LineString>
						<tessellate>1</tessellate>
						<coordinates>
							-77.10935362499998,-12.04950952299993,0 -77.11000316447083,-12.04955260677011,0 -77.11169084874,-12.04966853160891,0 -77.11342914783999,-12.0498135317693,0 -77.115167446952,-12.04995852075901,0 -77.11690574607,-12.0501034985955,0 -77.11855090499995,-12.05027123299993,0 
						</coordinates>
					</LineString>
				</MultiGeometry>
			</Placemark>
		</Folder>
		<Folder id="FeatureLayer3">
			<name>LINEA ELECTRICA AEREA_624</name>
			<open>1</open>
			<Snippet maxLines="0"></Snippet>
			<Placemark id="ID_30000">
				<name>L624</name>
				<Snippet maxLines="0"></Snippet>
				<description><![CDATA[<html xmlns:fo="http://www.w3.org/1999/XSL/Format" xmlns:msxsl="urn:schemas-microsoft-com:xslt">

<head>

<META http-equiv="Content-Type" content="text/html">

<meta http-equiv="content-type" content="text/html; charset=UTF-8">

</head>

<body style="margin:0px 0px 0px 0px;overflow:auto;background:#FFFFFF;">

<table style="font-family:Arial,Verdana,Times;font-size:12px;text-align:left;width:100%;border-collapse:collapse;padding:3px 3px 3px 3px">

<tr style="text-align:center;font-weight:bold;background:#9CBCE2">

<td>L624</td>

</tr>

<tr>

<td>

<table style="font-family:Arial,Verdana,Times;font-size:12px;text-align:left;width:100%;border-spacing:0px; padding:3px 3px 3px 3px">

<tr>

<td>FID</td>

<td>0</td>

</tr>

<tr bgcolor="#D4E4F3">

<td>Id</td>

<td>0</td>

</tr>

<tr>

<td>LINEA</td>

<td>L624</td>

</tr>

<tr bgcolor="#D4E4F3">

<td>TIPO</td>

<td>LINEA ELECTRICA AEREA</td>

</tr>

<tr>

<td>RECORRIDO</td>

<td>SET BARSI - SET STA-MARINA</td>

</tr>

</table>

</td>

</tr>

</table>

</body>

</html>]]></description>
				<styleUrl>#LineStyle309</styleUrl>
				<MultiGeometry>
					<LineString>
						<tessellate>1</tessellate>
						<coordinates>
							-77.133021,-12.055479,0 -77.13316226799998,-12.05525698399999,0 -77.13353589699994,-12.05373580799994,0 -77.13400019399995,-12.05206933599993,0 -77.13355683799995,-12.05173833999993,0 -77.13185675399995,-12.05156156099997,0 -77.13032200999999,-12.05139254599993,0 -77.12843843899998,-12.05123522299993,0 -77.12680269899994,-12.05106695899996,0 -77.12515777699997,-12.05089875499994,0 -77.12347634299994,-12.05075793199994,0 -77.12196950099997,-12.05063384399995,0 -77.12015005899997,-12.05045790099995,0 -77.11855090499995,-12.05027123299993,0 
						</coordinates>
					</LineString>
				</MultiGeometry>
			</Placemark>
			<Placemark id="ID_30001">
				<name>L624</name>
				<Snippet maxLines="0"></Snippet>
				<description><![CDATA[<html xmlns:fo="http://www.w3.org/1999/XSL/Format" xmlns:msxsl="urn:schemas-microsoft-com:xslt">

<head>

<META http-equiv="Content-Type" content="text/html">

<meta http-equiv="content-type" content="text/html; charset=UTF-8">

</head>

<body style="margin:0px 0px 0px 0px;overflow:auto;background:#FFFFFF;">

<table style="font-family:Arial,Verdana,Times;font-size:12px;text-align:left;width:100%;border-collapse:collapse;padding:3px 3px 3px 3px">

<tr style="text-align:center;font-weight:bold;background:#9CBCE2">

<td>L624</td>

</tr>

<tr>

<td>

<table style="font-family:Arial,Verdana,Times;font-size:12px;text-align:left;width:100%;border-spacing:0px; padding:3px 3px 3px 3px">

<tr>

<td>FID</td>

<td>1</td>

</tr>

<tr bgcolor="#D4E4F3">

<td>Id</td>

<td>0</td>

</tr>

<tr>

<td>LINEA</td>

<td>L624</td>

</tr>

<tr bgcolor="#D4E4F3">

<td>TIPO</td>

<td>LINEA ELECTRICA AEREA</td>

</tr>

<tr>

<td>RECORRIDO</td>

<td>SET BARSI - SET STA-MARINA</td>

</tr>

</table>

</td>

</tr>

</table>

</body>

</html>]]></description>
				<styleUrl>#LineStyle309</styleUrl>
				<MultiGeometry>
					<LineString>
						<tessellate>1</tessellate>
						<coordinates>
							-77.10935362499998,-12.04950952299993,0 -77.10828778299998,-12.04941817299994,0 -77.10660627899995,-12.04926820699995,0 -77.10601738699995,-12.04910997799994,0 -77.10488720299998,-12.04901006199998,0 -77.10496370899995,-12.04822320099993,0 -77.10502100599996,-12.04732803099996,0 -77.10480968899998,-12.04731155099995,0 -77.10406500000001,-12.048027,0 
						</coordinates>
					</LineString>
				</MultiGeometry>
			</Placemark>
		</Folder>
	</Document>
	<Document id="LINEA_ELECTRICA_693" xsi:schemaLocation="http://www.opengis.net/kml/2.2 http://schemas.opengis.net/kml/2.2.0/ogckml22.xsd http://www.google.com/kml/ext/2.2 http://code.google.com/apis/kml/schema/kml22gx.xsd">
		<name>LINEA ELECTRICA 693</name>
		<open>1</open>
		<Snippet maxLines="0"></Snippet>
		<Style id="LineStyle2029">
			<LabelStyle>
				<color>00000000</color>
				<scale>0</scale>
			</LabelStyle>
			<LineStyle>
				<color>ffff7000</color>
				<width>2</width>
			</LineStyle>
			<PolyStyle>
				<color>00000000</color>
				<outline>0</outline>
			</PolyStyle>
		</Style>
		<Style id="LineStyle3010">
			<LabelStyle>
				<color>00000000</color>
				<scale>0</scale>
			</LabelStyle>
			<LineStyle>
				<color>ff0000ff</color>
				<width>1.7</width>
			</LineStyle>
			<PolyStyle>
				<color>00000000</color>
				<outline>0</outline>
			</PolyStyle>
		</Style>
		<Folder id="FeatureLayer2">
			<name>LINEA ELECTRICA AEREA 693</name>
			<open>1</open>
			<Snippet maxLines="0"></Snippet>
			<Placemark id="ID_20000">
				<name>L693</name>
				<Snippet maxLines="0"></Snippet>
				<description><![CDATA[<html xmlns:fo="http://www.w3.org/1999/XSL/Format" xmlns:msxsl="urn:schemas-microsoft-com:xslt">

<head>

<META http-equiv="Content-Type" content="text/html">

<meta http-equiv="content-type" content="text/html; charset=UTF-8">

</head>

<body style="margin:0px 0px 0px 0px;overflow:auto;background:#FFFFFF;">

<table style="font-family:Arial,Verdana,Times;font-size:12px;text-align:left;width:100%;border-collapse:collapse;padding:3px 3px 3px 3px">

<tr style="text-align:center;font-weight:bold;background:#9CBCE2">

<td>L693</td>

</tr>

<tr>

<td>

<table style="font-family:Arial,Verdana,Times;font-size:12px;text-align:left;width:100%;border-spacing:0px; padding:3px 3px 3px 3px">

<tr>

<td>FID</td>

<td>0</td>

</tr>

<tr bgcolor="#D4E4F3">

<td>Id</td>

<td>0</td>

</tr>

<tr>

<td>LINEA</td>

<td>L693</td>

</tr>

<tr bgcolor="#D4E4F3">

<td>TIPO</td>

<td>LINEA ELECTRICA AEREA</td>

</tr>

<tr>

<td>RECORRIDO</td>

<td>SET MED. MUNDO - SET SUPE</td>

</tr>

</table>

</td>

</tr>

</table>

</body>

</html>]]></description>
				<styleUrl>#LineStyle2029</styleUrl>
				<MultiGeometry>
					<LineString>
						<tessellate>1</tessellate>
						<coordinates>
							-77.63253619599999,-10.89431482699994,0 -77.63317781399995,-10.8924300059999,0 -77.63378262499998,-10.89051839599993,0 -77.63469799999996,-10.88890299999997,0 -77.63662899999999,-10.88995799999997,0 -77.63854599999996,-10.89106199999998,0 -77.64043299999996,-10.89209799999997,0 -77.64309220299997,-10.89196521199994,0 -77.64569634799993,-10.89183432899995,0 -77.64696973699994,-10.89110956799994,0 -77.64822515799995,-10.89042109799994,0 -77.64924291299995,-10.89015186999993,0 -77.65066716599993,-10.88983053399995,0 -77.65200169699995,-10.88952109499995,0 -77.65358735299998,-10.88911893199996,0 -77.65548664399994,-10.88871994599997,0 -77.65669599999994,-10.88846799999993,0 -77.65796799999998,-10.88816999999995,0 -77.65957299999997,-10.88782899999995,0 -77.66110899999995,-10.88742199999996,0 -77.66261599999994,-10.88714099999994,0 -77.66284837099994,-10.88804474599992,0 -77.66305813499997,-10.88901869799997,0 -77.66356899999994,-10.89041599999994,0 -77.66414799999995,-10.89179199999995,0 -77.66471547899992,-10.89319486199997,0 -77.66520900599993,-10.89447755799993,0 -77.66639185999996,-10.89470933899997,0 -77.66724456899993,-10.89526994399995,0 -77.66848643199995,-10.89611277799997,0 -77.66972024799996,-10.89691610199997,0 -77.67074705499992,-10.89760104099997,0 -77.67004163399997,-10.89858609499992,0 -77.66912968299992,-10.89988457099997,0 -77.66824991799994,-10.90117513999995,0 -77.66731114499997,-10.90254735099995,0 -77.66645283799993,-10.90380893599996,0 -77.66560631099996,-10.90503293299997,0 -77.66477561899994,-10.90623811399995,0 -77.66398168499995,-10.90739433399994,0 -77.66319847999995,-10.90854791599996,0 -77.66226238899999,-10.90990165599994,0 -77.66111708599993,-10.91160304199995,0 -77.660319632,-10.91275843299996,0 -77.65905580899995,-10.91458929299993,0 -77.65811435399995,-10.91595354099997,0 -77.65724757499999,-10.91719377499994,0 -77.65650996699998,-10.91835521999995,0 -77.65580099999994,-10.91931699999996,0 -77.65513099999997,-10.92050699999992,0 -77.65408399999995,-10.92181599999998,0 -77.65327699999993,-10.92311299999993,0 -77.65239999999993,-10.92425699999996,0 -77.65205099999997,-10.92546799999997,0 -77.65230099999997,-10.9259109999999,0 -77.65207099999996,-10.92671599999995,0 -77.65166199999996,-10.92832199999999,0 -77.65123599999998,-10.92991199999995,0 -77.65076199999999,-10.93169799999992,0 -77.65034290199998,-10.93338237699991,0 -77.64979448099996,-10.93545615199998,0 -77.64953699999992,-10.93683299999996,0 -77.64905399999996,-10.93846499999995,0 -77.64868899999992,-10.93976599999997,0 -77.64831599999997,-10.94109899999994,0 -77.64791493799997,-10.94241944499993,0 -77.64753299999995,-10.94389299999993,0 -77.64724599999994,-10.94516699999997,0 -77.64712099999997,-10.94649399999997,0 -77.64712618499993,-10.94796569599993,0 -77.64705499999995,-10.94887899999997,0 -77.64701799999993,-10.95003999999995,0 -77.64693399999999,-10.95242499999996,0 -77.64774999999997,-10.95245099999994,0 -77.64766199999997,-10.95425499999993,0 -77.64754099999999,-10.95605199999994,0 -77.64748699999996,-10.95811799999995,0 -77.64738899999995,-10.96010899999992,0 -77.64732299999997,-10.96186799999995,0 -77.64724165799998,-10.96300799999993,0 -77.64722399999994,-10.96389699999995,0 -77.64713999999996,-10.96577299999996,0 -77.64704199999994,-10.96768399999996,0 -77.64695399999994,-10.96925299999999,0 -77.64689402099998,-10.97120577899994,0 -77.64674699999995,-10.97321699999995,0 -77.64622499999994,-10.97314299999993,0 -77.64614499999999,-10.97477199999997,0 -77.64609299999995,-10.97655599999995,0 -77.64602599999994,-10.97828599999996,0 -77.64594199999992,-10.97986499999996,0 -77.64589499999994,-10.98147199999993,0 -77.64548199999994,-10.98354699999993,0 -77.64472099999995,-10.98571099999997,0 -77.64404499999995,-10.98747499999996,0 -77.64345399999993,-10.98932399999995,0 -77.64273199999997,-10.99108299999994,0 -77.64204399999993,-10.99305099999998,0 -77.64129499999994,-10.99510699999994,0 -77.64051899999997,-10.99726599999997,0 -77.64012299999995,-10.99832499999997,0 -77.63960199999995,-10.99997199999994,0 -77.63912599999996,-11.00122399999998,0 -77.63842499999998,-11.0032699999999,0 -77.63770799999996,-11.00530599999995,0 -77.63700599999999,-11.00729299999995,0 -77.63640199999996,-11.00901899999996,0 -77.63570899999995,-11.01102199999997,0 -77.63501399999996,-11.01310699999993,0 -77.63433524299994,-11.01500838899993,0 -77.63347938799994,-11.01749143399994,0 -77.63283728799995,-11.01933113199994,0 -77.63176299999998,-11.02057999999992,0 -77.63067346799993,-11.02179842599998,0 -77.62957834899998,-11.02309091299998,0 -77.62921304699995,-11.02417829499995,0 -77.62874299999999,-11.02554299999997,0 -77.62830599999995,-11.02691399999997,0 -77.62881199999997,-11.02835299999998,0 -77.62936699999995,-11.02981899999999,0 -77.62877599999996,-11.03169999999994,0 -77.62838899999994,-11.03289799999993,0 -77.62762699999995,-11.03539599999994,0 -77.62664999999998,-11.03817999999994,0 -77.62637799999999,-11.03945199999992,0 -77.62573199999997,-11.04147999999999,0 -77.625095,-11.04350199999993,0 -77.62448530899995,-11.04552652799991,0 -77.62389999999992,-11.04738199999997,0 -77.62336899999995,-11.04912799999993,0 -77.62274399999994,-11.05110799999994,0 -77.62214699999998,-11.05305199999998,0 -77.62154699999995,-11.05501199999997,0 -77.62105899999995,-11.05656399999999,0 -77.62045899999998,-11.05862799999993,0 -77.61980099999992,-11.06061999999997,0 -77.61920299999997,-11.06255299999997,0 -77.61867799999999,-11.06423399999995,0 -77.61810399999996,-11.06612599999993,0 -77.61764799999996,-11.06756899999992,0 -77.61721499999997,-11.06891099999994,0 -77.61677199999997,-11.07039099999997,0 -77.61632299999997,-11.07180699999996,0 -77.61583099999996,-11.07336299999997,0 -77.61528799999996,-11.07510699999994,0 -77.61483999999994,-11.07679599999994,0 -77.61354499999997,-11.08045199999996,0 -77.61287699999997,-11.08251699999994,0 -77.61214499999994,-11.08385799999997,0 -77.61109999999998,-11.08596099999994,0 -77.61034199999995,-11.08759999999995,0 -77.60949699999996,-11.08944199999994,0 -77.60860494099994,-11.09105444999995,0 -77.60844199999997,-11.09206199999993,0 -77.60828799999994,-11.09293299999995,0 -77.60804099999996,-11.09412399999995,0 -77.60775750999994,-11.09555228899994,0 -77.60847034999995,-11.09650384999998,0 -77.60872061499997,-11.09687212599994,0 -77.60850999999998,-11.09677699999997,0 
						</coordinates>
					</LineString>
				</MultiGeometry>
			</Placemark>
		</Folder>
		<Folder id="FeatureLayer3">
			<name>LINEA_ELECTRICA_SUBTERRANEA</name>
			<Snippet maxLines="0"></Snippet>
			<Placemark id="ID_30000">
				<name>L693</name>
				<Snippet maxLines="0"></Snippet>
				<description><![CDATA[<html xmlns:fo="http://www.w3.org/1999/XSL/Format" xmlns:msxsl="urn:schemas-microsoft-com:xslt">

<head>

<META http-equiv="Content-Type" content="text/html">

<meta http-equiv="content-type" content="text/html; charset=UTF-8">

</head>

<body style="margin:0px 0px 0px 0px;overflow:auto;background:#FFFFFF;">

<table style="font-family:Arial,Verdana,Times;font-size:12px;text-align:left;width:100%;border-collapse:collapse;padding:3px 3px 3px 3px">

<tr style="text-align:center;font-weight:bold;background:#9CBCE2">

<td></td>

</tr>

<tr>

<td>

<table style="font-family:Arial,Verdana,Times;font-size:12px;text-align:left;width:100%;border-spacing:0px; padding:3px 3px 3px 3px">

<tr>

<td>FID</td>

<td>0</td>

</tr>

<tr bgcolor="#D4E4F3">

<td>LINEA</td>

<td>L693</td>

</tr>

<tr>

<td>TIPO</td>

<td>LINEA ELECTRICA SUBTERRANEA</td>

</tr>

<tr bgcolor="#D4E4F3">

<td>RECORRIDO</td>

<td>SET HUACHO - SET MED. MUNDO</td>

</tr>

</table>

</td>

</tr>

</table>

</body>

</html>]]></description>
				<styleUrl>#LineStyle3010</styleUrl>
				<MultiGeometry>
					<LineString>
						<tessellate>1</tessellate>
						<coordinates>
							-77.63233700000001,-10.894621,0 -77.63245239707341,-10.89471419238875,0 -77.63248471812751,-10.8946695219442,0 -77.63261277114674,-10.89448340388599,0 -77.63247727073606,-10.8944053977809,0 -77.63253619599999,-10.89431482699995,0 
						</coordinates>
					</LineString>
				</MultiGeometry>
			</Placemark>
		</Folder>
	</Document>
	<Document id="LINEA_ELECTRICA_6943" xsi:schemaLocation="http://www.opengis.net/kml/2.2 http://schemas.opengis.net/kml/2.2.0/ogckml22.xsd http://www.google.com/kml/ext/2.2 http://code.google.com/apis/kml/schema/kml22gx.xsd">
		<name>LINEA ELECTRICA 6943</name>
		<open>1</open>
		<Snippet maxLines="0"></Snippet>
		<Style id="LineStyle2030">
			<LabelStyle>
				<color>00000000</color>
				<scale>0</scale>
			</LabelStyle>
			<LineStyle>
				<color>ff0000ff</color>
				<width>1.7</width>
			</LineStyle>
			<PolyStyle>
				<color>00000000</color>
				<outline>0</outline>
			</PolyStyle>
		</Style>
		<Style id="LineStyle3011">
			<LabelStyle>
				<color>00000000</color>
				<scale>0</scale>
			</LabelStyle>
			<LineStyle>
				<color>ffe65c00</color>
				<width>2</width>
			</LineStyle>
			<PolyStyle>
				<color>00000000</color>
				<outline>0</outline>
			</PolyStyle>
		</Style>
		<Folder id="FeatureLayer2">
			<name>LINEA_ELECTRICA_SUBTERRANEA_6943</name>
			<Snippet maxLines="0"></Snippet>
			<Placemark id="ID_20000">
				<name>L6943</name>
				<Snippet maxLines="0"></Snippet>
				<description><![CDATA[<html xmlns:fo="http://www.w3.org/1999/XSL/Format" xmlns:msxsl="urn:schemas-microsoft-com:xslt">

<head>

<META http-equiv="Content-Type" content="text/html">

<meta http-equiv="content-type" content="text/html; charset=UTF-8">

</head>

<body style="margin:0px 0px 0px 0px;overflow:auto;background:#FFFFFF;">

<table style="font-family:Arial,Verdana,Times;font-size:12px;text-align:left;width:100%;border-collapse:collapse;padding:3px 3px 3px 3px">

<tr style="text-align:center;font-weight:bold;background:#9CBCE2">

<td></td>

</tr>

<tr>

<td>

<table style="font-family:Arial,Verdana,Times;font-size:12px;text-align:left;width:100%;border-spacing:0px; padding:3px 3px 3px 3px">

<tr>

<td>FID</td>

<td>0</td>

</tr>

<tr bgcolor="#D4E4F3">

<td>LINEA</td>

<td>L6943</td>

</tr>

<tr>

<td>TIPO</td>

<td>LINEA ELECTRICA SUBTERRANEA</td>

</tr>

<tr bgcolor="#D4E4F3">

<td>RECORRIDO</td>

<td>SET HUARANGAL - SET PT. PIEDRA</td>

</tr>

</table>

</td>

</tr>

</table>

</body>

</html>]]></description>
				<styleUrl>#LineStyle2030</styleUrl>
				<MultiGeometry>
					<LineString>
						<tessellate>1</tessellate>
						<coordinates>
							-77.06855128999996,-11.86884766199995,0 -77.06832702923354,-11.86916300778412,0 -77.06853892854643,-11.8693015371491,0 -77.06931462925522,-11.86816589424804,0 -77.06949990799995,-11.86809056299996,0 
						</coordinates>
					</LineString>
				</MultiGeometry>
			</Placemark>
			<Placemark id="ID_20001">
				<name>L6943</name>
				<Snippet maxLines="0"></Snippet>
				<description><![CDATA[<html xmlns:fo="http://www.w3.org/1999/XSL/Format" xmlns:msxsl="urn:schemas-microsoft-com:xslt">

<head>

<META http-equiv="Content-Type" content="text/html">

<meta http-equiv="content-type" content="text/html; charset=UTF-8">

</head>

<body style="margin:0px 0px 0px 0px;overflow:auto;background:#FFFFFF;">

<table style="font-family:Arial,Verdana,Times;font-size:12px;text-align:left;width:100%;border-collapse:collapse;padding:3px 3px 3px 3px">

<tr style="text-align:center;font-weight:bold;background:#9CBCE2">

<td></td>

</tr>

<tr>

<td>

<table style="font-family:Arial,Verdana,Times;font-size:12px;text-align:left;width:100%;border-spacing:0px; padding:3px 3px 3px 3px">

<tr>

<td>FID</td>

<td>1</td>

</tr>

<tr bgcolor="#D4E4F3">

<td>LINEA</td>

<td>L6943</td>

</tr>

<tr>

<td>TIPO</td>

<td>LINEA ELECTRICA SUBTERRANEA</td>

</tr>

<tr bgcolor="#D4E4F3">

<td>RECORRIDO</td>

<td>SET HUARANGAL - SET PT. PIEDRA</td>

</tr>

</table>

</td>

</tr>

</table>

</body>

</html>]]></description>
				<styleUrl>#LineStyle2030</styleUrl>
				<MultiGeometry>
					<LineString>
						<tessellate>1</tessellate>
						<coordinates>
							-77.03375906299993,-11.85211726299996,0 -77.03371527193589,-11.8520827451033,0 -77.03380376,-11.851877,0 -77.03393615,-11.85162415,0 -77.03406708,-11.85140653,0 -77.03424232,-11.85117671999999,0 -77.03443726,-11.85095437,0 -77.03457544,-11.85082582,0 -77.03495789999999,-11.85052830999999,0 -77.03510795,-11.85043352999999,0 -77.03573255000001,-11.84993323000001,0 -77.0363026,-11.84947536,0 -77.03647731,-11.84935948999999,0 -77.03665889,-11.84919954000001,0 -77.03795753,-11.84820876,0 -77.03888123,-11.84764651,0 -77.03943390000001,-11.84718285,0 -77.0414595,-11.84564492,0 -77.04162243,-11.84545872,0 -77.04169289497267,-11.8448894724468,0 -77.04169770336776,-11.8448506280539,0 -77.04169687999996,-11.84480245799994,0 
						</coordinates>
					</LineString>
				</MultiGeometry>
			</Placemark>
			<Placemark id="ID_20002">
				<name>L6943</name>
				<Snippet maxLines="0"></Snippet>
				<description><![CDATA[<html xmlns:fo="http://www.w3.org/1999/XSL/Format" xmlns:msxsl="urn:schemas-microsoft-com:xslt">

<head>

<META http-equiv="Content-Type" content="text/html">

<meta http-equiv="content-type" content="text/html; charset=UTF-8">

</head>

<body style="margin:0px 0px 0px 0px;overflow:auto;background:#FFFFFF;">

<table style="font-family:Arial,Verdana,Times;font-size:12px;text-align:left;width:100%;border-collapse:collapse;padding:3px 3px 3px 3px">

<tr style="text-align:center;font-weight:bold;background:#9CBCE2">

<td></td>

</tr>

<tr>

<td>

<table style="font-family:Arial,Verdana,Times;font-size:12px;text-align:left;width:100%;border-spacing:0px; padding:3px 3px 3px 3px">

<tr>

<td>FID</td>

<td>2</td>

</tr>

<tr bgcolor="#D4E4F3">

<td>LINEA</td>

<td>L6943</td>

</tr>

<tr>

<td>TIPO</td>

<td>LINEA ELECTRICA SUBTERRANEA</td>

</tr>

<tr bgcolor="#D4E4F3">

<td>RECORRIDO</td>

<td>SET HUARANGAL - SET PT. PIEDRA</td>

</tr>

</table>

</td>

</tr>

</table>

</body>

</html>]]></description>
				<styleUrl>#LineStyle2030</styleUrl>
				<MultiGeometry>
					<LineString>
						<tessellate>1</tessellate>
						<coordinates>
							-77.04687985199996,-11.83231045399998,0 -77.04685853112429,-11.8322723759509,0 -77.0467664085036,-11.83219147264142,0 -77.04663372,-11.83207902999999,0 -77.04643095,-11.83192294,0 -77.04614139,-11.83170466,0 -77.0449140050555,-11.83082589736328,0 -77.04475569661092,-11.83069120978868,0 -77.04421531837113,-11.82984186891042,0 -77.04414425687339,-11.82968742106591,0 -77.04438456179369,-11.82883436515046,0 -77.04628692,-11.82903757,0 -77.04644938131676,-11.82889025801111,0 -77.04661358499999,-11.82735041699993,0 
						</coordinates>
					</LineString>
				</MultiGeometry>
			</Placemark>
			<Placemark id="ID_20003">
				<name>L6943</name>
				<Snippet maxLines="0"></Snippet>
				<description><![CDATA[<html xmlns:fo="http://www.w3.org/1999/XSL/Format" xmlns:msxsl="urn:schemas-microsoft-com:xslt">

<head>

<META http-equiv="Content-Type" content="text/html">

<meta http-equiv="content-type" content="text/html; charset=UTF-8">

</head>

<body style="margin:0px 0px 0px 0px;overflow:auto;background:#FFFFFF;">

<table style="font-family:Arial,Verdana,Times;font-size:12px;text-align:left;width:100%;border-collapse:collapse;padding:3px 3px 3px 3px">

<tr style="text-align:center;font-weight:bold;background:#9CBCE2">

<td></td>

</tr>

<tr>

<td>

<table style="font-family:Arial,Verdana,Times;font-size:12px;text-align:left;width:100%;border-spacing:0px; padding:3px 3px 3px 3px">

<tr>

<td>FID</td>

<td>3</td>

</tr>

<tr bgcolor="#D4E4F3">

<td>LINEA</td>

<td>L6943</td>

</tr>

<tr>

<td>TIPO</td>

<td>LINEA ELECTRICA SUBTERRANEA</td>

</tr>

<tr bgcolor="#D4E4F3">

<td>RECORRIDO</td>

<td>SET HUARANGAL - SET PT. PIEDRA</td>

</tr>

</table>

</td>

</tr>

</table>

</body>

</html>]]></description>
				<styleUrl>#LineStyle2030</styleUrl>
				<MultiGeometry>
					<LineString>
						<tessellate>1</tessellate>
						<coordinates>
							-77.06136668899995,-11.86401957699997,0 -77.06192721699995,-11.86412394699994,0 
						</coordinates>
					</LineString>
				</MultiGeometry>
			</Placemark>
		</Folder>
		<Folder id="FeatureLayer3">
			<name>LINEA ELECTRICA AEREA 6943</name>
			<open>1</open>
			<Snippet maxLines="0"></Snippet>
			<Placemark id="ID_30000">
				<name>L6943</name>
				<Snippet maxLines="0"></Snippet>
				<description><![CDATA[<html xmlns:fo="http://www.w3.org/1999/XSL/Format" xmlns:msxsl="urn:schemas-microsoft-com:xslt">

<head>

<META http-equiv="Content-Type" content="text/html">

<meta http-equiv="content-type" content="text/html; charset=UTF-8">

</head>

<body style="margin:0px 0px 0px 0px;overflow:auto;background:#FFFFFF;">

<table style="font-family:Arial,Verdana,Times;font-size:12px;text-align:left;width:100%;border-collapse:collapse;padding:3px 3px 3px 3px">

<tr style="text-align:center;font-weight:bold;background:#9CBCE2">

<td>L6943</td>

</tr>

<tr>

<td>

<table style="font-family:Arial,Verdana,Times;font-size:12px;text-align:left;width:100%;border-spacing:0px; padding:3px 3px 3px 3px">

<tr>

<td>FID</td>

<td>0</td>

</tr>

<tr bgcolor="#D4E4F3">

<td>LINEA</td>

<td>L6943</td>

</tr>

<tr>

<td>TIPO</td>

<td>LINEA ELECTRICA AEREA</td>

</tr>

<tr bgcolor="#D4E4F3">

<td>RECORRIDO</td>

<td>SET HUARANGAL - SET PT. PIEDRA</td>

</tr>

</table>

</td>

</tr>

</table>

</body>

</html>]]></description>
				<styleUrl>#LineStyle3011</styleUrl>
				<MultiGeometry>
					<LineString>
						<tessellate>1</tessellate>
						<coordinates>
							-77.06136668899995,-11.86401957699997,0 -77.06021681599998,-11.86363931699997,0 -77.05867124199995,-11.86310828599994,0 -77.05719023999995,-11.86262196599994,0 -77.05570924299997,-11.86213563699994,0 -77.05422824899995,-11.86164929999996,0 -77.05275643499994,-11.86116288699997,0 -77.05126627399994,-11.86067659899993,0 -77.04979446899995,-11.86019016899997,0 -77.04830431599999,-11.85970386399993,0 -77.04683251799997,-11.85921741699997,0 -77.04535148199994,-11.85872198999994,0 -77.04381539699995,-11.85822695199994,0 -77.04235238299998,-11.85768618699996,0 -77.04122732399998,-11.85693509699996,0 -77.03991802099995,-11.85608590899994,0 -77.03847049099994,-11.85515636599996,0 -77.03703214399997,-11.85422674799997,0 -77.03598105099996,-11.85354740599995,0 -77.03469943899995,-11.85271606699997,0 -77.03375906299993,-11.85211726299996,0 
						</coordinates>
					</LineString>
				</MultiGeometry>
			</Placemark>
			<Placemark id="ID_30001">
				<name>L6943</name>
				<Snippet maxLines="0"></Snippet>
				<description><![CDATA[<html xmlns:fo="http://www.w3.org/1999/XSL/Format" xmlns:msxsl="urn:schemas-microsoft-com:xslt">

<head>

<META http-equiv="Content-Type" content="text/html">

<meta http-equiv="content-type" content="text/html; charset=UTF-8">

</head>

<body style="margin:0px 0px 0px 0px;overflow:auto;background:#FFFFFF;">

<table style="font-family:Arial,Verdana,Times;font-size:12px;text-align:left;width:100%;border-collapse:collapse;padding:3px 3px 3px 3px">

<tr style="text-align:center;font-weight:bold;background:#9CBCE2">

<td>L6943</td>

</tr>

<tr>

<td>

<table style="font-family:Arial,Verdana,Times;font-size:12px;text-align:left;width:100%;border-spacing:0px; padding:3px 3px 3px 3px">

<tr>

<td>FID</td>

<td>1</td>

</tr>

<tr bgcolor="#D4E4F3">

<td>LINEA</td>

<td>L6943</td>

</tr>

<tr>

<td>TIPO</td>

<td>LINEA ELECTRICA AEREA</td>

</tr>

<tr bgcolor="#D4E4F3">

<td>RECORRIDO</td>

<td>SET HUARANGAL - SET PT. PIEDRA</td>

</tr>

</table>

</td>

</tr>

</table>

</body>

</html>]]></description>
				<styleUrl>#LineStyle3011</styleUrl>
				<MultiGeometry>
					<LineString>
						<tessellate>1</tessellate>
						<coordinates>
							-77.04661358499999,-11.82735041699993,0 -77.04676014399996,-11.82608401499994,0 -77.04805481699998,-11.82621928099996,0 -77.048013,-11.826626,0 
						</coordinates>
					</LineString>
				</MultiGeometry>
			</Placemark>
			<Placemark id="ID_30002">
				<name>L6943</name>
				<Snippet maxLines="0"></Snippet>
				<description><![CDATA[<html xmlns:fo="http://www.w3.org/1999/XSL/Format" xmlns:msxsl="urn:schemas-microsoft-com:xslt">

<head>

<META http-equiv="Content-Type" content="text/html">

<meta http-equiv="content-type" content="text/html; charset=UTF-8">

</head>

<body style="margin:0px 0px 0px 0px;overflow:auto;background:#FFFFFF;">

<table style="font-family:Arial,Verdana,Times;font-size:12px;text-align:left;width:100%;border-collapse:collapse;padding:3px 3px 3px 3px">

<tr style="text-align:center;font-weight:bold;background:#9CBCE2">

<td>L6943</td>

</tr>

<tr>

<td>

<table style="font-family:Arial,Verdana,Times;font-size:12px;text-align:left;width:100%;border-spacing:0px; padding:3px 3px 3px 3px">

<tr>

<td>FID</td>

<td>2</td>

</tr>

<tr bgcolor="#D4E4F3">

<td>LINEA</td>

<td>L6943</td>

</tr>

<tr>

<td>TIPO</td>

<td>LINEA ELECTRICA AEREA</td>

</tr>

<tr bgcolor="#D4E4F3">

<td>RECORRIDO</td>

<td>SET HUARANGAL - SET PT. PIEDRA</td>

</tr>

</table>

</td>

</tr>

</table>

</body>

</html>]]></description>
				<styleUrl>#LineStyle3011</styleUrl>
				<MultiGeometry>
					<LineString>
						<tessellate>1</tessellate>
						<coordinates>
							-77.04169687999996,-11.84480245799994,0 -77.04236985999995,-11.84399320799996,0 -77.04302441999994,-11.84317505099995,0 -77.04420971499997,-11.84216326199993,0 -77.04539789199998,-11.84154008999996,0 -77.04675998299996,-11.84086142999995,0 -77.04811201699994,-11.84006533999997,0 -77.04941789899993,-11.83923342599996,0 -77.05069624699996,-11.83840170599995,0 -77.04987915999999,-11.83710612299996,0 -77.04904373199997,-11.83581066899996,0 -77.04830883099999,-11.83446025599994,0 -77.04753656599996,-11.83301972699996,0 -77.04687985199996,-11.83231045399998,0 
						</coordinates>
					</LineString>
				</MultiGeometry>
			</Placemark>
			<Placemark id="ID_30003">
				<name>L6943</name>
				<Snippet maxLines="0"></Snippet>
				<description><![CDATA[<html xmlns:fo="http://www.w3.org/1999/XSL/Format" xmlns:msxsl="urn:schemas-microsoft-com:xslt">

<head>

<META http-equiv="Content-Type" content="text/html">

<meta http-equiv="content-type" content="text/html; charset=UTF-8">

</head>

<body style="margin:0px 0px 0px 0px;overflow:auto;background:#FFFFFF;">

<table style="font-family:Arial,Verdana,Times;font-size:12px;text-align:left;width:100%;border-collapse:collapse;padding:3px 3px 3px 3px">

<tr style="text-align:center;font-weight:bold;background:#9CBCE2">

<td>L6943</td>

</tr>

<tr>

<td>

<table style="font-family:Arial,Verdana,Times;font-size:12px;text-align:left;width:100%;border-spacing:0px; padding:3px 3px 3px 3px">

<tr>

<td>FID</td>

<td>3</td>

</tr>

<tr bgcolor="#D4E4F3">

<td>LINEA</td>

<td>L6943</td>

</tr>

<tr>

<td>TIPO</td>

<td>LINEA ELECTRICA AEREA</td>

</tr>

<tr bgcolor="#D4E4F3">

<td>RECORRIDO</td>

<td>SET HUARANGAL - SET PT. PIEDRA</td>

</tr>

</table>

</td>

</tr>

</table>

</body>

</html>]]></description>
				<styleUrl>#LineStyle3011</styleUrl>
				<MultiGeometry>
					<LineString>
						<tessellate>1</tessellate>
						<coordinates>
							-77.06949990799995,-11.86809056299996,0 -77.07038006199997,-11.86677360499993,0 -77.0712765705363,-11.8654042528797,0 -77.07191910699999,-11.86400573399993,0 -77.07079743699995,-11.86371569399994,0 -77.06942979899998,-11.86366243799995,0 -77.06787994399997,-11.86378222999997,0 -77.06636671999996,-11.86389270899996,0 -77.06500023499996,-11.86399306999993,0 -77.06348673399998,-11.86406738299997,0 -77.06192721699995,-11.86412394699994,0 
						</coordinates>
					</LineString>
				</MultiGeometry>
			</Placemark>
		</Folder>
	</Document>
	<Document id="LINEA_ELECTRICA_690" xsi:schemaLocation="http://www.opengis.net/kml/2.2 http://schemas.opengis.net/kml/2.2.0/ogckml22.xsd http://www.google.com/kml/ext/2.2 http://code.google.com/apis/kml/schema/kml22gx.xsd">
		<name>LINEA ELECTRICA 690</name>
		<open>1</open>
		<Snippet maxLines="0"></Snippet>
		<Style id="LineStyle2031">
			<LabelStyle>
				<color>00000000</color>
				<scale>0</scale>
			</LabelStyle>
			<LineStyle>
				<color>ffe65c00</color>
				<width>2</width>
			</LineStyle>
			<PolyStyle>
				<color>00000000</color>
				<outline>0</outline>
			</PolyStyle>
		</Style>
		<Folder id="FeatureLayer2">
			<name>LINEA ELECTRICA AEREA</name>
			<open>1</open>
			<Snippet maxLines="0"></Snippet>
			<Placemark id="ID_20000">
				<name>L690</name>
				<Snippet maxLines="0"></Snippet>
				<description><![CDATA[<html xmlns:fo="http://www.w3.org/1999/XSL/Format" xmlns:msxsl="urn:schemas-microsoft-com:xslt">

<head>

<META http-equiv="Content-Type" content="text/html">

<meta http-equiv="content-type" content="text/html; charset=UTF-8">

</head>

<body style="margin:0px 0px 0px 0px;overflow:auto;background:#FFFFFF;">

<table style="font-family:Arial,Verdana,Times;font-size:12px;text-align:left;width:100%;border-collapse:collapse;padding:3px 3px 3px 3px">

<tr style="text-align:center;font-weight:bold;background:#9CBCE2">

<td>L690</td>

</tr>

<tr>

<td>

<table style="font-family:Arial,Verdana,Times;font-size:12px;text-align:left;width:100%;border-spacing:0px; padding:3px 3px 3px 3px">

<tr>

<td>FID</td>

<td>0</td>

</tr>

<tr bgcolor="#D4E4F3">

<td>LINEA</td>

<td>L690</td>

</tr>

<tr>

<td>TIPO</td>

<td>LINEA ELECTRICA AEREA</td>

</tr>

<tr bgcolor="#D4E4F3">

<td>RECORRIDO</td>

<td>SET BARSI - SET INDUSTRIAL</td>

</tr>

</table>

</td>

</tr>

</table>

</body>

</html>]]></description>
				<styleUrl>#LineStyle2031</styleUrl>
				<MultiGeometry>
					<LineString>
						<tessellate>1</tessellate>
						<coordinates>
							-77.089167,-12.04812,0 -77.08894527499996,-12.04761163899997,0 -77.09067268499996,-12.04776136999994,0 -77.09268493699994,-12.04793606499993,0 -77.09456857499998,-12.04810267399995,0 -77.09659000899995,-12.04827727099996,0 -77.09802339699996,-12.04840205299996,0 -77.09874923699994,-12.04845985299993,0 -77.09964062799997,-12.04855255599995,0 -77.10060540199999,-12.04863566499995,0 -77.10152426699995,-12.04871911599998,0 -77.10244313299995,-12.04880256499995,0 -77.10334356499999,-12.04887711099997,0 -77.10398677099994,-12.04893552099997,0 -77.10402549699995,-12.04801337799994,0 -77.10410214599995,-12.04724458999994,0 -77.10437752299998,-12.04723347399994,0 -77.10406500000001,-12.048027,0 
						</coordinates>
					</LineString>
				</MultiGeometry>
			</Placemark>
		</Folder>
	</Document>
	<Document id="LINEA_ELECTRICA_689" xsi:schemaLocation="http://www.opengis.net/kml/2.2 http://schemas.opengis.net/kml/2.2.0/ogckml22.xsd http://www.google.com/kml/ext/2.2 http://code.google.com/apis/kml/schema/kml22gx.xsd">
		<name>LINEA ELECTRICA 689</name>
		<open>1</open>
		<Snippet maxLines="0"></Snippet>
		<Style id="LineStyle2032">
			<LabelStyle>
				<color>00000000</color>
				<scale>0</scale>
			</LabelStyle>
			<LineStyle>
				<color>ffe65c00</color>
				<width>2</width>
			</LineStyle>
			<PolyStyle>
				<color>00000000</color>
				<outline>0</outline>
			</PolyStyle>
		</Style>
		<Folder id="FeatureLayer2">
			<name>LINEA ELECTRICA AEREA 689</name>
			<open>1</open>
			<Snippet maxLines="0"></Snippet>
			<Placemark id="ID_20000">
				<name>L689</name>
				<Snippet maxLines="0"></Snippet>
				<description><![CDATA[<html xmlns:fo="http://www.w3.org/1999/XSL/Format" xmlns:msxsl="urn:schemas-microsoft-com:xslt">

<head>

<META http-equiv="Content-Type" content="text/html">

<meta http-equiv="content-type" content="text/html; charset=UTF-8">

</head>

<body style="margin:0px 0px 0px 0px;overflow:auto;background:#FFFFFF;">

<table style="font-family:Arial,Verdana,Times;font-size:12px;text-align:left;width:100%;border-collapse:collapse;padding:3px 3px 3px 3px">

<tr style="text-align:center;font-weight:bold;background:#9CBCE2">

<td>L689</td>

</tr>

<tr>

<td>

<table style="font-family:Arial,Verdana,Times;font-size:12px;text-align:left;width:100%;border-spacing:0px; padding:3px 3px 3px 3px">

<tr>

<td>FID</td>

<td>0</td>

</tr>

<tr bgcolor="#D4E4F3">

<td>LINEA</td>

<td>L689</td>

</tr>

<tr>

<td>TIPO</td>

<td>LINEA ELECTRICA AEREA</td>

</tr>

<tr bgcolor="#D4E4F3">

<td>RECORRIDO</td>

<td>SET BARSI - SET INDUSTRIAL</td>

</tr>

</table>

</td>

</tr>

</table>

</body>

</html>]]></description>
				<styleUrl>#LineStyle2032</styleUrl>
				<MultiGeometry>
					<LineString>
						<tessellate>1</tessellate>
						<coordinates>
							-77.089167,-12.04812,0 -77.08899209199996,-12.04772877999995,0 -77.09067268499996,-12.04776136999994,0 -77.09268493699994,-12.04793606499993,0 -77.09456857499998,-12.04810267399995,0 -77.09659000899995,-12.04827727099996,0 -77.09811542399996,-12.04842847399993,0 -77.09867592499995,-12.04847848099995,0 -77.09964062799997,-12.04855255599995,0 -77.10060540199999,-12.04863566499995,0 -77.10152426699995,-12.04871911599998,0 -77.10244313299995,-12.04880256499995,0 -77.10334356499999,-12.04887711099997,0 -77.10398677099994,-12.04893552099997,0 -77.10402549699995,-12.04801337799994,0 -77.10410214599995,-12.04724458999994,0 -77.10437752299998,-12.04723347399994,0 -77.10406500000001,-12.048027,0 
						</coordinates>
					</LineString>
				</MultiGeometry>
			</Placemark>
		</Folder>
	</Document>
	<Document id="LINEA_ELECTRICA_6756" xsi:schemaLocation="http://www.opengis.net/kml/2.2 http://schemas.opengis.net/kml/2.2.0/ogckml22.xsd http://www.google.com/kml/ext/2.2 http://code.google.com/apis/kml/schema/kml22gx.xsd">
		<name>LINEA ELECTRICA 6756</name>
		<open>1</open>
		<Snippet maxLines="0"></Snippet>
		<Style id="LineStyle2033">
			<LabelStyle>
				<color>00000000</color>
				<scale>0</scale>
			</LabelStyle>
			<LineStyle>
				<color>ff0000ff</color>
				<width>1.7</width>
			</LineStyle>
			<PolyStyle>
				<color>00000000</color>
				<outline>0</outline>
			</PolyStyle>
		</Style>
		<Style id="LineStyle3012">
			<LabelStyle>
				<color>00000000</color>
				<scale>0</scale>
			</LabelStyle>
			<LineStyle>
				<color>ffe65c00</color>
				<width>2</width>
			</LineStyle>
			<PolyStyle>
				<color>00000000</color>
				<outline>0</outline>
			</PolyStyle>
		</Style>
		<Folder id="FeatureLayer2">
			<name>LINEA_ELECTRICA_SUBTERRANEA_6756</name>
			<Snippet maxLines="0"></Snippet>
			<Placemark id="ID_20000">
				<Snippet maxLines="0"></Snippet>
				<description><![CDATA[<html xmlns:fo="http://www.w3.org/1999/XSL/Format" xmlns:msxsl="urn:schemas-microsoft-com:xslt">

<head>

<META http-equiv="Content-Type" content="text/html">

<meta http-equiv="content-type" content="text/html; charset=UTF-8">

</head>

<body style="margin:0px 0px 0px 0px;overflow:auto;background:#FFFFFF;">

<table style="font-family:Arial,Verdana,Times;font-size:12px;text-align:left;width:100%;border-collapse:collapse;padding:3px 3px 3px 3px">

<tr style="text-align:center;font-weight:bold;background:#9CBCE2">

<td></td>

</tr>

<tr>

<td>

<table style="font-family:Arial,Verdana,Times;font-size:12px;text-align:left;width:100%;border-spacing:0px; padding:3px 3px 3px 3px">

<tr>

<td>FID</td>

<td>0</td>

</tr>

<tr bgcolor="#D4E4F3">

<td>LINEA</td>

<td>L6756</td>

</tr>

<tr>

<td>TIPO</td>

<td>LINEA ELECTRICA SUBTERRANEA</td>

</tr>

<tr bgcolor="#D4E4F3">

<td>RECORRIDO</td>

<td>SET JOSE GRANDA - SET MIRONES</td>

</tr>

</table>

</td>

</tr>

</table>

</body>

</html>]]></description>
				<styleUrl>#LineStyle2033</styleUrl>
				<MultiGeometry>
					<LineString>
						<tessellate>1</tessellate>
						<coordinates>
							-77.0783502360912,-12.01325903138108,0 -77.07846403539956,-12.01320609086355,0 -77.07813123,-12.01257584,0 -77.07512819,-12.01209334999999,0 -77.07503463,-12.01205189,0 
						</coordinates>
					</LineString>
				</MultiGeometry>
			</Placemark>
			<Placemark id="ID_20001">
				<Snippet maxLines="0"></Snippet>
				<description><![CDATA[<html xmlns:fo="http://www.w3.org/1999/XSL/Format" xmlns:msxsl="urn:schemas-microsoft-com:xslt">

<head>

<META http-equiv="Content-Type" content="text/html">

<meta http-equiv="content-type" content="text/html; charset=UTF-8">

</head>

<body style="margin:0px 0px 0px 0px;overflow:auto;background:#FFFFFF;">

<table style="font-family:Arial,Verdana,Times;font-size:12px;text-align:left;width:100%;border-collapse:collapse;padding:3px 3px 3px 3px">

<tr style="text-align:center;font-weight:bold;background:#9CBCE2">

<td></td>

</tr>

<tr>

<td>

<table style="font-family:Arial,Verdana,Times;font-size:12px;text-align:left;width:100%;border-spacing:0px; padding:3px 3px 3px 3px">

<tr>

<td>FID</td>

<td>1</td>

</tr>

<tr bgcolor="#D4E4F3">

<td>LINEA</td>

<td>L6756</td>

</tr>

<tr>

<td>TIPO</td>

<td>LINEA ELECTRICA SUBTERRANEA</td>

</tr>

<tr bgcolor="#D4E4F3">

<td>RECORRIDO</td>

<td>SET JOSE GRANDA - SET MIRONES</td>

</tr>

</table>

</td>

</tr>

</table>

</body>

</html>]]></description>
				<styleUrl>#LineStyle2033</styleUrl>
				<MultiGeometry>
					<LineString>
						<tessellate>1</tessellate>
						<coordinates>
							-77.06101301499996,-12.01148683499996,0 -77.06088601118083,-12.01147924575106,0 -77.06121614999999,-12.00949946999998,0 -77.06135147583878,-12.00910476013815,0 -77.06148393471355,-12.00895432678451,0 -77.06163433814747,-12.00876789145448,0 -77.06180318638782,-12.00861121142242,0 -77.0620694677386,-12.00848968243053,0 -77.06464587214704,-12.00900692075386,0 -77.06487849499996,-12.00910843499997,0 
						</coordinates>
					</LineString>
				</MultiGeometry>
			</Placemark>
			<Placemark id="ID_20002">
				<Snippet maxLines="0"></Snippet>
				<description><![CDATA[<html xmlns:fo="http://www.w3.org/1999/XSL/Format" xmlns:msxsl="urn:schemas-microsoft-com:xslt">

<head>

<META http-equiv="Content-Type" content="text/html">

<meta http-equiv="content-type" content="text/html; charset=UTF-8">

</head>

<body style="margin:0px 0px 0px 0px;overflow:auto;background:#FFFFFF;">

<table style="font-family:Arial,Verdana,Times;font-size:12px;text-align:left;width:100%;border-collapse:collapse;padding:3px 3px 3px 3px">

<tr style="text-align:center;font-weight:bold;background:#9CBCE2">

<td></td>

</tr>

<tr>

<td>

<table style="font-family:Arial,Verdana,Times;font-size:12px;text-align:left;width:100%;border-spacing:0px; padding:3px 3px 3px 3px">

<tr>

<td>FID</td>

<td>2</td>

</tr>

<tr bgcolor="#D4E4F3">

<td>LINEA</td>

<td>L6756</td>

</tr>

<tr>

<td>TIPO</td>

<td>LINEA ELECTRICA SUBTERRANEA</td>

</tr>

<tr bgcolor="#D4E4F3">

<td>RECORRIDO</td>

<td>SET JOSE GRANDA - SET MIRONES</td>

</tr>

</table>

</td>

</tr>

</table>

</body>

</html>]]></description>
				<styleUrl>#LineStyle2033</styleUrl>
				<MultiGeometry>
					<LineString>
						<tessellate>1</tessellate>
						<coordinates>
							-77.06779679899995,-12.03178118499992,0 -77.06778855070337,-12.03175123303843,0 -77.06783153999999,-12.02803324,0 -77.06786796982144,-12.02787131868003,0 -77.067880884562,-12.02752687625171,0 -77.06782959710016,-12.02738039660964,0 -77.06783660199993,-12.02737940599997,0 
						</coordinates>
					</LineString>
				</MultiGeometry>
			</Placemark>
			<Placemark id="ID_20003">
				<Snippet maxLines="0"></Snippet>
				<description><![CDATA[<html xmlns:fo="http://www.w3.org/1999/XSL/Format" xmlns:msxsl="urn:schemas-microsoft-com:xslt">

<head>

<META http-equiv="Content-Type" content="text/html">

<meta http-equiv="content-type" content="text/html; charset=UTF-8">

</head>

<body style="margin:0px 0px 0px 0px;overflow:auto;background:#FFFFFF;">

<table style="font-family:Arial,Verdana,Times;font-size:12px;text-align:left;width:100%;border-collapse:collapse;padding:3px 3px 3px 3px">

<tr style="text-align:center;font-weight:bold;background:#9CBCE2">

<td></td>

</tr>

<tr>

<td>

<table style="font-family:Arial,Verdana,Times;font-size:12px;text-align:left;width:100%;border-spacing:0px; padding:3px 3px 3px 3px">

<tr>

<td>FID</td>

<td>3</td>

</tr>

<tr bgcolor="#D4E4F3">

<td>LINEA</td>

<td>L6756</td>

</tr>

<tr>

<td>TIPO</td>

<td>LINEA ELECTRICA SUBTERRANEA</td>

</tr>

<tr bgcolor="#D4E4F3">

<td>RECORRIDO</td>

<td>SET JOSE GRANDA - SET MIRONES</td>

</tr>

</table>

</td>

</tr>

</table>

</body>

</html>]]></description>
				<styleUrl>#LineStyle2033</styleUrl>
				<MultiGeometry>
					<LineString>
						<tessellate>1</tessellate>
						<coordinates>
							-77.06510013299997,-12.03214459299991,0 -77.06479941683109,-12.03219451144398,0 -77.06514423756423,-12.0345981366784,0 -77.06519318599999,-12.03471068699996,0 
						</coordinates>
					</LineString>
				</MultiGeometry>
			</Placemark>
		</Folder>
		<Folder id="FeatureLayer3">
			<name>LINEA ELECTRICA AEREA_6756</name>
			<open>1</open>
			<Snippet maxLines="0"></Snippet>
			<Placemark id="ID_30000">
				<name>L6756</name>
				<Snippet maxLines="0"></Snippet>
				<description><![CDATA[<html xmlns:fo="http://www.w3.org/1999/XSL/Format" xmlns:msxsl="urn:schemas-microsoft-com:xslt">

<head>

<META http-equiv="Content-Type" content="text/html">

<meta http-equiv="content-type" content="text/html; charset=UTF-8">

</head>

<body style="margin:0px 0px 0px 0px;overflow:auto;background:#FFFFFF;">

<table style="font-family:Arial,Verdana,Times;font-size:12px;text-align:left;width:100%;border-collapse:collapse;padding:3px 3px 3px 3px">

<tr style="text-align:center;font-weight:bold;background:#9CBCE2">

<td>L6756</td>

</tr>

<tr>

<td>

<table style="font-family:Arial,Verdana,Times;font-size:12px;text-align:left;width:100%;border-spacing:0px; padding:3px 3px 3px 3px">

<tr>

<td>FID</td>

<td>0</td>

</tr>

<tr bgcolor="#D4E4F3">

<td>LINEA</td>

<td>L6756</td>

</tr>

<tr>

<td>TIPO</td>

<td>LINEA ELECTRICA AEREA</td>

</tr>

<tr bgcolor="#D4E4F3">

<td>RECORRIDO</td>

<td>SET JOSE GRANDA - SET MIRONES</td>

</tr>

</table>

</td>

</tr>

</table>

</body>

</html>]]></description>
				<styleUrl>#LineStyle3012</styleUrl>
				<MultiGeometry>
					<LineString>
						<tessellate>1</tessellate>
						<coordinates>
							-77.06783660199994,-12.02737940599997,0 -77.06907425199995,-12.02713525099995,0 -77.06916705099997,-12.02125989499996,0 -77.06836761999995,-12.01997338799993,0 -77.06769383399995,-12.01590225499996,0 -77.06596298899996,-12.01286925899996,0 -77.06451901499997,-12.01253648499994,0 -77.06434949399994,-12.01197738199995,0 -77.06269492099995,-12.01171845599992,0 -77.06101301499996,-12.01148683499997,0 
						</coordinates>
					</LineString>
				</MultiGeometry>
			</Placemark>
			<Placemark id="ID_30001">
				<name>L6756</name>
				<Snippet maxLines="0"></Snippet>
				<description><![CDATA[<html xmlns:fo="http://www.w3.org/1999/XSL/Format" xmlns:msxsl="urn:schemas-microsoft-com:xslt">

<head>

<META http-equiv="Content-Type" content="text/html">

<meta http-equiv="content-type" content="text/html; charset=UTF-8">

</head>

<body style="margin:0px 0px 0px 0px;overflow:auto;background:#FFFFFF;">

<table style="font-family:Arial,Verdana,Times;font-size:12px;text-align:left;width:100%;border-collapse:collapse;padding:3px 3px 3px 3px">

<tr style="text-align:center;font-weight:bold;background:#9CBCE2">

<td>L6756</td>

</tr>

<tr>

<td>

<table style="font-family:Arial,Verdana,Times;font-size:12px;text-align:left;width:100%;border-spacing:0px; padding:3px 3px 3px 3px">

<tr>

<td>FID</td>

<td>1</td>

</tr>

<tr bgcolor="#D4E4F3">

<td>LINEA</td>

<td>L6756</td>

</tr>

<tr>

<td>TIPO</td>

<td>LINEA ELECTRICA AEREA</td>

</tr>

<tr bgcolor="#D4E4F3">

<td>RECORRIDO</td>

<td>SET JOSE GRANDA - SET MIRONES</td>

</tr>

</table>

</td>

</tr>

</table>

</body>

</html>]]></description>
				<styleUrl>#LineStyle3012</styleUrl>
				<MultiGeometry>
					<LineString>
						<tessellate>1</tessellate>
						<coordinates>
							-77.06487849499996,-12.00910843499997,0 -77.06514624399995,-12.00930529299995,0 -77.06613110699999,-12.00963242199998,0 -77.06708842999996,-12.00995975099994,0 -77.06802725599994,-12.01026913699997,0 -77.06888352899995,-12.01058816899996,0 -77.07000645199997,-12.01095945099996,0 -77.07085313199997,-12.01122431899995,0 -77.07179161999994,-12.01148850399994,0 -77.07292241599998,-12.01168799399994,0 -77.07405321199997,-12.01188747899994,0 -77.07502759499994,-12.01204292999995,0 
						</coordinates>
					</LineString>
				</MultiGeometry>
			</Placemark>
			<Placemark id="ID_30002">
				<name>L6756</name>
				<Snippet maxLines="0"></Snippet>
				<description><![CDATA[<html xmlns:fo="http://www.w3.org/1999/XSL/Format" xmlns:msxsl="urn:schemas-microsoft-com:xslt">

<head>

<META http-equiv="Content-Type" content="text/html">

<meta http-equiv="content-type" content="text/html; charset=UTF-8">

</head>

<body style="margin:0px 0px 0px 0px;overflow:auto;background:#FFFFFF;">

<table style="font-family:Arial,Verdana,Times;font-size:12px;text-align:left;width:100%;border-collapse:collapse;padding:3px 3px 3px 3px">

<tr style="text-align:center;font-weight:bold;background:#9CBCE2">

<td>L6756</td>

</tr>

<tr>

<td>

<table style="font-family:Arial,Verdana,Times;font-size:12px;text-align:left;width:100%;border-spacing:0px; padding:3px 3px 3px 3px">

<tr>

<td>FID</td>

<td>2</td>

</tr>

<tr bgcolor="#D4E4F3">

<td>LINEA</td>

<td>L6756</td>

</tr>

<tr>

<td>TIPO</td>

<td>LINEA ELECTRICA AEREA</td>

</tr>

<tr bgcolor="#D4E4F3">

<td>RECORRIDO</td>

<td>SET JOSE GRANDA - SET MIRONES</td>

</tr>

</table>

</td>

</tr>

</table>

</body>

</html>]]></description>
				<styleUrl>#LineStyle3012</styleUrl>
				<MultiGeometry>
					<LineString>
						<tessellate>1</tessellate>
						<coordinates>
							-77.06510013299999,-12.03214459299995,0 -77.06644853599994,-12.03197192899995,0 -77.06779679899995,-12.03178118499994,0 
						</coordinates>
					</LineString>
				</MultiGeometry>
			</Placemark>
			<Placemark id="ID_30003">
				<name>L6756</name>
				<Snippet maxLines="0"></Snippet>
				<description><![CDATA[<html xmlns:fo="http://www.w3.org/1999/XSL/Format" xmlns:msxsl="urn:schemas-microsoft-com:xslt">

<head>

<META http-equiv="Content-Type" content="text/html">

<meta http-equiv="content-type" content="text/html; charset=UTF-8">

</head>

<body style="margin:0px 0px 0px 0px;overflow:auto;background:#FFFFFF;">

<table style="font-family:Arial,Verdana,Times;font-size:12px;text-align:left;width:100%;border-collapse:collapse;padding:3px 3px 3px 3px">

<tr style="text-align:center;font-weight:bold;background:#9CBCE2">

<td>L6756</td>

</tr>

<tr>

<td>

<table style="font-family:Arial,Verdana,Times;font-size:12px;text-align:left;width:100%;border-spacing:0px; padding:3px 3px 3px 3px">

<tr>

<td>FID</td>

<td>3</td>

</tr>

<tr bgcolor="#D4E4F3">

<td>LINEA</td>

<td>L6756</td>

</tr>

<tr>

<td>TIPO</td>

<td>LINEA ELECTRICA AEREA</td>

</tr>

<tr bgcolor="#D4E4F3">

<td>RECORRIDO</td>

<td>SET JOSE GRANDA - SET MIRONES</td>

</tr>

</table>

</td>

</tr>

</table>

</body>

</html>]]></description>
				<styleUrl>#LineStyle3012</styleUrl>
				<MultiGeometry>
					<LineString>
						<tessellate>1</tessellate>
						<coordinates>
							-77.065596,-12.04463799999999,0 -77.06525935099995,-12.04457061399996,0 -77.06539575599999,-12.04319583299997,0 -77.06556736699997,-12.04162195699997,0 -77.06575699599995,-12.04000275799996,0 -77.06598507599995,-12.03860922399998,0 -77.06608572099998,-12.03736123999994,0 -77.06616461799996,-12.03567055699995,0 -77.06564831999998,-12.03539420299995,0 -77.06519318599999,-12.03471068699996,0 
						</coordinates>
					</LineString>
				</MultiGeometry>
			</Placemark>
		</Folder>
	</Document>
	<Document id="LINEA_ELECTRICA_6362" xsi:schemaLocation="http://www.opengis.net/kml/2.2 http://schemas.opengis.net/kml/2.2.0/ogckml22.xsd http://www.google.com/kml/ext/2.2 http://code.google.com/apis/kml/schema/kml22gx.xsd">
		<name>LINEA ELECTRICA 6362</name>
		<open>1</open>
		<Snippet maxLines="0"></Snippet>
		<Style id="LineStyle2034">
			<LabelStyle>
				<color>00000000</color>
				<scale>0</scale>
			</LabelStyle>
			<LineStyle>
				<color>ff0000ff</color>
				<width>1.7</width>
			</LineStyle>
			<PolyStyle>
				<color>00000000</color>
				<outline>0</outline>
			</PolyStyle>
		</Style>
		<Style id="LineStyle3013">
			<LabelStyle>
				<color>00000000</color>
				<scale>0</scale>
			</LabelStyle>
			<LineStyle>
				<color>ffe65c00</color>
				<width>2</width>
			</LineStyle>
			<PolyStyle>
				<color>00000000</color>
				<outline>0</outline>
			</PolyStyle>
		</Style>
		<Folder id="FeatureLayer2">
			<name>LINEA_ELECTRICA_SUBTERRANEA_6362</name>
			<Snippet maxLines="0"></Snippet>
			<Placemark id="ID_20000">
				<Snippet maxLines="0"></Snippet>
				<description><![CDATA[<html xmlns:fo="http://www.w3.org/1999/XSL/Format" xmlns:msxsl="urn:schemas-microsoft-com:xslt">

<head>

<META http-equiv="Content-Type" content="text/html">

<meta http-equiv="content-type" content="text/html; charset=UTF-8">

</head>

<body style="margin:0px 0px 0px 0px;overflow:auto;background:#FFFFFF;">

<table style="font-family:Arial,Verdana,Times;font-size:12px;text-align:left;width:100%;border-collapse:collapse;padding:3px 3px 3px 3px">

<tr style="text-align:center;font-weight:bold;background:#9CBCE2">

<td></td>

</tr>

<tr>

<td>

<table style="font-family:Arial,Verdana,Times;font-size:12px;text-align:left;width:100%;border-spacing:0px; padding:3px 3px 3px 3px">

<tr>

<td>FID</td>

<td>0</td>

</tr>

<tr bgcolor="#D4E4F3">

<td>LINEA</td>

<td>L6362</td>

</tr>

<tr>

<td>TIPO</td>

<td>LINEA ELECTRICA SUBTERRANEA</td>

</tr>

<tr bgcolor="#D4E4F3">

<td>RECORRIDO</td>

<td>SET FILADELFIA - SET PT. PIEDRA</td>

</tr>

</table>

</td>

</tr>

</table>

</body>

</html>]]></description>
				<styleUrl>#LineStyle2034</styleUrl>
				<MultiGeometry>
					<LineString>
						<tessellate>1</tessellate>
						<coordinates>
							-77.06949806499995,-11.98403912099998,0 -77.06950038181915,-11.98400054842992,0 -77.06954186,-11.98399451,0 -77.07139561,-11.98383023999999,0 -77.07143553,-11.98381666,0 -77.07151296000001,-11.98380984999999,0 -77.0715599,-11.98381376,0 -77.07320878,-11.98365659,0 -77.07325405,-11.98364325,0 -77.07329927000001,-11.98363776,0 -77.07334401999999,-11.98364421000001,0 -77.07385626999999,-11.98359748999999,0 -77.0738992,-11.98358126,0 -77.07394676,-11.98357756000001,0 -77.07397305000001,-11.9835856,0 -77.07408275,-11.98357376,0 -77.07450095999999,-11.98353405999999,0 -77.07453035,-11.98352362999999,0 -77.07458887,-11.98351714,0 -77.07462709000001,-11.9835221,0 -77.0749187,-11.98349346,0 -77.07495827,-11.98348214,0 -77.07525080000001,-11.98345295,0 -77.07530199,-11.98346071,0 -77.0757158,-11.98342158,0 -77.07578759,-11.98339836000001,0 -77.07591409,-11.98338604000001,0 -77.07598191,-11.98339548,0 -77.07774322,-11.98323303,0 -77.07784909999999,-11.98323812,0 -77.07805513,-11.98321742999999,0 -77.07873542999999,-11.98315536000001,0 -77.07889628,-11.98314558,0 -77.07918746999999,-11.98317008,0 -77.0796568,-11.98311599,0 -77.08012741,-11.98306306000001,0 -77.08017024999999,-11.98304665,0 -77.08249161000001,-11.98282371,0 -77.08329517999999,-11.98274761,0 -77.08563633999999,-11.98252161000001,0 -77.08604602,-11.98250789000001,0 -77.08651448000001,-11.98254553,0 -77.08788705000001,-11.98242230000001,0 -77.08849189999999,-11.98236342,0 -77.0887915,-11.98233561,0 -77.09045805,-11.98217524,0 -77.09068334,-11.98215304,0 -77.0916644,-11.98205968,0 -77.09173994,-11.98204654999999,0 -77.09255065000001,-11.98196766,0 -77.09448184,-11.98178134,0 -77.09467657,-11.98178529999999,0 -77.09628575000001,-11.98161778000001,0 -77.09683846138428,-11.98194448625881,0 -77.0967830601507,-11.9820113271185,0 
						</coordinates>
					</LineString>
				</MultiGeometry>
			</Placemark>
		</Folder>
		<Folder id="FeatureLayer3">
			<name>LINEA ELECTRICA AEREA 6362</name>
			<open>1</open>
			<Snippet maxLines="0"></Snippet>
			<Placemark id="ID_30000">
				<name>L6362</name>
				<Snippet maxLines="0"></Snippet>
				<description><![CDATA[<html xmlns:fo="http://www.w3.org/1999/XSL/Format" xmlns:msxsl="urn:schemas-microsoft-com:xslt">

<head>

<META http-equiv="Content-Type" content="text/html">

<meta http-equiv="content-type" content="text/html; charset=UTF-8">

</head>

<body style="margin:0px 0px 0px 0px;overflow:auto;background:#FFFFFF;">

<table style="font-family:Arial,Verdana,Times;font-size:12px;text-align:left;width:100%;border-collapse:collapse;padding:3px 3px 3px 3px">

<tr style="text-align:center;font-weight:bold;background:#9CBCE2">

<td>L6362</td>

</tr>

<tr>

<td>

<table style="font-family:Arial,Verdana,Times;font-size:12px;text-align:left;width:100%;border-spacing:0px; padding:3px 3px 3px 3px">

<tr>

<td>FID</td>

<td>0</td>

</tr>

<tr bgcolor="#D4E4F3">

<td>LINEA</td>

<td>L6362</td>

</tr>

<tr>

<td>TIPO</td>

<td>LINEA ELECTRICA AEREA</td>

</tr>

<tr bgcolor="#D4E4F3">

<td>RECORRIDO</td>

<td>SET FILADELFIA - SET PT. PIEDRA</td>

</tr>

</table>

</td>

</tr>

</table>

</body>

</html>]]></description>
				<styleUrl>#LineStyle3013</styleUrl>
				<MultiGeometry>
					<LineString>
						<tessellate>1</tessellate>
						<coordinates>
							-77.06814142648278,-11.8688873832574,0 -77.06826011999993,-11.86917516199998,0 -77.06864693299997,-11.86936213099993,0 -77.06893769399994,-11.86898040499992,0 -77.07064360099997,-11.87007959399995,0 -77.07049863099996,-11.87032468199993,0 -77.06950068399992,-11.87184134199996,0 -77.06907026899994,-11.87317308399997,0 -77.06901394999994,-11.87422190799996,0 -77.06895756299997,-11.87526169499995,0 -77.06888330199995,-11.87636487899994,0 -77.06881910299995,-11.87758548399994,0 -77.06876237599992,-11.87858008299997,0 -77.06870646699996,-11.87968313199997,0 -77.06861849499994,-11.88140100299995,0 -77.06850326699998,-11.88315522499994,0 -77.0683806516049,-11.8851535528659,0 -77.06832123403018,-11.88700678464838,0 -77.06820353699999,-11.88842659399996,0 -77.06813139499995,-11.88980994099995,0 -77.06803520599992,-11.89165440399994,0 -77.06793874399995,-11.89346271699996,0 -77.06782392999997,-11.89527116399994,0 -77.06771856599993,-11.89711569499995,0 -77.067631160365,-11.89891492722569,0 -77.0674982677283,-11.9007596592303,0 -77.06741090499997,-11.90254980499997,0 -77.06778795799994,-11.90386659199991,0 -77.06859011051179,-11.90557795539299,0 -77.06905688099994,-11.90661387699993,0 -77.06964399599995,-11.90779354699993,0 -77.07242740099997,-11.91176788899998,0 -77.07333711799997,-11.91312593199994,0 -77.07370696599997,-11.91469581999997,0 -77.07352159999994,-11.91687533999993,0 -77.07328986699997,-11.91899193499995,0 -77.07317613599997,-11.92093593999992,0 -77.07302761234419,-11.92193123614699,0 -77.07293474399995,-11.92298933999996,0 -77.07274848499995,-11.92505137299997,0 -77.0725254607313,-11.92711370059868,0 -77.07233939399998,-11.92919378399994,0 -77.07216251799996,-11.93128286099994,0 -77.07195728499993,-11.93326369199995,0 -77.07176232799998,-11.93538905499997,0 -77.07156688999999,-11.93745115599993,0 -77.07136151799993,-11.93941391199996,0 -77.07119949499996,-11.94104194299996,0 -77.07087562899993,-11.94311402799998,0 -77.0706883057465,-11.94481491979209,0 -77.07062617499997,-11.94652318699998,0 -77.07046270799997,-11.94796143199994,0 -77.07017486399997,-11.94994287199996,0 -77.06996715199995,-11.95159835399993,0 -77.06972370402968,-11.95315990851399,0 -77.06954396199995,-11.95388808399996,0 -77.06948266599994,-11.95427716899995,0 -77.06937719399997,-11.95489252899995,0 -77.06921994799994,-11.95594209499995,0 -77.06907084899994,-11.95685603099995,0 -77.06893072199993,-11.9577427859999,0 -77.06877347399995,-11.95879235199993,0 -77.06860690899997,-11.95982390999993,0 -77.06844952199998,-11.96085540099993,0 -77.06829213499996,-11.96188689099995,0 -77.06813467899997,-11.96290934499995,0 -77.06797722199997,-11.96393179799997,0 -77.06771408199995,-11.96554249999997,0 -77.06752854436741,-11.96688495453448,0 -77.06740793199998,-11.96753311399992,0 -77.06729341299994,-11.96816661699994,0 -77.06713787699994,-11.96944211999995,0 -77.06709500499993,-11.96984010799997,0 -77.06689206099996,-11.97091712499997,0 -77.06672528299998,-11.97192157099993,0 -77.06645137599997,-11.97332447899991,0 -77.06622563299999,-11.97502528499995,0 -77.06580870099997,-11.97693537399993,0 -77.06564281199996,-11.97805730799994,0 -77.06550016099999,-11.97982076899994,0 -77.06525350999993,-11.98118732399995,0 -77.06503206099994,-11.98224640099992,0 -77.06492358399998,-11.98367520399995,0 -77.06632390799994,-11.98432465199993,0 -77.06800268099994,-11.98416765799993,0 -77.06949806499995,-11.98403912099998,0 
						</coordinates>
					</LineString>
				</MultiGeometry>
			</Placemark>
		</Folder>
	</Document>
	<Document id="LINEA_ELECTRICA_6751" xsi:schemaLocation="http://www.opengis.net/kml/2.2 http://schemas.opengis.net/kml/2.2.0/ogckml22.xsd http://www.google.com/kml/ext/2.2 http://code.google.com/apis/kml/schema/kml22gx.xsd">
		<name>LINEA ELECTRICA 6751</name>
		<open>1</open>
		<Snippet maxLines="0"></Snippet>
		<Style id="LineStyle2035">
			<LabelStyle>
				<color>00000000</color>
				<scale>0</scale>
			</LabelStyle>
			<LineStyle>
				<color>ff0000ff</color>
				<width>1.7</width>
			</LineStyle>
			<PolyStyle>
				<color>00000000</color>
				<outline>0</outline>
			</PolyStyle>
		</Style>
		<Style id="LineStyle3014">
			<LabelStyle>
				<color>00000000</color>
				<scale>0</scale>
			</LabelStyle>
			<LineStyle>
				<color>ffe65c00</color>
				<width>2</width>
			</LineStyle>
			<PolyStyle>
				<color>00000000</color>
				<outline>0</outline>
			</PolyStyle>
		</Style>
		<Folder id="FeatureLayer2">
			<name>LINEA_ELECTRICA_SUBTERRANEA_6751</name>
			<Snippet maxLines="0"></Snippet>
			<Placemark id="ID_20000">
				<Snippet maxLines="0"></Snippet>
				<description><![CDATA[<html xmlns:fo="http://www.w3.org/1999/XSL/Format" xmlns:msxsl="urn:schemas-microsoft-com:xslt">

<head>

<META http-equiv="Content-Type" content="text/html">

<meta http-equiv="content-type" content="text/html; charset=UTF-8">

</head>

<body style="margin:0px 0px 0px 0px;overflow:auto;background:#FFFFFF;">

<table style="font-family:Arial,Verdana,Times;font-size:12px;text-align:left;width:100%;border-collapse:collapse;padding:3px 3px 3px 3px">

<tr style="text-align:center;font-weight:bold;background:#9CBCE2">

<td></td>

</tr>

<tr>

<td>

<table style="font-family:Arial,Verdana,Times;font-size:12px;text-align:left;width:100%;border-spacing:0px; padding:3px 3px 3px 3px">

<tr>

<td>FID</td>

<td>0</td>

</tr>

<tr bgcolor="#D4E4F3">

<td>LINEA</td>

<td>L6751</td>

</tr>

<tr>

<td>TIPO</td>

<td>LINEA ELECTRICA SUBTERRANEA</td>

</tr>

<tr bgcolor="#D4E4F3">

<td>RECORRIDO</td>

<td>SET MALVINAS - SET PANDO</td>

</tr>

</table>

</td>

</tr>

</table>

</body>

</html>]]></description>
				<styleUrl>#LineStyle2035</styleUrl>
				<MultiGeometry>
					<LineString>
						<tessellate>1</tessellate>
						<coordinates>
							-77.0627982433282,-12.0622864708147,0 -77.06298410135972,-12.06222804025617,0 -77.06313986000001,-12.06219597,0 -77.06307341,-12.06169621999999,0 -77.06306904,-12.06133114,0 -77.06309220999999,-12.06116527999999,0 -77.06322969999999,-12.06030671,0 -77.06388262999999,-12.05700392,0 -77.06388228,-12.05695873,0 -77.06378045,-12.05685103000001,0 -77.06165142,-12.05644106999999,0 -77.06157783691535,-12.05639617466181,0 -77.06154207361161,-12.05630681345417,0 -77.06154720599994,-12.05626610999996,0 
						</coordinates>
					</LineString>
				</MultiGeometry>
			</Placemark>
			<Placemark id="ID_20001">
				<Snippet maxLines="0"></Snippet>
				<description><![CDATA[<html xmlns:fo="http://www.w3.org/1999/XSL/Format" xmlns:msxsl="urn:schemas-microsoft-com:xslt">

<head>

<META http-equiv="Content-Type" content="text/html">

<meta http-equiv="content-type" content="text/html; charset=UTF-8">

</head>

<body style="margin:0px 0px 0px 0px;overflow:auto;background:#FFFFFF;">

<table style="font-family:Arial,Verdana,Times;font-size:12px;text-align:left;width:100%;border-collapse:collapse;padding:3px 3px 3px 3px">

<tr style="text-align:center;font-weight:bold;background:#9CBCE2">

<td></td>

</tr>

<tr>

<td>

<table style="font-family:Arial,Verdana,Times;font-size:12px;text-align:left;width:100%;border-spacing:0px; padding:3px 3px 3px 3px">

<tr>

<td>FID</td>

<td>1</td>

</tr>

<tr bgcolor="#D4E4F3">

<td>LINEA</td>

<td>L6751</td>

</tr>

<tr>

<td>TIPO</td>

<td>LINEA ELECTRICA SUBTERRANEA</td>

</tr>

<tr bgcolor="#D4E4F3">

<td>RECORRIDO</td>

<td>SET MALVINAS - SET PANDO</td>

</tr>

</table>

</td>

</tr>

</table>

</body>

</html>]]></description>
				<styleUrl>#LineStyle2035</styleUrl>
				<MultiGeometry>
					<LineString>
						<tessellate>1</tessellate>
						<coordinates>
							-77.05423819106549,-12.0412085018203,0 -77.0541127795714,-12.04120172925405,0 -77.05386576336694,-12.04119090377164,0 -77.05384224166428,-12.04128872152053,0 -77.05382119179815,-12.04137912579493,0 -77.0537721402722,-12.04208540302339,0 -77.05371407899082,-12.04262913722615,0 -77.05355193375941,-12.04430999054819,0 -77.05353050244535,-12.04455884507523,0 -77.05347592076276,-12.045048988234,0 -77.05323033814227,-12.04742493554375,0 -77.05892245,-12.04799366000001,0 -77.05908311630573,-12.04804424132416,0 -77.05917527675366,-12.04810928608109,0 -77.05924433420215,-12.04816972143189,0 -77.05930958238591,-12.04844707912826,0 -77.05936677599993,-12.04850053199994,0 
						</coordinates>
					</LineString>
				</MultiGeometry>
			</Placemark>
		</Folder>
		<Folder id="FeatureLayer3">
			<name>LINEA ELECTRICA AEREA_6751</name>
			<open>1</open>
			<Snippet maxLines="0"></Snippet>
			<Placemark id="ID_30000">
				<name>L6751</name>
				<Snippet maxLines="0"></Snippet>
				<description><![CDATA[<html xmlns:fo="http://www.w3.org/1999/XSL/Format" xmlns:msxsl="urn:schemas-microsoft-com:xslt">

<head>

<META http-equiv="Content-Type" content="text/html">

<meta http-equiv="content-type" content="text/html; charset=UTF-8">

</head>

<body style="margin:0px 0px 0px 0px;overflow:auto;background:#FFFFFF;">

<table style="font-family:Arial,Verdana,Times;font-size:12px;text-align:left;width:100%;border-collapse:collapse;padding:3px 3px 3px 3px">

<tr style="text-align:center;font-weight:bold;background:#9CBCE2">

<td>L6751</td>

</tr>

<tr>

<td>

<table style="font-family:Arial,Verdana,Times;font-size:12px;text-align:left;width:100%;border-spacing:0px; padding:3px 3px 3px 3px">

<tr>

<td>FID</td>

<td>0</td>

</tr>

<tr bgcolor="#D4E4F3">

<td>Id</td>

<td>0</td>

</tr>

<tr>

<td>LINEA</td>

<td>L6751</td>

</tr>

<tr bgcolor="#D4E4F3">

<td>TIPO</td>

<td>LINEA ELECTRICA AEREA</td>

</tr>

<tr>

<td>RECORRIDO</td>

<td>SET MALVINAS - SET PANDO</td>

</tr>

</table>

</td>

</tr>

</table>

</body>

</html>]]></description>
				<styleUrl>#LineStyle3014</styleUrl>
				<MultiGeometry>
					<LineString>
						<tessellate>1</tessellate>
						<coordinates>
							-77.06154720599994,-12.05626610999996,0 -77.06183109099999,-12.05496254099994,0 -77.06174355099995,-12.05432149299998,0 -77.0612659022681,-12.0532048570835,0 -77.0607742314422,-12.0520358777838,0 -77.0603045586825,-12.05085816598099,0 -77.0598349035175,-12.0496804846264,0 -77.05936677599993,-12.04850053199994,0 
						</coordinates>
					</LineString>
				</MultiGeometry>
			</Placemark>
		</Folder>
	</Document>
	<Document id="LINEA_ELECTRICA_6749" xsi:schemaLocation="http://www.opengis.net/kml/2.2 http://schemas.opengis.net/kml/2.2.0/ogckml22.xsd http://www.google.com/kml/ext/2.2 http://code.google.com/apis/kml/schema/kml22gx.xsd">
		<name>LINEA ELECTRICA 6749</name>
		<open>1</open>
		<Snippet maxLines="0"></Snippet>
		<Style id="LineStyle2036">
			<LabelStyle>
				<color>00000000</color>
				<scale>0</scale>
			</LabelStyle>
			<LineStyle>
				<color>ff0000ff</color>
				<width>1.7</width>
			</LineStyle>
			<PolyStyle>
				<color>00000000</color>
				<outline>0</outline>
			</PolyStyle>
		</Style>
		<Style id="LineStyle3015">
			<LabelStyle>
				<color>00000000</color>
				<scale>0</scale>
			</LabelStyle>
			<LineStyle>
				<color>ffe65c00</color>
				<width>2</width>
			</LineStyle>
			<PolyStyle>
				<color>00000000</color>
				<outline>0</outline>
			</PolyStyle>
		</Style>
		<Folder id="FeatureLayer2">
			<name>LINEA_ELECTRICA_SUBTERRANEA_6749</name>
			<Snippet maxLines="0"></Snippet>
			<Placemark id="ID_20000">
				<Snippet maxLines="0"></Snippet>
				<description><![CDATA[<html xmlns:fo="http://www.w3.org/1999/XSL/Format" xmlns:msxsl="urn:schemas-microsoft-com:xslt">

<head>

<META http-equiv="Content-Type" content="text/html">

<meta http-equiv="content-type" content="text/html; charset=UTF-8">

</head>

<body style="margin:0px 0px 0px 0px;overflow:auto;background:#FFFFFF;">

<table style="font-family:Arial,Verdana,Times;font-size:12px;text-align:left;width:100%;border-collapse:collapse;padding:3px 3px 3px 3px">

<tr style="text-align:center;font-weight:bold;background:#9CBCE2">

<td></td>

</tr>

<tr>

<td>

<table style="font-family:Arial,Verdana,Times;font-size:12px;text-align:left;width:100%;border-spacing:0px; padding:3px 3px 3px 3px">

<tr>

<td>FID</td>

<td>0</td>

</tr>

<tr bgcolor="#D4E4F3">

<td>LINEA</td>

<td>L6749</td>

</tr>

<tr>

<td>TIPO</td>

<td>LINEA ELECTRICA SUBTERRANEA</td>

</tr>

<tr bgcolor="#D4E4F3">

<td>RECORRIDO</td>

<td>SET MAVINAS - SET PANDO</td>

</tr>

</table>

</td>

</tr>

</table>

</body>

</html>]]></description>
				<styleUrl>#LineStyle2036</styleUrl>
				<MultiGeometry>
					<LineString>
						<tessellate>1</tessellate>
						<coordinates>
							-77.05938493299999,-12.04847328399996,0 -77.05933111328274,-12.04843286138224,0 -77.05926779274429,-12.04816130391641,0 -77.05919406902052,-12.04809273940927,0 -77.05909645555997,-12.0480258217505,0 -77.05892668,-12.04798045999999,0 -77.05511593,-12.04759972,0 -77.0532573928682,-12.04741401310149,0 -77.05356466571462,-12.04457546727673,0 -77.05359127304483,-12.04424048731689,0 -77.05374630755543,-12.04262500691424,0 -77.05379300877892,-12.04213305334235,0 -77.05385620112762,-12.04137774364723,0 -77.05389803576058,-12.04121346189768,0 -77.05424148758399,-12.041226284006,0 
						</coordinates>
					</LineString>
				</MultiGeometry>
			</Placemark>
			<Placemark id="ID_20001">
				<Snippet maxLines="0"></Snippet>
				<description><![CDATA[<html xmlns:fo="http://www.w3.org/1999/XSL/Format" xmlns:msxsl="urn:schemas-microsoft-com:xslt">

<head>

<META http-equiv="Content-Type" content="text/html">

<meta http-equiv="content-type" content="text/html; charset=UTF-8">

</head>

<body style="margin:0px 0px 0px 0px;overflow:auto;background:#FFFFFF;">

<table style="font-family:Arial,Verdana,Times;font-size:12px;text-align:left;width:100%;border-collapse:collapse;padding:3px 3px 3px 3px">

<tr style="text-align:center;font-weight:bold;background:#9CBCE2">

<td></td>

</tr>

<tr>

<td>

<table style="font-family:Arial,Verdana,Times;font-size:12px;text-align:left;width:100%;border-spacing:0px; padding:3px 3px 3px 3px">

<tr>

<td>FID</td>

<td>1</td>

</tr>

<tr bgcolor="#D4E4F3">

<td>LINEA</td>

<td>L6749</td>

</tr>

<tr>

<td>TIPO</td>

<td>LINEA ELECTRICA SUBTERRANEA</td>

</tr>

<tr bgcolor="#D4E4F3">

<td>RECORRIDO</td>

<td>SET MAVINAS - SET PANDO</td>

</tr>

</table>

</td>

</tr>

</table>

</body>

</html>]]></description>
				<styleUrl>#LineStyle2036</styleUrl>
				<MultiGeometry>
					<LineString>
						<tessellate>1</tessellate>
						<coordinates>
							-77.0627982433282,-12.0622864708147,0 -77.06299982625006,-12.06224641762559,0 -77.06315613,-12.06221382999999,0 -77.06308718,-12.06169526,0 -77.06308297,-12.06133098,0 -77.06310584000001,-12.06116726,0 -77.06324322,-12.0603093,0 -77.06389641,-12.05700517999999,0 -77.06389600999999,-12.05695336,0 -77.06378748,-12.05683858000001,0 -77.06165724,-12.05642838,0 -77.06159228037416,-12.05637942155373,0 -77.06156302540316,-12.05629648127503,0 -77.0615820071796,-12.0562450271242,0 
						</coordinates>
					</LineString>
				</MultiGeometry>
			</Placemark>
		</Folder>
		<Folder id="FeatureLayer3">
			<name>LINEA ELECTRICA AEREA_6749</name>
			<open>1</open>
			<Snippet maxLines="0"></Snippet>
			<Placemark id="ID_30000">
				<name>L6749</name>
				<Snippet maxLines="0"></Snippet>
				<description><![CDATA[<html xmlns:fo="http://www.w3.org/1999/XSL/Format" xmlns:msxsl="urn:schemas-microsoft-com:xslt">

<head>

<META http-equiv="Content-Type" content="text/html">

<meta http-equiv="content-type" content="text/html; charset=UTF-8">

</head>

<body style="margin:0px 0px 0px 0px;overflow:auto;background:#FFFFFF;">

<table style="font-family:Arial,Verdana,Times;font-size:12px;text-align:left;width:100%;border-collapse:collapse;padding:3px 3px 3px 3px">

<tr style="text-align:center;font-weight:bold;background:#9CBCE2">

<td>L6749</td>

</tr>

<tr>

<td>

<table style="font-family:Arial,Verdana,Times;font-size:12px;text-align:left;width:100%;border-spacing:0px; padding:3px 3px 3px 3px">

<tr>

<td>FID</td>

<td>0</td>

</tr>

<tr bgcolor="#D4E4F3">

<td>LINEA</td>

<td>L6749</td>

</tr>

<tr>

<td>TIPO</td>

<td>LINEA ELECTRICA AEREA</td>

</tr>

<tr bgcolor="#D4E4F3">

<td>RECORRIDO</td>

<td>SET MAVINAS - SET PANDO</td>

</tr>

</table>

</td>

</tr>

</table>

</body>

</html>]]></description>
				<styleUrl>#LineStyle3015</styleUrl>
				<MultiGeometry>
					<LineString>
						<tessellate>1</tessellate>
						<coordinates>
							-77.0615820071796,-12.0562450271242,0 -77.06183109099999,-12.05496254099994,0 -77.06174355099995,-12.05432149299998,0 -77.0612659022681,-12.0532048570835,0 -77.0607742314422,-12.0520358777838,0 -77.0603045586825,-12.05085816598099,0 -77.0598349035175,-12.0496804846264,0 -77.05938493299999,-12.04847328399996,0 
						</coordinates>
					</LineString>
				</MultiGeometry>
			</Placemark>
		</Folder>
	</Document>
	<Document id="LINEA_ELECTRICA_6743" xsi:schemaLocation="http://www.opengis.net/kml/2.2 http://schemas.opengis.net/kml/2.2.0/ogckml22.xsd http://www.google.com/kml/ext/2.2 http://code.google.com/apis/kml/schema/kml22gx.xsd">
		<name>LINEA ELECTRICA 6743</name>
		<open>1</open>
		<Snippet maxLines="0"></Snippet>
		<Style id="LineStyle2037">
			<LabelStyle>
				<color>00000000</color>
				<scale>0</scale>
			</LabelStyle>
			<LineStyle>
				<color>ff0000ff</color>
				<width>1.7</width>
			</LineStyle>
			<PolyStyle>
				<color>00000000</color>
				<outline>0</outline>
			</PolyStyle>
		</Style>
		<Style id="LineStyle3016">
			<LabelStyle>
				<color>00000000</color>
				<scale>0</scale>
			</LabelStyle>
			<LineStyle>
				<color>ffe65c00</color>
				<width>2</width>
			</LineStyle>
			<PolyStyle>
				<color>00000000</color>
				<outline>0</outline>
			</PolyStyle>
		</Style>
		<Folder id="FeatureLayer2">
			<name>LINEA_ELECTRICA_SUBTERRANEA_6743</name>
			<Snippet maxLines="0"></Snippet>
			<Placemark id="ID_20000">
				<Snippet maxLines="0"></Snippet>
				<description><![CDATA[<html xmlns:fo="http://www.w3.org/1999/XSL/Format" xmlns:msxsl="urn:schemas-microsoft-com:xslt">

<head>

<META http-equiv="Content-Type" content="text/html">

<meta http-equiv="content-type" content="text/html; charset=UTF-8">

</head>

<body style="margin:0px 0px 0px 0px;overflow:auto;background:#FFFFFF;">

<table style="font-family:Arial,Verdana,Times;font-size:12px;text-align:left;width:100%;border-collapse:collapse;padding:3px 3px 3px 3px">

<tr style="text-align:center;font-weight:bold;background:#9CBCE2">

<td></td>

</tr>

<tr>

<td>

<table style="font-family:Arial,Verdana,Times;font-size:12px;text-align:left;width:100%;border-spacing:0px; padding:3px 3px 3px 3px">

<tr>

<td>FID</td>

<td>0</td>

</tr>

<tr bgcolor="#D4E4F3">

<td>LINEA</td>

<td>L6743</td>

</tr>

<tr>

<td>TIPO</td>

<td>LINEA ELECTRICA SUBTERRANEA</td>

</tr>

<tr bgcolor="#D4E4F3">

<td>RECORRIDO</td>

<td>SET CTO_GRADE - SET MIRADOR</td>

</tr>

</table>

</td>

</tr>

</table>

</body>

</html>]]></description>
				<styleUrl>#LineStyle2037</styleUrl>
				<MultiGeometry>
					<LineString>
						<tessellate>1</tessellate>
						<coordinates>
							-76.98521815299995,-11.90534587099995,0 -76.98639423,-11.90549931999999,0 -76.98637995999999,-11.90555904999999,0 -76.98651796,-11.90560628999999,0 -76.98665213299995,-11.90565211499994,0 
						</coordinates>
					</LineString>
				</MultiGeometry>
			</Placemark>
			<Placemark id="ID_20001">
				<Snippet maxLines="0"></Snippet>
				<description><![CDATA[<html xmlns:fo="http://www.w3.org/1999/XSL/Format" xmlns:msxsl="urn:schemas-microsoft-com:xslt">

<head>

<META http-equiv="Content-Type" content="text/html">

<meta http-equiv="content-type" content="text/html; charset=UTF-8">

</head>

<body style="margin:0px 0px 0px 0px;overflow:auto;background:#FFFFFF;">

<table style="font-family:Arial,Verdana,Times;font-size:12px;text-align:left;width:100%;border-collapse:collapse;padding:3px 3px 3px 3px">

<tr style="text-align:center;font-weight:bold;background:#9CBCE2">

<td></td>

</tr>

<tr>

<td>

<table style="font-family:Arial,Verdana,Times;font-size:12px;text-align:left;width:100%;border-spacing:0px; padding:3px 3px 3px 3px">

<tr>

<td>FID</td>

<td>1</td>

</tr>

<tr bgcolor="#D4E4F3">

<td>LINEA</td>

<td>L6743</td>

</tr>

<tr>

<td>TIPO</td>

<td>LINEA ELECTRICA SUBTERRANEA</td>

</tr>

<tr bgcolor="#D4E4F3">

<td>RECORRIDO</td>

<td>SET CTO_GRADE - SET MIRADOR</td>

</tr>

</table>

</td>

</tr>

</table>

</body>

</html>]]></description>
				<styleUrl>#LineStyle2037</styleUrl>
				<MultiGeometry>
					<LineString>
						<tessellate>1</tessellate>
						<coordinates>
							-77.02035474592279,-11.97528935908412,0 -77.02031901636107,-11.97544435929406,0 -77.01955751872184,-11.97590970355299,0 -77.01977334999999,-11.97628364,0 -77.01499232512506,-11.9792373293966,0 -77.01558509021639,-11.98020057428795,0 -77.01380708994127,-11.98130354942874,0 -77.01389,-11.981411,0 
						</coordinates>
					</LineString>
				</MultiGeometry>
			</Placemark>
		</Folder>
		<Folder id="FeatureLayer3">
			<name>LINEA ELECTRICA AEREA_6743</name>
			<Snippet maxLines="0"></Snippet>
			<Placemark id="ID_30000">
				<Snippet maxLines="0"></Snippet>
				<description><![CDATA[<html xmlns:fo="http://www.w3.org/1999/XSL/Format" xmlns:msxsl="urn:schemas-microsoft-com:xslt">

<head>

<META http-equiv="Content-Type" content="text/html">

<meta http-equiv="content-type" content="text/html; charset=UTF-8">

</head>

<body style="margin:0px 0px 0px 0px;overflow:auto;background:#FFFFFF;">

<table style="font-family:Arial,Verdana,Times;font-size:12px;text-align:left;width:100%;border-collapse:collapse;padding:3px 3px 3px 3px">

<tr style="text-align:center;font-weight:bold;background:#9CBCE2">

<td></td>

</tr>

<tr>

<td>

<table style="font-family:Arial,Verdana,Times;font-size:12px;text-align:left;width:100%;border-spacing:0px; padding:3px 3px 3px 3px">

<tr>

<td>FID</td>

<td>0</td>

</tr>

<tr bgcolor="#D4E4F3">

<td>TIPO</td>

<td>LINEA ELECTRICA AEREA</td>

</tr>

<tr>

<td>RECORRIDO</td>

<td>SET CTO_GRADE - SET MIRADOR</td>

</tr>

</table>

</td>

</tr>

</table>

</body>

</html>]]></description>
				<styleUrl>#LineStyle3016</styleUrl>
				<MultiGeometry>
					<LineString>
						<tessellate>1</tessellate>
						<coordinates>
							-77.02035474592279,-11.97528935908412,0 -77.02083042238731,-11.97511993997779,0 -77.02089462490299,-11.97516150495671,0 -77.0212576810185,-11.9748630665721,0 -77.02328534499998,-11.97427195999995,0 -77.02501700199997,-11.97258738999995,0 -77.02642937899998,-11.97117626599994,0 -77.02641601299996,-11.96691936899998,0 -77.02638950699998,-11.96582593799998,0 -77.02631455199997,-11.96069277799995,0 -77.02409218199995,-11.95686756899994,0 -77.02221352499998,-11.95358215199997,0 -77.01959156999999,-11.94908189599994,0 -77.01695094999997,-11.94452750499994,0 -77.01538916199996,-11.94186338099996,0 -77.01684892999998,-11.93818337399995,0 -77.01499191799996,-11.93655172099995,0 -77.01378201399996,-11.93553906099993,0 -77.0124369940916,-11.9343578265822,0 -77.0093651505066,-11.93176816928419,0 -77.0052865524014,-11.92832799817649,0 -77.0026298827416,-11.92608696917909,0 -76.9992939053726,-11.9232748992402,0 -76.99623808855419,-11.9206971463172,0 -76.99348865940431,-11.91837784974351,0 -76.99066496599994,-11.91601798699997,0 -76.99084773399994,-11.91213017699995,0 -76.9912352573286,-11.90967644988499,0 -76.99126802799998,-11.90683069499995,0 -76.98974019499997,-11.90497956899998,0 -76.98843949999997,-11.90533220599998,0 -76.98684499099994,-11.90566883299994,0 -76.98665213299995,-11.90565211499994,0 
						</coordinates>
					</LineString>
				</MultiGeometry>
			</Placemark>
		</Folder>
	</Document>
	<Document id="LINEA_ELECTRICA_6742" xsi:schemaLocation="http://www.opengis.net/kml/2.2 http://schemas.opengis.net/kml/2.2.0/ogckml22.xsd http://www.google.com/kml/ext/2.2 http://code.google.com/apis/kml/schema/kml22gx.xsd">
		<name>LINEA ELECTRICA 6742</name>
		<open>1</open>
		<Snippet maxLines="0"></Snippet>
		<Style id="LineStyle2038">
			<LabelStyle>
				<color>00000000</color>
				<scale>0</scale>
			</LabelStyle>
			<LineStyle>
				<color>ff0000ff</color>
				<width>1.7</width>
			</LineStyle>
			<PolyStyle>
				<color>00000000</color>
				<outline>0</outline>
			</PolyStyle>
		</Style>
		<Style id="LineStyle3017">
			<LabelStyle>
				<color>00000000</color>
				<scale>0</scale>
			</LabelStyle>
			<LineStyle>
				<color>ffe65c00</color>
				<width>2</width>
			</LineStyle>
			<PolyStyle>
				<color>00000000</color>
				<outline>0</outline>
			</PolyStyle>
		</Style>
		<Folder id="FeatureLayer2">
			<name>LINEA_ELECTRICA_SUBTERRANEA_6742</name>
			<Snippet maxLines="0"></Snippet>
			<Placemark id="ID_20000">
				<Snippet maxLines="0"></Snippet>
				<description><![CDATA[<html xmlns:fo="http://www.w3.org/1999/XSL/Format" xmlns:msxsl="urn:schemas-microsoft-com:xslt">

<head>

<META http-equiv="Content-Type" content="text/html">

<meta http-equiv="content-type" content="text/html; charset=UTF-8">

</head>

<body style="margin:0px 0px 0px 0px;overflow:auto;background:#FFFFFF;">

<table style="font-family:Arial,Verdana,Times;font-size:12px;text-align:left;width:100%;border-collapse:collapse;padding:3px 3px 3px 3px">

<tr style="text-align:center;font-weight:bold;background:#9CBCE2">

<td></td>

</tr>

<tr>

<td>

<table style="font-family:Arial,Verdana,Times;font-size:12px;text-align:left;width:100%;border-spacing:0px; padding:3px 3px 3px 3px">

<tr>

<td>FID</td>

<td>0</td>

</tr>

<tr bgcolor="#D4E4F3">

<td>LINEA</td>

<td>L6742</td>

</tr>

<tr>

<td>TIPO</td>

<td>LINEA ELECTRICA SUBTERRANEA</td>

</tr>

<tr bgcolor="#D4E4F3">

<td>RECORRIDO</td>

<td>SET JICAMARCA - SET MIRADOR</td>

</tr>

</table>

</td>

</tr>

</table>

</body>

</html>]]></description>
				<styleUrl>#LineStyle2038</styleUrl>
				<MultiGeometry>
					<LineString>
						<tessellate>1</tessellate>
						<coordinates>
							-76.9672260531449,-11.9232019420269,0 -76.96685573000001,-11.92342848,0 -76.9639583,-11.92537312,0 -76.96391520399999,-11.92565104899996,0 
						</coordinates>
					</LineString>
				</MultiGeometry>
			</Placemark>
		</Folder>
		<Folder id="FeatureLayer3">
			<name>LINEA ELECTRICA AEREA 6742</name>
			<open>1</open>
			<Snippet maxLines="0"></Snippet>
			<Placemark id="ID_30000">
				<name>L6742</name>
				<Snippet maxLines="0"></Snippet>
				<description><![CDATA[<html xmlns:fo="http://www.w3.org/1999/XSL/Format" xmlns:msxsl="urn:schemas-microsoft-com:xslt">

<head>

<META http-equiv="Content-Type" content="text/html">

<meta http-equiv="content-type" content="text/html; charset=UTF-8">

</head>

<body style="margin:0px 0px 0px 0px;overflow:auto;background:#FFFFFF;">

<table style="font-family:Arial,Verdana,Times;font-size:12px;text-align:left;width:100%;border-collapse:collapse;padding:3px 3px 3px 3px">

<tr style="text-align:center;font-weight:bold;background:#9CBCE2">

<td>L6742</td>

</tr>

<tr>

<td>

<table style="font-family:Arial,Verdana,Times;font-size:12px;text-align:left;width:100%;border-spacing:0px; padding:3px 3px 3px 3px">

<tr>

<td>FID</td>

<td>0</td>

</tr>

<tr bgcolor="#D4E4F3">

<td>LINEA</td>

<td>L6742</td>

</tr>

<tr>

<td>TIPO</td>

<td>LINEA ELECTRICA AEREA</td>

</tr>

<tr bgcolor="#D4E4F3">

<td>RECORRIDO</td>

<td>SET JICAMARCA - SET MIRADOR</td>

</tr>

</table>

</td>

</tr>

</table>

</body>

</html>]]></description>
				<styleUrl>#LineStyle3017</styleUrl>
				<MultiGeometry>
					<LineString>
						<tessellate>1</tessellate>
						<coordinates>
							-76.96722605314488,-11.9232019420269,0 -76.96763162984368,-11.92315854584369,0 -76.97067808877199,-11.92214625383217,0 -76.9729736733055,-11.92138303545019,0 -76.97485519489888,-11.92075476605831,0 -76.97851095299995,-11.91954728099996,0 -76.98151634199996,-11.92010460999995,0 -76.98365776199995,-11.92049626199995,0 -76.98609327399997,-11.92094005399997,0 -76.98690281299997,-11.91993107699994,0 -76.98964534999999,-11.91716403199996,0 -76.99029699899994,-11.91590308799994,0 -76.99063625299993,-11.91207744099995,0 -76.99111606699995,-11.90864849099995,0 -76.99104908599998,-11.90701300999996,0 -76.98964999999997,-11.90519712799995,0 -76.98823996299996,-11.90565899699994,0 -76.98684525299997,-11.90570498499993,0 -76.98495732199996,-11.90607982299996,0 -76.98478700899993,-11.90537602299998,0 -76.98521499999998,-11.905347,0 
						</coordinates>
					</LineString>
				</MultiGeometry>
			</Placemark>
			<Placemark id="ID_30001">
				<name>L6742</name>
				<Snippet maxLines="0"></Snippet>
				<description><![CDATA[<html xmlns:fo="http://www.w3.org/1999/XSL/Format" xmlns:msxsl="urn:schemas-microsoft-com:xslt">

<head>

<META http-equiv="Content-Type" content="text/html">

<meta http-equiv="content-type" content="text/html; charset=UTF-8">

</head>

<body style="margin:0px 0px 0px 0px;overflow:auto;background:#FFFFFF;">

<table style="font-family:Arial,Verdana,Times;font-size:12px;text-align:left;width:100%;border-collapse:collapse;padding:3px 3px 3px 3px">

<tr style="text-align:center;font-weight:bold;background:#9CBCE2">

<td>L6742</td>

</tr>

<tr>

<td>

<table style="font-family:Arial,Verdana,Times;font-size:12px;text-align:left;width:100%;border-spacing:0px; padding:3px 3px 3px 3px">

<tr>

<td>FID</td>

<td>1</td>

</tr>

<tr bgcolor="#D4E4F3">

<td>LINEA</td>

<td>L6742</td>

</tr>

<tr>

<td>TIPO</td>

<td>LINEA ELECTRICA AEREA</td>

</tr>

<tr bgcolor="#D4E4F3">

<td>RECORRIDO</td>

<td>SET JICAMARCA - SET MIRADOR</td>

</tr>

</table>

</td>

</tr>

</table>

</body>

</html>]]></description>
				<styleUrl>#LineStyle3017</styleUrl>
				<MultiGeometry>
					<LineString>
						<tessellate>1</tessellate>
						<coordinates>
							-76.967675,-11.93059400000001,0 -76.96795185399998,-11.93046750199993,0 -76.96772922599996,-11.93014367199993,0 -76.96717090899995,-11.93036450099993,0 -76.96649404599998,-11.92942018699995,0 -76.965879587168,-11.92848482943,0 -76.96518622699995,-11.92753123199999,0 -76.96454622199997,-11.92660473099994,0 -76.96391520399999,-11.92565104899996,0 
						</coordinates>
					</LineString>
				</MultiGeometry>
			</Placemark>
		</Folder>
	</Document>
	<Document id="LINEA_ELECTRICA_6741" xsi:schemaLocation="http://www.opengis.net/kml/2.2 http://schemas.opengis.net/kml/2.2.0/ogckml22.xsd http://www.google.com/kml/ext/2.2 http://code.google.com/apis/kml/schema/kml22gx.xsd">
		<name>LINEA ELECTRICA 6741</name>
		<open>1</open>
		<Snippet maxLines="0"></Snippet>
		<Style id="LineStyle2039">
			<LabelStyle>
				<color>00000000</color>
				<scale>0</scale>
			</LabelStyle>
			<LineStyle>
				<color>ffe65c00</color>
				<width>2</width>
			</LineStyle>
			<PolyStyle>
				<color>00000000</color>
				<outline>0</outline>
			</PolyStyle>
		</Style>
		<Style id="LineStyle3018">
			<LabelStyle>
				<color>00000000</color>
				<scale>0</scale>
			</LabelStyle>
			<LineStyle>
				<color>ff0000ff</color>
				<width>1.7</width>
			</LineStyle>
			<PolyStyle>
				<color>00000000</color>
				<outline>0</outline>
			</PolyStyle>
		</Style>
		<Folder id="FeatureLayer2">
			<name>LINEA_ELECTRICA_AEREA_6741</name>
			<open>1</open>
			<Snippet maxLines="0"></Snippet>
			<Placemark id="ID_20000">
				<name>L6741</name>
				<Snippet maxLines="0"></Snippet>
				<description><![CDATA[<html xmlns:fo="http://www.w3.org/1999/XSL/Format" xmlns:msxsl="urn:schemas-microsoft-com:xslt">

<head>

<META http-equiv="Content-Type" content="text/html">

<meta http-equiv="content-type" content="text/html; charset=UTF-8">

</head>

<body style="margin:0px 0px 0px 0px;overflow:auto;background:#FFFFFF;">

<table style="font-family:Arial,Verdana,Times;font-size:12px;text-align:left;width:100%;border-collapse:collapse;padding:3px 3px 3px 3px">

<tr style="text-align:center;font-weight:bold;background:#9CBCE2">

<td>L6741</td>

</tr>

<tr>

<td>

<table style="font-family:Arial,Verdana,Times;font-size:12px;text-align:left;width:100%;border-spacing:0px; padding:3px 3px 3px 3px">

<tr>

<td>FID</td>

<td>0</td>

</tr>

<tr bgcolor="#D4E4F3">

<td>LINEA</td>

<td>L6741</td>

</tr>

<tr>

<td>TIPO</td>

<td>LINEA ELECTRICA AEREA</td>

</tr>

<tr bgcolor="#D4E4F3">

<td>RECORRIDO</td>

<td>SET MIRADOR - SET MARIATEGUI</td>

</tr>

</table>

</td>

</tr>

</table>

</body>

</html>]]></description>
				<styleUrl>#LineStyle2039</styleUrl>
				<MultiGeometry>
					<LineString>
						<tessellate>1</tessellate>
						<coordinates>
							-76.9638908532653,-11.9256668286613,0 -76.96454622199997,-11.92660473099994,0 -76.96518622699992,-11.92753123199997,0 -76.965879587168,-11.92848482942999,0 -76.96649404599997,-11.92942018699995,0 -76.96712495199995,-11.93035578299999,0 -76.96708973699998,-11.93056391599992,0 -76.96779472699995,-11.93158937699996,0 -76.96851821099995,-11.93263278399996,0 -76.96919561199996,-11.93364939399993,0 -76.96986377399996,-11.93465702899993,0 -76.97055960799997,-11.93568254399995,0 -76.97125518699995,-11.93667190499997,0 -76.97195090099996,-11.93767933899995,0 -76.97266465099995,-11.93864145099996,0 -76.97398552399993,-11.93851467999997,0 -76.97506768499993,-11.93838054199994,0 -76.97625428099997,-11.93872470499998,0 -76.97744999299994,-11.93905975999996,0 -76.97865488499997,-11.93939474499995,0 -76.97980798999998,-11.94018201099993,0 -76.98056865199997,-11.94127934499992,0 -76.98134767699997,-11.94237654599994,0 -76.98217352299997,-11.94359995099996,0 -76.98276714499997,-11.94444537699996,0 -76.98351838899997,-11.94550661099992,0 -76.98432576599998,-11.94671206099996,0 -76.98504928999992,-11.94774636999995,0 -76.98581006199997,-11.94885271899992,0 -76.98658001899997,-11.94995900099997,0 -76.98732231499997,-11.95104739899994,0 -76.98758255799997,-11.95148843999991,0 -76.98757694199998,-11.95197655299993,0 
						</coordinates>
					</LineString>
				</MultiGeometry>
			</Placemark>
			<Placemark id="ID_20001">
				<name>L6741</name>
				<Snippet maxLines="0"></Snippet>
				<description><![CDATA[<html xmlns:fo="http://www.w3.org/1999/XSL/Format" xmlns:msxsl="urn:schemas-microsoft-com:xslt">

<head>

<META http-equiv="Content-Type" content="text/html">

<meta http-equiv="content-type" content="text/html; charset=UTF-8">

</head>

<body style="margin:0px 0px 0px 0px;overflow:auto;background:#FFFFFF;">

<table style="font-family:Arial,Verdana,Times;font-size:12px;text-align:left;width:100%;border-collapse:collapse;padding:3px 3px 3px 3px">

<tr style="text-align:center;font-weight:bold;background:#9CBCE2">

<td>L6741</td>

</tr>

<tr>

<td>

<table style="font-family:Arial,Verdana,Times;font-size:12px;text-align:left;width:100%;border-spacing:0px; padding:3px 3px 3px 3px">

<tr>

<td>FID</td>

<td>1</td>

</tr>

<tr bgcolor="#D4E4F3">

<td>LINEA</td>

<td>L6741</td>

</tr>

<tr>

<td>TIPO</td>

<td>LINEA ELECTRICA AEREA</td>

</tr>

<tr bgcolor="#D4E4F3">

<td>RECORRIDO</td>

<td>SET MIRADOR - SET MARIATEGUI</td>

</tr>

</table>

</td>

</tr>

</table>

</body>

</html>]]></description>
				<styleUrl>#LineStyle2039</styleUrl>
				<MultiGeometry>
					<LineString>
						<tessellate>1</tessellate>
						<coordinates>
							-76.98521499999998,-11.905347,0 -76.98478700899993,-11.90537602299998,0 -76.98495732199996,-11.90607982299994,0 -76.98683633899996,-11.90574120099995,0 -76.98823996299996,-11.90565899699994,0 -76.98959631599996,-11.90538731299995,0 -76.99104908599998,-11.90701300999996,0 -76.99111606699995,-11.90864849099995,0 -76.99063625299993,-11.91207744099995,0 -76.99029699899994,-11.91590308799994,0 -76.98961022103748,-11.91711679653499,0 -76.98694265170728,-11.91996941174008,0 -76.98609327399997,-11.92094005399997,0 -76.98365776199995,-11.92049626199992,0 -76.98151634199996,-11.92010460999995,0 -76.97851095299995,-11.91954728099996,0 -76.97485519489888,-11.92075476605831,0 -76.9729736733055,-11.92138303545019,0 -76.97067808877199,-11.92214625383216,0 -76.96763162984368,-11.92315854584367,0 -76.96721089699997,-11.9231785929999,0 
						</coordinates>
					</LineString>
				</MultiGeometry>
			</Placemark>
		</Folder>
		<Folder id="FeatureLayer3">
			<name>LINEA_ELECTRICA_SUBTERRANEA_6741</name>
			<Snippet maxLines="0"></Snippet>
			<Placemark id="ID_30000">
				<Snippet maxLines="0"></Snippet>
				<description><![CDATA[<html xmlns:fo="http://www.w3.org/1999/XSL/Format" xmlns:msxsl="urn:schemas-microsoft-com:xslt">

<head>

<META http-equiv="Content-Type" content="text/html">

<meta http-equiv="content-type" content="text/html; charset=UTF-8">

</head>

<body style="margin:0px 0px 0px 0px;overflow:auto;background:#FFFFFF;">

<table style="font-family:Arial,Verdana,Times;font-size:12px;text-align:left;width:100%;border-collapse:collapse;padding:3px 3px 3px 3px">

<tr style="text-align:center;font-weight:bold;background:#9CBCE2">

<td></td>

</tr>

<tr>

<td>

<table style="font-family:Arial,Verdana,Times;font-size:12px;text-align:left;width:100%;border-spacing:0px; padding:3px 3px 3px 3px">

<tr>

<td>FID</td>

<td>0</td>

</tr>

<tr bgcolor="#D4E4F3">

<td>LINEA</td>

<td>L6741</td>

</tr>

<tr>

<td>TIPO</td>

<td>LINEA ELECTRICA SUBTERRANEA</td>

</tr>

<tr bgcolor="#D4E4F3">

<td>RECORRIDO</td>

<td>SET MIRADOR - SET MARIATEGUI</td>

</tr>

</table>

</td>

</tr>

</table>

</body>

</html>]]></description>
				<styleUrl>#LineStyle3018</styleUrl>
				<MultiGeometry>
					<LineString>
						<tessellate>1</tessellate>
						<coordinates>
							-76.9638908532653,-11.9256668286613,0 -76.96391294445854,-11.92550820566422,0 -76.96393315999998,-11.92535718,0 -76.96683828,-11.92340738,0 -76.96705789204405,-11.92326247294453,0 -76.96721089699997,-11.9231785929999,0 
						</coordinates>
					</LineString>
				</MultiGeometry>
			</Placemark>
			<Placemark id="ID_30001">
				<Snippet maxLines="0"></Snippet>
				<description><![CDATA[<html xmlns:fo="http://www.w3.org/1999/XSL/Format" xmlns:msxsl="urn:schemas-microsoft-com:xslt">

<head>

<META http-equiv="Content-Type" content="text/html">

<meta http-equiv="content-type" content="text/html; charset=UTF-8">

</head>

<body style="margin:0px 0px 0px 0px;overflow:auto;background:#FFFFFF;">

<table style="font-family:Arial,Verdana,Times;font-size:12px;text-align:left;width:100%;border-collapse:collapse;padding:3px 3px 3px 3px">

<tr style="text-align:center;font-weight:bold;background:#9CBCE2">

<td></td>

</tr>

<tr>

<td>

<table style="font-family:Arial,Verdana,Times;font-size:12px;text-align:left;width:100%;border-spacing:0px; padding:3px 3px 3px 3px">

<tr>

<td>FID</td>

<td>1</td>

</tr>

<tr bgcolor="#D4E4F3">

<td>LINEA</td>

<td>L6741</td>

</tr>

<tr>

<td>TIPO</td>

<td>LINEA ELECTRICA SUBTERRANEA</td>

</tr>

<tr bgcolor="#D4E4F3">

<td>RECORRIDO</td>

<td>SET MIRADOR - SET MARIATEGUI</td>

</tr>

</table>

</td>

</tr>

</table>

</body>

</html>]]></description>
				<styleUrl>#LineStyle3018</styleUrl>
				<MultiGeometry>
					<LineString>
						<tessellate>1</tessellate>
						<coordinates>
							-76.98757694199998,-11.95197655299995,0 -76.9877717721709,-11.95209773776864,0 -76.98731871080864,-11.95300042209155,0 -76.98779757354527,-11.95325606009438,0 -76.98843242141876,-11.9539941469861,0 -76.98824917019894,-11.95413241595662,0 
						</coordinates>
					</LineString>
				</MultiGeometry>
			</Placemark>
		</Folder>
	</Document>
	<Document id="LINEA_ELECTRICA_687" xsi:schemaLocation="http://www.opengis.net/kml/2.2 http://schemas.opengis.net/kml/2.2.0/ogckml22.xsd http://www.google.com/kml/ext/2.2 http://code.google.com/apis/kml/schema/kml22gx.xsd">
		<name>LINEA ELECTRICA 687</name>
		<open>1</open>
		<Snippet maxLines="0"></Snippet>
		<Style id="LineStyle2040">
			<LabelStyle>
				<color>00000000</color>
				<scale>0</scale>
			</LabelStyle>
			<LineStyle>
				<color>ffe65c00</color>
				<width>2</width>
			</LineStyle>
			<PolyStyle>
				<color>00000000</color>
				<outline>0</outline>
			</PolyStyle>
		</Style>
		<Style id="LineStyle3019">
			<LabelStyle>
				<color>00000000</color>
				<scale>0</scale>
			</LabelStyle>
			<LineStyle>
				<color>ff0000ff</color>
				<width>1.7</width>
			</LineStyle>
			<PolyStyle>
				<color>00000000</color>
				<outline>0</outline>
			</PolyStyle>
		</Style>
		<Folder id="FeatureLayer2">
			<name>LINEA ELECTRICA AEREA_687</name>
			<open>1</open>
			<Snippet maxLines="0"></Snippet>
			<Placemark id="ID_20000">
				<name>L687</name>
				<Snippet maxLines="0"></Snippet>
				<description><![CDATA[<html xmlns:fo="http://www.w3.org/1999/XSL/Format" xmlns:msxsl="urn:schemas-microsoft-com:xslt">

<head>

<META http-equiv="Content-Type" content="text/html">

<meta http-equiv="content-type" content="text/html; charset=UTF-8">

</head>

<body style="margin:0px 0px 0px 0px;overflow:auto;background:#FFFFFF;">

<table style="font-family:Arial,Verdana,Times;font-size:12px;text-align:left;width:100%;border-collapse:collapse;padding:3px 3px 3px 3px">

<tr style="text-align:center;font-weight:bold;background:#9CBCE2">

<td>L687</td>

</tr>

<tr>

<td>

<table style="font-family:Arial,Verdana,Times;font-size:12px;text-align:left;width:100%;border-spacing:0px; padding:3px 3px 3px 3px">

<tr>

<td>FID</td>

<td>0</td>

</tr>

<tr bgcolor="#D4E4F3">

<td>LINEA</td>

<td>L687</td>

</tr>

<tr>

<td>TIPO</td>

<td>LINEA ELECTRICA AEREA</td>

</tr>

<tr bgcolor="#D4E4F3">

<td>RECORRIDO</td>

<td>SET CANTO GRANDE - SET JICAMARCA</td>

</tr>

</table>

</td>

</tr>

</table>

</body>

</html>]]></description>
				<styleUrl>#LineStyle2040</styleUrl>
				<MultiGeometry>
					<LineString>
						<tessellate>1</tessellate>
						<coordinates>
							-77.00700387599994,-11.98475590599999,0 -77.00808384099997,-11.98430529099993,0 -77.00952121799997,-11.98377076399992,0 -77.01072064599998,-11.98333735999995,0 -77.01229537499995,-11.98275664299996,0 -77.01341190599999,-11.98228767099993,0 -77.01304095899997,-11.98178419299995,0 -77.01363537299994,-11.98147262199996,0 -77.0137535317066,-11.98179157689891,0 -77.0139426304179,-11.9816590396606,0 -77.01389,-11.981411,0 
						</coordinates>
					</LineString>
				</MultiGeometry>
			</Placemark>
			<Placemark id="ID_20001">
				<name>L687</name>
				<Snippet maxLines="0"></Snippet>
				<description><![CDATA[<html xmlns:fo="http://www.w3.org/1999/XSL/Format" xmlns:msxsl="urn:schemas-microsoft-com:xslt">

<head>

<META http-equiv="Content-Type" content="text/html">

<meta http-equiv="content-type" content="text/html; charset=UTF-8">

</head>

<body style="margin:0px 0px 0px 0px;overflow:auto;background:#FFFFFF;">

<table style="font-family:Arial,Verdana,Times;font-size:12px;text-align:left;width:100%;border-collapse:collapse;padding:3px 3px 3px 3px">

<tr style="text-align:center;font-weight:bold;background:#9CBCE2">

<td>L687</td>

</tr>

<tr>

<td>

<table style="font-family:Arial,Verdana,Times;font-size:12px;text-align:left;width:100%;border-spacing:0px; padding:3px 3px 3px 3px">

<tr>

<td>FID</td>

<td>1</td>

</tr>

<tr bgcolor="#D4E4F3">

<td>LINEA</td>

<td>L687</td>

</tr>

<tr>

<td>TIPO</td>

<td>LINEA ELECTRICA AEREA</td>

</tr>

<tr bgcolor="#D4E4F3">

<td>RECORRIDO</td>

<td>SET CANTO GRANDE - SET JICAMARCA</td>

</tr>

</table>

</td>

</tr>

</table>

</body>

</html>]]></description>
				<styleUrl>#LineStyle2040</styleUrl>
				<MultiGeometry>
					<LineString>
						<tessellate>1</tessellate>
						<coordinates>
							-76.967675,-11.93059400000001,0 -76.96790557099996,-11.93041359399996,0 -76.96772004799999,-11.93014373599994,0 -76.96708973699998,-11.93056391599992,0 -76.96779472699995,-11.93158937699996,0 -76.96851821099995,-11.93263278399996,0 -76.96919561199996,-11.93364939399993,0 -76.96986377399998,-11.93465702899993,0 -76.97055960799997,-11.93568254399997,0 -76.97125518699994,-11.93667190499997,0 -76.97195090099996,-11.93767933899995,0 -76.97266465099995,-11.93864145099996,0 -76.97398552399994,-11.93851467999997,0 -76.97506768499994,-11.93838054199995,0 -76.97625428099997,-11.93872470499998,0 -76.97744999299994,-11.93905975999996,0 -76.97865488499997,-11.93939474499995,0 -76.97980798999998,-11.94018201099993,0 -76.98056865199999,-11.94127934499994,0 -76.98134767699997,-11.94237654599994,0 -76.98217352299997,-11.94359995099996,0 -76.98276714499997,-11.94444537699996,0 -76.98351838899998,-11.94550661099992,0 -76.98432576599998,-11.94671206099997,0 -76.98504928999995,-11.94774636999995,0 -76.98581006199998,-11.94885271899994,0 -76.98658001899997,-11.94995900099997,0 -76.98732231499997,-11.95104739899994,0 -76.98760084999998,-11.95147927199997,0 -76.98757694199998,-11.95197655299995,0 
						</coordinates>
					</LineString>
				</MultiGeometry>
			</Placemark>
		</Folder>
		<Folder id="FeatureLayer3">
			<name>LINEA_ELECTRICA_SUBTERRANEA_687</name>
			<Snippet maxLines="0"></Snippet>
			<Placemark id="ID_30000">
				<Snippet maxLines="0"></Snippet>
				<description><![CDATA[<html xmlns:fo="http://www.w3.org/1999/XSL/Format" xmlns:msxsl="urn:schemas-microsoft-com:xslt">

<head>

<META http-equiv="Content-Type" content="text/html">

<meta http-equiv="content-type" content="text/html; charset=UTF-8">

</head>

<body style="margin:0px 0px 0px 0px;overflow:auto;background:#FFFFFF;">

<table style="font-family:Arial,Verdana,Times;font-size:12px;text-align:left;width:100%;border-collapse:collapse;padding:3px 3px 3px 3px">

<tr style="text-align:center;font-weight:bold;background:#9CBCE2">

<td></td>

</tr>

<tr>

<td>

<table style="font-family:Arial,Verdana,Times;font-size:12px;text-align:left;width:100%;border-spacing:0px; padding:3px 3px 3px 3px">

<tr>

<td>FID</td>

<td>0</td>

</tr>

<tr bgcolor="#D4E4F3">

<td>LINEA</td>

<td>L687</td>

</tr>

<tr>

<td>TIPO</td>

<td>LINEA ELECTRICA SUBTERRANEA</td>

</tr>

<tr bgcolor="#D4E4F3">

<td>RECORRIDO</td>

<td>SET CANTO GRANDE - SET JICAMARCA</td>

</tr>

</table>

</td>

</tr>

</table>

</body>

</html>]]></description>
				<styleUrl>#LineStyle3019</styleUrl>
				<MultiGeometry>
					<LineString>
						<tessellate>1</tessellate>
						<coordinates>
							-77.00700387599994,-11.98475590599999,0 -77.00692031,-11.98473356,0 -77.00646571,-11.98486461,0 -77.00548406999999,-11.98512874,0 -77.00359675,-11.98559493,0 -77.00333369000001,-11.98569814,0 -77.00181151,-11.98630463,0 -77.0015289,-11.98632392,0 -77.0014233,-11.98636456999999,0 -77.00124144,-11.98638282000001,0 -77.00110124,-11.98634427000001,0 -77.00090099000001,-11.98621343000001,0 -77.00073114,-11.98613702,0 -77.0005779,-11.98616521999999,0 -76.99997942,-11.98644838000001,0 -76.99959294999999,-11.98642715,0 -76.99931275,-11.98633141,0 -76.99919263,-11.98631605999999,0 -76.99841702000001,-11.98580529000001,0 -76.99715064999999,-11.98495099,0 -76.99644853,-11.98422624999999,0 -76.9950053,-11.98216255000001,0 -76.99349065,-11.98320707000001,0 -76.99308777,-11.98264284,0 -76.99278729,-11.98217484000001,0 -76.99249586000001,-11.98162228000001,0 -76.99222351,-11.98094220999999,0 -76.99208324,-11.98048538,0 -76.99201895,-11.98022266999999,0 -76.99197454999999,-11.98000555,0 -76.99190487,-11.97951916,0 -76.99186426999999,-11.97891835,0 -76.99154432,-11.97490814,0 -76.99156139,-11.97419234999999,0 -76.99160732,-11.97368793,0 -76.99177023,-11.97276557,0 -76.99183863,-11.97249251,0 -76.99189235999999,-11.97232510000001,0 -76.99202274,-11.97190624999999,0 -76.99217299,-11.97151009,0 -76.99231743999999,-11.97116017,0 -76.99243336000001,-11.97093467000001,0 -76.99292396,-11.97008215999999,0 -76.99309251,-11.96982673,0 -76.99337971,-11.96945521000001,0 -76.99384790000001,-11.96887598,0 -76.9942159,-11.96851889000001,0 -76.99381954,-11.96801836000001,0 -76.99457151,-11.96736960999999,0 -76.99282525658667,-11.96494127327448,0 -76.99201175900868,-11.96550164799657,0 -76.9912223790936,-11.96434024292127,0 -76.99182280203456,-11.96390984683358,0 -76.99123764294873,-11.96310736231901,0 -76.99063905341853,-11.96229374626702,0 -76.99055195963224,-11.96217479342162,0 -76.98974925694087,-11.96101586743978,0 -76.98926074583855,-11.96030788454052,0 -76.9886850842709,-11.9594725771211,0 -76.98851698093776,-11.95923582220813,0 -76.98770933456488,-11.95806257405596,0 -76.98697017062922,-11.95856520650571,0 -76.98630197999999,-11.95758789,0 -76.98572286,-11.95671371999999,0 -76.98569560999999,-11.95665501,0 -76.98567663,-11.95659356,0 -76.98566586,-11.95653021999999,0 -76.98566361,-11.95646611,0 -76.98566988,-11.95640215,0 -76.98568459000001,-11.95633959,0 -76.98570744,-11.95627952,0 -76.98629373496712,-11.9551203872515,0 -76.98730383,-11.95307967,0 -76.98778138307327,-11.95209796145735,0 -76.98757694199998,-11.95197655299995,0 
						</coordinates>
					</LineString>
				</MultiGeometry>
			</Placemark>
		</Folder>
	</Document>
	<Document id="LINEA_ELECTRICA_695" xsi:schemaLocation="http://www.opengis.net/kml/2.2 http://schemas.opengis.net/kml/2.2.0/ogckml22.xsd http://www.google.com/kml/ext/2.2 http://code.google.com/apis/kml/schema/kml22gx.xsd">
		<name>LINEA ELECTRICA 695</name>
		<open>1</open>
		<Snippet maxLines="0"></Snippet>
		<Style id="LineStyle2041">
			<LabelStyle>
				<color>00000000</color>
				<scale>0</scale>
			</LabelStyle>
			<LineStyle>
				<color>ffe65c00</color>
				<width>2</width>
			</LineStyle>
			<PolyStyle>
				<color>00000000</color>
				<outline>0</outline>
			</PolyStyle>
		</Style>
		<Style id="LineStyle3020">
			<LabelStyle>
				<color>00000000</color>
				<scale>0</scale>
			</LabelStyle>
			<LineStyle>
				<color>ff0000ff</color>
				<width>1.7</width>
			</LineStyle>
			<PolyStyle>
				<color>00000000</color>
				<outline>0</outline>
			</PolyStyle>
		</Style>
		<Folder id="FeatureLayer2">
			<name>LINEA_ELECTRICA AEREA_695</name>
			<open>1</open>
			<Snippet maxLines="0"></Snippet>
			<Placemark id="ID_20000">
				<name>L695</name>
				<Snippet maxLines="0"></Snippet>
				<description><![CDATA[<html xmlns:fo="http://www.w3.org/1999/XSL/Format" xmlns:msxsl="urn:schemas-microsoft-com:xslt">

<head>

<META http-equiv="Content-Type" content="text/html">

<meta http-equiv="content-type" content="text/html; charset=UTF-8">

</head>

<body style="margin:0px 0px 0px 0px;overflow:auto;background:#FFFFFF;">

<table style="font-family:Arial,Verdana,Times;font-size:12px;text-align:left;width:100%;border-collapse:collapse;padding:3px 3px 3px 3px">

<tr style="text-align:center;font-weight:bold;background:#9CBCE2">

<td>L695</td>

</tr>

<tr>

<td>

<table style="font-family:Arial,Verdana,Times;font-size:12px;text-align:left;width:100%;border-spacing:0px; padding:3px 3px 3px 3px">

<tr>

<td>FID</td>

<td>0</td>

</tr>

<tr bgcolor="#D4E4F3">

<td>LINEA</td>

<td>L695</td>

</tr>

<tr>

<td>TIPO</td>

<td>LINEA ELECTRICA AEREA</td>

</tr>

<tr bgcolor="#D4E4F3">

<td>RECORRIDO</td>

<td>SET STA.ROSA.N - SET CANTO GRANDE</td>

</tr>

</table>

</td>

</tr>

</table>

</body>

</html>]]></description>
				<styleUrl>#LineStyle2041</styleUrl>
				<MultiGeometry>
					<LineString>
						<tessellate>1</tessellate>
						<coordinates>
							-77.01389,-11.981411,0 -77.01399472699995,-11.98165080399997,0 -77.01392229299995,-11.98178689899993,0 -77.01442631799995,-11.98290401999998,0 -77.01370284799998,-11.98314421499999,0 -77.01340279299995,-11.98229677499995,0 -77.01229537499995,-11.98275664299996,0 -77.01072064599998,-11.98333735999995,0 -77.00952121799997,-11.98377076399992,0 -77.00808384099997,-11.98430529099993,0 -77.00700387599994,-11.98475590599999,0 
						</coordinates>
					</LineString>
				</MultiGeometry>
			</Placemark>
		</Folder>
		<Folder id="FeatureLayer3">
			<name>LINEA_ELECTRICA__SUBTERRANEA_695</name>
			<Snippet maxLines="0"></Snippet>
			<Placemark id="ID_30000">
				<Snippet maxLines="0"></Snippet>
				<description><![CDATA[<html xmlns:fo="http://www.w3.org/1999/XSL/Format" xmlns:msxsl="urn:schemas-microsoft-com:xslt">

<head>

<META http-equiv="Content-Type" content="text/html">

<meta http-equiv="content-type" content="text/html; charset=UTF-8">

</head>

<body style="margin:0px 0px 0px 0px;overflow:auto;background:#FFFFFF;">

<table style="font-family:Arial,Verdana,Times;font-size:12px;text-align:left;width:100%;border-collapse:collapse;padding:3px 3px 3px 3px">

<tr style="text-align:center;font-weight:bold;background:#9CBCE2">

<td></td>

</tr>

<tr>

<td>

<table style="font-family:Arial,Verdana,Times;font-size:12px;text-align:left;width:100%;border-spacing:0px; padding:3px 3px 3px 3px">

<tr>

<td>FID</td>

<td>0</td>

</tr>

<tr bgcolor="#D4E4F3">

<td>LINEA</td>

<td>L695</td>

</tr>

<tr>

<td>TIPO</td>

<td>LINEA ELECTRICA SUBTERRANEA</td>

</tr>

<tr bgcolor="#D4E4F3">

<td>RECORRIDO</td>

<td>SET STA.ROSA.N - SET CANTO GRANDE</td>

</tr>

</table>

</td>

</tr>

</table>

</body>

</html>]]></description>
				<styleUrl>#LineStyle3020</styleUrl>
				<MultiGeometry>
					<LineString>
						<tessellate>1</tessellate>
						<coordinates>
							-77.00700387599994,-11.98475590599999,0 -77.00690621,-11.98475647,0 -77.0064575,-11.98488238000001,0 -77.00571359,-11.98508661,0 -77.00548408,-11.98514222,0 -77.00360277999999,-11.9856131,0 -77.00345308,-11.98566894,0 -77.0031852,-11.98577304000001,0 -77.00493904,-11.99007480000001,0 -77.00518129,-11.99068635999999,0 -77.00524557,-11.99090355000001,0 -77.0052878,-11.99113262,0 -77.00531821,-11.99136229,0 -77.00532371,-11.99156907,0 -77.00517642,-11.99597233,0 -77.00518474,-11.99647535999999,0 -77.00505603000001,-11.9992739,0 -77.00504110999999,-11.99942064,0 -77.00501680000001,-11.9995503,0 -77.00498063000001,-11.99968608000001,0 -77.00493376,-11.99981424999999,0 -77.00485808000001,-11.99997667000001,0 -77.00253391,-12.00370753,0 -77.00232026,-12.0040737,0 -76.9986202,-12.01124585,0 -76.99876331999999,-12.01133658,0 -76.99870118,-12.01143329,0 -77.00082224000001,-12.01284421000001,0 -77.00098588,-12.01292568000001,0 -77.00115528000001,-12.01298183999999,0 -77.0015271,-12.01308384,0 -77.00222015999999,-12.01317515,0 -77.00206297,-12.01636485999999,0 -77.0021275,-12.01673,0 -77.00222529,-12.01708776,0 -77.00281051,-12.01813788,0 -77.00350899,-12.01897054,0 -77.00430464999999,-12.01958722,0 -77.00536275,-12.02056361,0 -77.01012888,-12.02554666999999,0 -77.01046826,-12.02598618,0 -77.01152381999999,-12.02819585,0 -77.0121513,-12.03026971999999,0 -77.01237949,-12.03187936,0 -77.01268759,-12.03648132,0 -77.01273911,-12.0373641,0 -77.0131019,-12.03886454,0 -77.01217948,-12.03982727,0 
						</coordinates>
					</LineString>
				</MultiGeometry>
			</Placemark>
		</Folder>
	</Document>
	<Document id="LINEA_ELECTRICA_696" xsi:schemaLocation="http://www.opengis.net/kml/2.2 http://schemas.opengis.net/kml/2.2.0/ogckml22.xsd http://www.google.com/kml/ext/2.2 http://code.google.com/apis/kml/schema/kml22gx.xsd">
		<name>LINEA ELECTRICA 696</name>
		<open>1</open>
		<Snippet maxLines="0"></Snippet>
		<Style id="LineStyle2042">
			<LabelStyle>
				<color>00000000</color>
				<scale>0</scale>
			</LabelStyle>
			<LineStyle>
				<color>ffe65c00</color>
				<width>2</width>
			</LineStyle>
			<PolyStyle>
				<color>00000000</color>
				<outline>0</outline>
			</PolyStyle>
		</Style>
		<Style id="LineStyle3021">
			<LabelStyle>
				<color>00000000</color>
				<scale>0</scale>
			</LabelStyle>
			<LineStyle>
				<color>ff0000ff</color>
				<width>1.7</width>
			</LineStyle>
			<PolyStyle>
				<color>00000000</color>
				<outline>0</outline>
			</PolyStyle>
		</Style>
		<Folder id="FeatureLayer2">
			<name>LINEA_ELECTRICA_AEREA_696</name>
			<open>1</open>
			<Snippet maxLines="0"></Snippet>
			<Placemark id="ID_20000">
				<name>L696</name>
				<Snippet maxLines="0"></Snippet>
				<description><![CDATA[<html xmlns:fo="http://www.w3.org/1999/XSL/Format" xmlns:msxsl="urn:schemas-microsoft-com:xslt">

<head>

<META http-equiv="Content-Type" content="text/html">

<meta http-equiv="content-type" content="text/html; charset=UTF-8">

</head>

<body style="margin:0px 0px 0px 0px;overflow:auto;background:#FFFFFF;">

<table style="font-family:Arial,Verdana,Times;font-size:12px;text-align:left;width:100%;border-collapse:collapse;padding:3px 3px 3px 3px">

<tr style="text-align:center;font-weight:bold;background:#9CBCE2">

<td>L696</td>

</tr>

<tr>

<td>

<table style="font-family:Arial,Verdana,Times;font-size:12px;text-align:left;width:100%;border-spacing:0px; padding:3px 3px 3px 3px">

<tr>

<td>FID</td>

<td>0</td>

</tr>

<tr bgcolor="#D4E4F3">

<td>LINEA</td>

<td>L696</td>

</tr>

<tr>

<td>TIPO</td>

<td>LINEA ELECTRICA AEREA</td>

</tr>

<tr bgcolor="#D4E4F3">

<td>RECORRIDO</td>

<td>SET STA.ROSA.N - SET ZARATE</td>

</tr>

</table>

</td>

</tr>

</table>

</body>

</html>]]></description>
				<styleUrl>#LineStyle2042</styleUrl>
				<MultiGeometry>
					<LineString>
						<tessellate>1</tessellate>
						<coordinates>
							-76.99381649199995,-12.01665602899993,0 -76.99514010999997,-12.01685446399994,0 -76.99625980999997,-12.01679223799994,0 -76.99696649199996,-12.01675103499997,0 -76.99736108099995,-12.01672109999993,0 -76.99723087899997,-12.01649607299992,0 -76.99715003099999,-12.01549339599996,0 -76.99709712799995,-12.01454474999997,0 -76.99723051199999,-12.01395630599995,0 -76.99761983099995,-12.01321238099995,0 -76.99802711099994,-12.01241409799997,0 -76.99848913999995,-12.01157023099995,0 -76.99870881699997,-12.01147827699998,0 
						</coordinates>
					</LineString>
				</MultiGeometry>
			</Placemark>
		</Folder>
		<Folder id="FeatureLayer3">
			<name>LINEA_ELECTRICA_SUBTERRANEA_696</name>
			<Snippet maxLines="0"></Snippet>
			<Placemark id="ID_30000">
				<Snippet maxLines="0"></Snippet>
				<description><![CDATA[<html xmlns:fo="http://www.w3.org/1999/XSL/Format" xmlns:msxsl="urn:schemas-microsoft-com:xslt">

<head>

<META http-equiv="Content-Type" content="text/html">

<meta http-equiv="content-type" content="text/html; charset=UTF-8">

</head>

<body style="margin:0px 0px 0px 0px;overflow:auto;background:#FFFFFF;">

<table style="font-family:Arial,Verdana,Times;font-size:12px;text-align:left;width:100%;border-collapse:collapse;padding:3px 3px 3px 3px">

<tr style="text-align:center;font-weight:bold;background:#9CBCE2">

<td></td>

</tr>

<tr>

<td>

<table style="font-family:Arial,Verdana,Times;font-size:12px;text-align:left;width:100%;border-spacing:0px; padding:3px 3px 3px 3px">

<tr>

<td>FID</td>

<td>0</td>

</tr>

<tr bgcolor="#D4E4F3">

<td>LINEA</td>

<td>L696</td>

</tr>

<tr>

<td>TIPO</td>

<td>LINEA ELECTRICA SUBTERRANEA</td>

</tr>

<tr bgcolor="#D4E4F3">

<td>RECORRIDO</td>

<td>SET STA.ROSA.N - SET ZARATE</td>

</tr>

</table>

</td>

</tr>

</table>

</body>

</html>]]></description>
				<styleUrl>#LineStyle3021</styleUrl>
				<MultiGeometry>
					<LineString>
						<tessellate>1</tessellate>
						<coordinates>
							-76.99870881699997,-12.01147827699998,0 -76.99875501556592,-12.01149230192205,0 -77.00081545,-12.0128504,0 -77.00097718000001,-12.01293546999999,0 -77.00114673,-12.01299633000001,0 -77.00134065,-12.01304876,0 -77.00152260999999,-12.0130979,0 -77.0016014,-12.01310744,0 -77.00220745999999,-12.01318606,0 -77.00203911,-12.01636165,0 -77.00210122999999,-12.01673528,0 -77.00220204999999,-12.01709702000001,0 -77.00279114999999,-12.01815011000001,0 -77.00349165999999,-12.01898129,0 -77.00427413,-12.01961166,0 -77.00534815,-12.02058773,0 -77.01011292,-12.02556551,0 -77.01045463,-12.02599495,0 -77.01150783,-12.02820467,0 -77.01212185,-12.03027631000001,0 -77.01236569,-12.03189745000001,0 -77.01269956,-12.03737009000001,0 -77.01306253,-12.03884717,0 -77.01223969999999,-12.03980027,0 -77.01221602,-12.03978577,0 
						</coordinates>
					</LineString>
				</MultiGeometry>
			</Placemark>
			<Placemark id="ID_30001">
				<Snippet maxLines="0"></Snippet>
				<description><![CDATA[<html xmlns:fo="http://www.w3.org/1999/XSL/Format" xmlns:msxsl="urn:schemas-microsoft-com:xslt">

<head>

<META http-equiv="Content-Type" content="text/html">

<meta http-equiv="content-type" content="text/html; charset=UTF-8">

</head>

<body style="margin:0px 0px 0px 0px;overflow:auto;background:#FFFFFF;">

<table style="font-family:Arial,Verdana,Times;font-size:12px;text-align:left;width:100%;border-collapse:collapse;padding:3px 3px 3px 3px">

<tr style="text-align:center;font-weight:bold;background:#9CBCE2">

<td></td>

</tr>

<tr>

<td>

<table style="font-family:Arial,Verdana,Times;font-size:12px;text-align:left;width:100%;border-spacing:0px; padding:3px 3px 3px 3px">

<tr>

<td>FID</td>

<td>1</td>

</tr>

<tr bgcolor="#D4E4F3">

<td>LINEA</td>

<td>L696</td>

</tr>

<tr>

<td>TIPO</td>

<td>LINEA ELECTRICA SUBTERRANEA</td>

</tr>

<tr bgcolor="#D4E4F3">

<td>RECORRIDO</td>

<td>SET STA.ROSA.N - SET ZARATE</td>

</tr>

</table>

</td>

</tr>

</table>

</body>

</html>]]></description>
				<styleUrl>#LineStyle3021</styleUrl>
				<MultiGeometry>
					<LineString>
						<tessellate>1</tessellate>
						<coordinates>
							-76.992378,-12.017646,0 -76.99216153139245,-12.01767278042458,0 -76.99212713,-12.01755872999999,0 -76.99206988,-12.01738594,0 -76.99230427000001,-12.01732997,0 -76.99233813610445,-12.01731649528154,0 -76.99243807000001,-12.01727273,0 -76.99258277,-12.01718731,0 -76.99331313,-12.01681055000001,0 -76.99368705984485,-12.0166618988876,0 -76.99373256107185,-12.01665651279567,0 -76.9937972602267,-12.01666472799138,0 -76.99381649199995,-12.01665602899993,0 
						</coordinates>
					</LineString>
				</MultiGeometry>
			</Placemark>
		</Folder>
	</Document>
	<Document id="LINEA_ELECTRICA_6739" xsi:schemaLocation="http://www.opengis.net/kml/2.2 http://schemas.opengis.net/kml/2.2.0/ogckml22.xsd http://www.google.com/kml/ext/2.2 http://code.google.com/apis/kml/schema/kml22gx.xsd">
		<name>LINEA ELECTRICA 6739</name>
		<open>1</open>
		<Snippet maxLines="0"></Snippet>
		<Style id="LineStyle2043">
			<LabelStyle>
				<color>00000000</color>
				<scale>0</scale>
			</LabelStyle>
			<LineStyle>
				<color>ffe65c00</color>
				<width>2</width>
			</LineStyle>
			<PolyStyle>
				<color>00000000</color>
				<outline>0</outline>
			</PolyStyle>
		</Style>
		<Style id="LineStyle3022">
			<LabelStyle>
				<color>00000000</color>
				<scale>0</scale>
			</LabelStyle>
			<LineStyle>
				<color>ff0000ff</color>
				<width>1.7</width>
			</LineStyle>
			<PolyStyle>
				<color>00000000</color>
				<outline>0</outline>
			</PolyStyle>
		</Style>
		<Folder id="FeatureLayer2">
			<name>LINEA_ELECTRICA_AEREA__6739</name>
			<open>1</open>
			<Snippet maxLines="0"></Snippet>
			<Placemark id="ID_20000">
				<name>L6739</name>
				<Snippet maxLines="0"></Snippet>
				<description><![CDATA[<html xmlns:fo="http://www.w3.org/1999/XSL/Format" xmlns:msxsl="urn:schemas-microsoft-com:xslt">

<head>

<META http-equiv="Content-Type" content="text/html">

<meta http-equiv="content-type" content="text/html; charset=UTF-8">

</head>

<body style="margin:0px 0px 0px 0px;overflow:auto;background:#FFFFFF;">

<table style="font-family:Arial,Verdana,Times;font-size:12px;text-align:left;width:100%;border-collapse:collapse;padding:3px 3px 3px 3px">

<tr style="text-align:center;font-weight:bold;background:#9CBCE2">

<td>L6739</td>

</tr>

<tr>

<td>

<table style="font-family:Arial,Verdana,Times;font-size:12px;text-align:left;width:100%;border-spacing:0px; padding:3px 3px 3px 3px">

<tr>

<td>FID</td>

<td>0</td>

</tr>

<tr bgcolor="#D4E4F3">

<td>LINEA</td>

<td>L6739</td>

</tr>

<tr>

<td>TIPO</td>

<td>LINEA ELECTRICA AEREA</td>

</tr>

<tr bgcolor="#D4E4F3">

<td>RECORRIDO</td>

<td>SET MAREATEGUI - SET ZARATE</td>

</tr>

</table>

</td>

</tr>

</table>

</body>

</html>]]></description>
				<styleUrl>#LineStyle2043</styleUrl>
				<MultiGeometry>
					<LineString>
						<tessellate>1</tessellate>
						<coordinates>
							-76.99871786399996,-12.01146013599992,0 -76.99847064499994,-12.01155228599993,0 -76.99802711099994,-12.01241409799997,0 -76.99761983099995,-12.01321238099995,0 -76.99723051199999,-12.01395630599995,0 -76.99709712799995,-12.01454474999997,0 -76.99715003099999,-12.01549339599996,0 -76.99722169699999,-12.01649613799998,0 -76.99732422299996,-12.01670328699993,0 -76.99696649199996,-12.01675103499997,0 -76.99625980999997,-12.01679223799994,0 -76.99514010999997,-12.01685446399994,0 -76.99381649199995,-12.01665602899993,0 
						</coordinates>
					</LineString>
				</MultiGeometry>
			</Placemark>
		</Folder>
		<Folder id="FeatureLayer3">
			<name>LINEA_ELECTRICA_SUBTERRANEA__6739</name>
			<Snippet maxLines="0"></Snippet>
			<Placemark id="ID_30000">
				<Snippet maxLines="0"></Snippet>
				<description><![CDATA[<html xmlns:fo="http://www.w3.org/1999/XSL/Format" xmlns:msxsl="urn:schemas-microsoft-com:xslt">

<head>

<META http-equiv="Content-Type" content="text/html">

<meta http-equiv="content-type" content="text/html; charset=UTF-8">

</head>

<body style="margin:0px 0px 0px 0px;overflow:auto;background:#FFFFFF;">

<table style="font-family:Arial,Verdana,Times;font-size:12px;text-align:left;width:100%;border-collapse:collapse;padding:3px 3px 3px 3px">

<tr style="text-align:center;font-weight:bold;background:#9CBCE2">

<td></td>

</tr>

<tr>

<td>

<table style="font-family:Arial,Verdana,Times;font-size:12px;text-align:left;width:100%;border-spacing:0px; padding:3px 3px 3px 3px">

<tr>

<td>FID</td>

<td>0</td>

</tr>

<tr bgcolor="#D4E4F3">

<td>LINEA</td>

<td>L6739</td>

</tr>

<tr>

<td>TIPO</td>

<td>LINEA ELECTRICA SUBTERRANEA</td>

</tr>

<tr bgcolor="#D4E4F3">

<td>RECORRIDO</td>

<td>SET MAREATEGUI - SET ZARATE</td>

</tr>

</table>

</td>

</tr>

</table>

</body>

</html>]]></description>
				<styleUrl>#LineStyle3022</styleUrl>
				<MultiGeometry>
					<LineString>
						<tessellate>1</tessellate>
						<coordinates>
							-76.99381649199995,-12.01665602899993,0 -76.99372572328177,-12.01664198273706,0 -76.99367811126268,-12.01664950890116,0 -76.99330897,-12.01680249,0 -76.99257828,-12.01717943000001,0 -76.99243463000001,-12.01726422000001,0 -76.99229672,-12.01732247,0 -76.99205842000001,-12.01737937000001,0 -76.9921616734303,-12.01773500201051,0 -76.992378,-12.017646,0 
						</coordinates>
					</LineString>
				</MultiGeometry>
			</Placemark>
			<Placemark id="ID_30001">
				<Snippet maxLines="0"></Snippet>
				<description><![CDATA[<html xmlns:fo="http://www.w3.org/1999/XSL/Format" xmlns:msxsl="urn:schemas-microsoft-com:xslt">

<head>

<META http-equiv="Content-Type" content="text/html">

<meta http-equiv="content-type" content="text/html; charset=UTF-8">

</head>

<body style="margin:0px 0px 0px 0px;overflow:auto;background:#FFFFFF;">

<table style="font-family:Arial,Verdana,Times;font-size:12px;text-align:left;width:100%;border-collapse:collapse;padding:3px 3px 3px 3px">

<tr style="text-align:center;font-weight:bold;background:#9CBCE2">

<td></td>

</tr>

<tr>

<td>

<table style="font-family:Arial,Verdana,Times;font-size:12px;text-align:left;width:100%;border-spacing:0px; padding:3px 3px 3px 3px">

<tr>

<td>FID</td>

<td>1</td>

</tr>

<tr bgcolor="#D4E4F3">

<td>LINEA</td>

<td>L6739</td>

</tr>

<tr>

<td>TIPO</td>

<td>LINEA ELECTRICA SUBTERRANEA</td>

</tr>

<tr bgcolor="#D4E4F3">

<td>RECORRIDO</td>

<td>SET MAREATEGUI - SET ZARATE</td>

</tr>

</table>

</td>

</tr>

</table>

</body>

</html>]]></description>
				<styleUrl>#LineStyle3022</styleUrl>
				<MultiGeometry>
					<LineString>
						<tessellate>1</tessellate>
						<coordinates>
							-76.98823504699999,-11.95410495999995,0 -76.98841516076041,-11.95395863127626,0 -76.98780008783825,-11.95324040581269,0 -76.98733158643461,-11.95298371728058,0 -76.98725790735952,-11.95306122505502,0 -76.98628788710168,-11.95510985497934,0 -76.98569067,-11.95627208,0 -76.98566698,-11.95633435999999,0 -76.98565172000001,-11.95639923,0 -76.98564521999999,-11.95646555,0 -76.98564755,-11.95653203,0 -76.98565872,-11.95659769,0 -76.98567841000001,-11.95666143000001,0 -76.98570673,-11.95672246,0 -76.98630424,-11.95762438999999,0 -76.98691959999999,-11.95860133,0 -76.98768214821973,-11.95808506749027,0 -76.98857911331929,-11.95934404131564,0 -76.98867974549725,-11.95949524957458,0 -76.98923207424268,-11.96029037151188,0 -76.9897796444104,-11.96107856734972,0 -76.99057729329006,-11.96223957178153,0 -76.99063091307922,-11.96232384971199,0 -76.99125065964799,-11.96315559800402,0 -76.99179879795938,-11.96391144262996,0 -76.99118280376116,-11.96434477366925,0 -76.99200174169003,-11.96555281301284,0 -76.99281894248922,-11.96500697277321,0 -76.99451836966105,-11.96738486603602,0 -76.9937425950671,-11.968054045968,0 -76.99413616172198,-11.96857824524484,0 -76.99377820156363,-11.96892175518839,0 -76.99337049,-11.96944879000001,0 -76.99308816999999,-11.96981615000001,0 -76.99291808,-11.97007572,0 -76.99276116999999,-11.97033687,0 -76.99242873999999,-11.97093086999999,0 -76.99230951,-11.97115766,0 -76.99216568999999,-11.97150679,0 -76.99201796,-11.97189956,0 -76.99182827,-11.97249176,0 -76.99176153000001,-11.97276258,0 -76.99164499999999,-11.9733711,0 -76.99159783,-11.97368663,0 -76.99154609999999,-11.97419276,0 -76.99153498,-11.97460951,0 -76.99153434999999,-11.9749103,0 -76.99155397,-11.97521697000001,0 -76.99185620999999,-11.97891851,0 -76.99189758,-11.97952015000001,0 -76.99196628999999,-11.98001074000001,0 -76.99201008,-11.98022621999999,0 -76.99207444,-11.98049006999999,0 -76.99221611,-11.98094987000001,0 -76.99234276,-11.98128255999999,0 -76.99249021,-11.98162962000001,0 -76.99263202,-11.98190754000001,0 -76.99277916,-11.98217963999999,0 -76.99307987,-11.98264944,0 -76.99348721,-11.98323358,0 -76.9950001,-11.98221727,0 -76.99644647,-11.9842677,0 -76.99714018,-11.98496467,0 -76.99840754,-11.98583004,0 -76.99919036999999,-11.98633412,0 -76.99931371,-11.98634906000001,0 -76.99958995999999,-11.98645147999999,0 -76.99998463999999,-11.98646815000001,0 -77.00058527,-11.98618124,0 -77.00073003999999,-11.98615543,0 -77.00090161999999,-11.98623462,0 -77.00109603,-11.98636008999999,0 -77.0012444,-11.98640055,0 -77.00143135,-11.98637972000001,0 -77.00153636,-11.98633754,0 -77.00181382,-11.98631686,0 -77.00315311,-11.98578551,0 -77.00320970999999,-11.98592558000001,0 -77.00492541,-11.99008412,0 -77.00516721,-11.99069199,0 -77.00523061,-11.99090695,0 -77.00527288000001,-11.99113415999999,0 -77.00529979,-11.99136466,0 -77.00530676,-11.99156827999999,0 -77.00516071,-11.99597045999999,0 -77.00516638000001,-11.99647423999999,0 -77.00504026999999,-11.99927214999999,0 -77.00502613,-11.99941808,0 -77.00500271999999,-11.99954854,0 -77.0049666,-11.99968207,0 -77.00492074,-11.99980773000001,0 -77.00484231,-11.99996628000001,0 -77.00251249999999,-12.00370090999999,0 -77.00230344000001,-12.00406248,0 -76.9985964,-12.01125183000001,0 -76.99877643456048,-12.01134237153413,0 -76.99871786399996,-12.01146013599992,0 
						</coordinates>
					</LineString>
				</MultiGeometry>
			</Placemark>
		</Folder>
	</Document>
	<Document id="LINEA_ELECTRICA_6738" xsi:schemaLocation="http://www.opengis.net/kml/2.2 http://schemas.opengis.net/kml/2.2.0/ogckml22.xsd http://www.google.com/kml/ext/2.2 http://code.google.com/apis/kml/schema/kml22gx.xsd">
		<name>LINEA ELECTRICA 6738</name>
		<open>1</open>
		<Snippet maxLines="0"></Snippet>
		<Style id="LineStyle2044">
			<LabelStyle>
				<color>00000000</color>
				<scale>0</scale>
			</LabelStyle>
			<LineStyle>
				<color>ff0000ff</color>
				<width>1.7</width>
			</LineStyle>
			<PolyStyle>
				<color>00000000</color>
				<outline>0</outline>
			</PolyStyle>
		</Style>
		<Style id="LineStyle3023">
			<LabelStyle>
				<color>00000000</color>
				<scale>0</scale>
			</LabelStyle>
			<LineStyle>
				<color>ffe65c00</color>
				<width>2</width>
			</LineStyle>
			<PolyStyle>
				<color>00000000</color>
				<outline>0</outline>
			</PolyStyle>
		</Style>
		<Folder id="FeatureLayer2">
			<name>LINEA_ELECTRICA_SUBTERRANEA__6738</name>
			<Snippet maxLines="0"></Snippet>
			<Placemark id="ID_20000">
				<Snippet maxLines="0"></Snippet>
				<description><![CDATA[<html xmlns:fo="http://www.w3.org/1999/XSL/Format" xmlns:msxsl="urn:schemas-microsoft-com:xslt">

<head>

<META http-equiv="Content-Type" content="text/html">

<meta http-equiv="content-type" content="text/html; charset=UTF-8">

</head>

<body style="margin:0px 0px 0px 0px;overflow:auto;background:#FFFFFF;">

<table style="font-family:Arial,Verdana,Times;font-size:12px;text-align:left;width:100%;border-collapse:collapse;padding:3px 3px 3px 3px">

<tr style="text-align:center;font-weight:bold;background:#9CBCE2">

<td></td>

</tr>

<tr>

<td>

<table style="font-family:Arial,Verdana,Times;font-size:12px;text-align:left;width:100%;border-spacing:0px; padding:3px 3px 3px 3px">

<tr>

<td>FID</td>

<td>0</td>

</tr>

<tr bgcolor="#D4E4F3">

<td>LINEA</td>

<td>L6738</td>

</tr>

<tr>

<td>TIPO</td>

<td>LINEA ELECTRICA SUBTERRANEA</td>

</tr>

<tr bgcolor="#D4E4F3">

<td>RECORRIDO</td>

<td>SET STA. ROSA_A - SET ZARATE</td>

</tr>

</table>

</td>

</tr>

</table>

</body>

</html>]]></description>
				<styleUrl>#LineStyle2044</styleUrl>
				<MultiGeometry>
					<LineString>
						<tessellate>1</tessellate>
						<coordinates>
							-77.01064434699998,-12.04109238399997,0 -77.01091019114445,-12.0408552281528,0 -77.01075569308918,-12.04066914531566,0 -77.0106556490353,-12.04053418012999,0 -77.0105610293693,-12.04035978309839,0 -77.010394053488,-12.0402948480335,0 -77.01025119634519,-12.04028928217081,0 -77.01016028725429,-12.040241044694,0 -77.0101250367905,-12.04014456974041,0 -77.0100526805752,-12.0400258313359,0 -77.01006752287579,-12.0398718424676,0 -77.01004340413739,-12.0397698016513,0 -77.01032868,-12.03908620000001,0 -77.010672,-12.03822053999999,0 -77.01241544,-12.0380579,0 -77.01273731000001,-12.03797396000001,0 -77.01155356,-12.03384234,0 -77.01155121099998,-12.03339430299997,0 
						</coordinates>
					</LineString>
				</MultiGeometry>
			</Placemark>
			<Placemark id="ID_20001">
				<Snippet maxLines="0"></Snippet>
				<description><![CDATA[<html xmlns:fo="http://www.w3.org/1999/XSL/Format" xmlns:msxsl="urn:schemas-microsoft-com:xslt">

<head>

<META http-equiv="Content-Type" content="text/html">

<meta http-equiv="content-type" content="text/html; charset=UTF-8">

</head>

<body style="margin:0px 0px 0px 0px;overflow:auto;background:#FFFFFF;">

<table style="font-family:Arial,Verdana,Times;font-size:12px;text-align:left;width:100%;border-collapse:collapse;padding:3px 3px 3px 3px">

<tr style="text-align:center;font-weight:bold;background:#9CBCE2">

<td></td>

</tr>

<tr>

<td>

<table style="font-family:Arial,Verdana,Times;font-size:12px;text-align:left;width:100%;border-spacing:0px; padding:3px 3px 3px 3px">

<tr>

<td>FID</td>

<td>1</td>

</tr>

<tr bgcolor="#D4E4F3">

<td>LINEA</td>

<td>L6738</td>

</tr>

<tr>

<td>TIPO</td>

<td>LINEA ELECTRICA SUBTERRANEA</td>

</tr>

<tr bgcolor="#D4E4F3">

<td>RECORRIDO</td>

<td>SET STA. ROSA_A - SET ZARATE</td>

</tr>

</table>

</td>

</tr>

</table>

</body>

</html>]]></description>
				<styleUrl>#LineStyle2044</styleUrl>
				<MultiGeometry>
					<LineString>
						<tessellate>1</tessellate>
						<coordinates>
							-77.01169781799996,-12.03211885399997,0 -77.01176443878275,-12.03207485149133,0 -77.01172459,-12.03199316999999,0 -77.01163072,-12.03174920000001,0 -77.01152612,-12.03160099,0 -77.01117207,-12.03118913,0 -77.01070089,-12.0307458,0 -77.01067944,-12.03060414,0 -77.01114613,-12.03010046000001,0 -77.01116759,-12.02983289000001,0 -77.01118369,-12.02974894000001,0 -77.01116223,-12.02954431999999,0 -77.0110925,-12.02934758,0 -77.01090741,-12.02893309000001,0 -77.01067497,-12.02842678999999,0 -77.01046574,-12.02816445999999,0 -77.01036651,-12.02808314,0 -77.0102029,-12.02797033,0 -77.01007683,-12.02790475,0 -77.00976301,-12.02779718999999,0 -77.00935532,-12.0276634,0 -77.00882424,-12.02753748,0 -77.00773526,-12.02741681000001,0 -77.00719882,-12.02733811000001,0 -77.00629939,-12.0272616,0 -77.00582196000001,-12.02716716,0 -77.00525869000001,-12.02699401999999,0 -77.00375397000001,-12.02639327000001,0 -77.00331319,-12.02623280999999,0 -77.00222958000001,-12.02580258999999,0 -77.00176288,-12.02565043,0 -77.00128545,-12.02552451000001,0 -77.00031985,-12.02531727,0 -76.99657549,-12.02449353,0 -76.99609269,-12.02444106999999,0 -76.99136664,-12.02430989999999,0 -76.99140955,-12.02273588,0 -76.99140419,-12.02236336,0 -76.99138273,-12.02225317999999,0 -76.99106623,-12.02149239,0 -76.99085701999999,-12.02115135,0 -76.99059058,-12.02005127999999,0 -76.99048866,-12.01987813,0 -76.99005682000001,-12.01790139,0 -76.99016948000001,-12.01779382999999,0 -76.9910251,-12.01751312,0 -76.99120787,-12.01747815,0 -76.99202237,-12.01731827,0 -76.99211038,-12.01759430000001,0 -76.99213833,-12.01770362,0 -76.992378,-12.017646,0 
						</coordinates>
					</LineString>
				</MultiGeometry>
			</Placemark>
		</Folder>
		<Folder id="FeatureLayer3">
			<name>LINEA ELECTRICA 6738</name>
			<Snippet maxLines="0"></Snippet>
			<Placemark id="ID_30000">
				<name>L6738</name>
				<Snippet maxLines="0"></Snippet>
				<description><![CDATA[<html xmlns:fo="http://www.w3.org/1999/XSL/Format" xmlns:msxsl="urn:schemas-microsoft-com:xslt">

<head>

<META http-equiv="Content-Type" content="text/html">

<meta http-equiv="content-type" content="text/html; charset=UTF-8">

</head>

<body style="margin:0px 0px 0px 0px;overflow:auto;background:#FFFFFF;">

<table style="font-family:Arial,Verdana,Times;font-size:12px;text-align:left;width:100%;border-collapse:collapse;padding:3px 3px 3px 3px">

<tr style="text-align:center;font-weight:bold;background:#9CBCE2">

<td>L6738</td>

</tr>

<tr>

<td>

<table style="font-family:Arial,Verdana,Times;font-size:12px;text-align:left;width:100%;border-spacing:0px; padding:3px 3px 3px 3px">

<tr>

<td>FID</td>

<td>0</td>

</tr>

<tr bgcolor="#D4E4F3">

<td>LINEA</td>

<td>L6738</td>

</tr>

<tr>

<td>TIPO</td>

<td>LINEA ELECTRICA AEREA</td>

</tr>

<tr bgcolor="#D4E4F3">

<td>RECORRIDO</td>

<td>SET STA. ROSA_A - SET ZARATE</td>

</tr>

</table>

</td>

</tr>

</table>

</body>

</html>]]></description>
				<styleUrl>#LineStyle3023</styleUrl>
				<MultiGeometry>
					<LineString>
						<tessellate>1</tessellate>
						<coordinates>
							-77.01064434699998,-12.04109238399997,0 -77.0107693924989,-12.0411799901185,0 
						</coordinates>
					</LineString>
				</MultiGeometry>
			</Placemark>
			<Placemark id="ID_30001">
				<name>L6738</name>
				<Snippet maxLines="0"></Snippet>
				<description><![CDATA[<html xmlns:fo="http://www.w3.org/1999/XSL/Format" xmlns:msxsl="urn:schemas-microsoft-com:xslt">

<head>

<META http-equiv="Content-Type" content="text/html">

<meta http-equiv="content-type" content="text/html; charset=UTF-8">

</head>

<body style="margin:0px 0px 0px 0px;overflow:auto;background:#FFFFFF;">

<table style="font-family:Arial,Verdana,Times;font-size:12px;text-align:left;width:100%;border-collapse:collapse;padding:3px 3px 3px 3px">

<tr style="text-align:center;font-weight:bold;background:#9CBCE2">

<td>L6738</td>

</tr>

<tr>

<td>

<table style="font-family:Arial,Verdana,Times;font-size:12px;text-align:left;width:100%;border-spacing:0px; padding:3px 3px 3px 3px">

<tr>

<td>FID</td>

<td>1</td>

</tr>

<tr bgcolor="#D4E4F3">

<td>LINEA</td>

<td>L6738</td>

</tr>

<tr>

<td>TIPO</td>

<td>LINEA ELECTRICA AEREA</td>

</tr>

<tr bgcolor="#D4E4F3">

<td>RECORRIDO</td>

<td>SET STA. ROSA_A - SET ZARATE</td>

</tr>

</table>

</td>

</tr>

</table>

</body>

</html>]]></description>
				<styleUrl>#LineStyle3023</styleUrl>
				<MultiGeometry>
					<LineString>
						<tessellate>1</tessellate>
						<coordinates>
							-77.01169781799996,-12.03211885399997,0 -77.01155121099998,-12.03339430299997,0 
						</coordinates>
					</LineString>
				</MultiGeometry>
			</Placemark>
		</Folder>
	</Document>
	<Document id="LINEA_ELECTRICA_6558" xsi:schemaLocation="http://www.opengis.net/kml/2.2 http://schemas.opengis.net/kml/2.2.0/ogckml22.xsd http://www.google.com/kml/ext/2.2 http://code.google.com/apis/kml/schema/kml22gx.xsd">
		<name>LINEA ELECTRICA 6558</name>
		<open>1</open>
		<Snippet maxLines="0"></Snippet>
		<Style id="LineStyle2045">
			<LabelStyle>
				<color>00000000</color>
				<scale>0</scale>
			</LabelStyle>
			<LineStyle>
				<color>ff0000e6</color>
				<width>1.7</width>
			</LineStyle>
			<PolyStyle>
				<color>00000000</color>
				<outline>0</outline>
			</PolyStyle>
		</Style>
		<Style id="LineStyle3024">
			<LabelStyle>
				<color>00000000</color>
				<scale>0</scale>
			</LabelStyle>
			<LineStyle>
				<color>ffff7000</color>
				<width>2</width>
			</LineStyle>
			<PolyStyle>
				<color>00000000</color>
				<outline>0</outline>
			</PolyStyle>
		</Style>
		<Folder id="FeatureLayer2">
			<name>LINEA_ELECTRICA_SUBTERRANEA_6558</name>
			<open>1</open>
			<Snippet maxLines="0"></Snippet>
			<Placemark id="ID_20000">
				<name>L6558</name>
				<Snippet maxLines="0"></Snippet>
				<description><![CDATA[<html xmlns:fo="http://www.w3.org/1999/XSL/Format" xmlns:msxsl="urn:schemas-microsoft-com:xslt">

<head>

<META http-equiv="Content-Type" content="text/html">

<meta http-equiv="content-type" content="text/html; charset=UTF-8">

</head>

<body style="margin:0px 0px 0px 0px;overflow:auto;background:#FFFFFF;">

<table style="font-family:Arial,Verdana,Times;font-size:12px;text-align:left;width:100%;border-collapse:collapse;padding:3px 3px 3px 3px">

<tr style="text-align:center;font-weight:bold;background:#9CBCE2">

<td>L6558</td>

</tr>

<tr>

<td>

<table style="font-family:Arial,Verdana,Times;font-size:12px;text-align:left;width:100%;border-spacing:0px; padding:3px 3px 3px 3px">

<tr>

<td>FID</td>

<td>0</td>

</tr>

<tr bgcolor="#D4E4F3">

<td>LINEA</td>

<td>L6558</td>

</tr>

<tr>

<td>TIPO</td>

<td>LINEA ELECTRICA SUBTERRANEA</td>

</tr>

<tr bgcolor="#D4E4F3">

<td>RECORRIDO</td>

<td>SET CHILLON - SET OQUENDO</td>

</tr>

</table>

</td>

</tr>

</table>

</body>

</html>]]></description>
				<styleUrl>#LineStyle2045</styleUrl>
				<MultiGeometry>
					<LineString>
						<tessellate>1</tessellate>
						<coordinates>
							-77.13078939499994,-11.93672844199993,0 -77.13079814499996,-11.93549925299992,0 
						</coordinates>
					</LineString>
				</MultiGeometry>
			</Placemark>
		</Folder>
		<Folder id="FeatureLayer3">
			<name>LINEA_ELECTRICA_AEREA_6558</name>
			<Snippet maxLines="0"></Snippet>
			<Placemark id="ID_30000">
				<name>L6558</name>
				<Snippet maxLines="0"></Snippet>
				<description><![CDATA[<html xmlns:fo="http://www.w3.org/1999/XSL/Format" xmlns:msxsl="urn:schemas-microsoft-com:xslt">

<head>

<META http-equiv="Content-Type" content="text/html">

<meta http-equiv="content-type" content="text/html; charset=UTF-8">

</head>

<body style="margin:0px 0px 0px 0px;overflow:auto;background:#FFFFFF;">

<table style="font-family:Arial,Verdana,Times;font-size:12px;text-align:left;width:100%;border-collapse:collapse;padding:3px 3px 3px 3px">

<tr style="text-align:center;font-weight:bold;background:#9CBCE2">

<td>L6558</td>

</tr>

<tr>

<td>

<table style="font-family:Arial,Verdana,Times;font-size:12px;text-align:left;width:100%;border-spacing:0px; padding:3px 3px 3px 3px">

<tr>

<td>FID</td>

<td>0</td>

</tr>

<tr bgcolor="#D4E4F3">

<td>LINEA</td>

<td>L6558</td>

</tr>

<tr>

<td>TIPO</td>

<td>LINEA ELECTRICA AEREA</td>

</tr>

<tr bgcolor="#D4E4F3">

<td>RECORRIDO</td>

<td>SET CHILLON - SET OQUENDO</td>

</tr>

</table>

</td>

</tr>

</table>

</body>

</html>]]></description>
				<styleUrl>#LineStyle3024</styleUrl>
				<MultiGeometry>
					<LineString>
						<tessellate>1</tessellate>
						<coordinates>
							-77.12562010069109,-11.97722683525161,0 -77.12539630799995,-11.97716772799992,0 -77.12506579099994,-11.97716119599993,0 -77.12500611399997,-11.97539930099997,0 -77.12504578299996,-11.97342878599994,0 -77.12510042599996,-11.97219924699993,0 -77.12529049199998,-11.97067947599993,0 -77.12550872899999,-11.96924082999994,0 -77.12572915499999,-11.96808233699994,0 -77.1260824683181,-11.9668935973045,0 -77.12636091899998,-11.96552892299996,0 -77.12686305099999,-11.96400678699996,0 -77.12750885599996,-11.96207686699995,0 -77.12813636799996,-11.96015612199994,0 -77.12877283899996,-11.95820819699997,0 -77.12941862299994,-11.95627827599998,0 -77.13006446999998,-11.95435739199997,0 -77.13070113299995,-11.95243657699995,0 -77.13097886699995,-11.95156685399995,0 -77.13131039499996,-11.95053404499992,0 -77.13176539299997,-11.94885862599995,0 -77.13174631299995,-11.94759349799995,0 -77.13164194499996,-11.94598558599994,0 -77.13148145199995,-11.94424253499995,0 -77.13137539399997,-11.94241773099997,0 -77.13126291799995,-11.94094544499996,0 -77.13112163999995,-11.93931069799993,0 -77.13095523299995,-11.93798342199995,0 -77.13078939499997,-11.93672844199995,0 
						</coordinates>
					</LineString>
				</MultiGeometry>
			</Placemark>
			<Placemark id="ID_30001">
				<name>L6558</name>
				<Snippet maxLines="0"></Snippet>
				<description><![CDATA[<html xmlns:fo="http://www.w3.org/1999/XSL/Format" xmlns:msxsl="urn:schemas-microsoft-com:xslt">

<head>

<META http-equiv="Content-Type" content="text/html">

<meta http-equiv="content-type" content="text/html; charset=UTF-8">

</head>

<body style="margin:0px 0px 0px 0px;overflow:auto;background:#FFFFFF;">

<table style="font-family:Arial,Verdana,Times;font-size:12px;text-align:left;width:100%;border-collapse:collapse;padding:3px 3px 3px 3px">

<tr style="text-align:center;font-weight:bold;background:#9CBCE2">

<td>L6558</td>

</tr>

<tr>

<td>

<table style="font-family:Arial,Verdana,Times;font-size:12px;text-align:left;width:100%;border-spacing:0px; padding:3px 3px 3px 3px">

<tr>

<td>FID</td>

<td>1</td>

</tr>

<tr bgcolor="#D4E4F3">

<td>LINEA</td>

<td>L6558</td>

</tr>

<tr>

<td>TIPO</td>

<td>LINEA ELECTRICA AEREA</td>

</tr>

<tr bgcolor="#D4E4F3">

<td>RECORRIDO</td>

<td>SET CHILLON - SET OQUENDO</td>

</tr>

</table>

</td>

</tr>

</table>

</body>

</html>]]></description>
				<styleUrl>#LineStyle3024</styleUrl>
				<MultiGeometry>
					<LineString>
						<tessellate>1</tessellate>
						<coordinates>
							-77.13079814499996,-11.93549925299992,0 -77.13069683599996,-11.93427993499994,0 -77.13061395499994,-11.93306951399994,0 -77.13049259999995,-11.93163344299996,0 -77.13033482099996,-11.93023379799995,0 -77.13015953699993,-11.92894273699995,0 -77.13001150499997,-11.92761531899991,0 -77.12988274699995,-11.92640524399996,0 -77.12825115699994,-11.92667064299994,0 -77.12476692999995,-11.92710366899994,0 -77.12156563999996,-11.92733568999995,0 -77.11972467199996,-11.93018741199994,0 -77.11900849399996,-11.93133156199996,0 -77.11810082899996,-11.93145588799996,0 -77.11751107999997,-11.93115304499997,0 -77.11724587272819,-11.931374552717,0 
						</coordinates>
					</LineString>
				</MultiGeometry>
			</Placemark>
		</Folder>
	</Document>
	<Document id="LINEA_ELECTRICA_653" xsi:schemaLocation="http://www.opengis.net/kml/2.2 http://schemas.opengis.net/kml/2.2.0/ogckml22.xsd http://www.google.com/kml/ext/2.2 http://code.google.com/apis/kml/schema/kml22gx.xsd">
		<name>LINEA ELECTRICA 653</name>
		<open>1</open>
		<Snippet maxLines="0"></Snippet>
		<Style id="LineStyle2046">
			<LabelStyle>
				<color>00000000</color>
				<scale>0</scale>
			</LabelStyle>
			<LineStyle>
				<color>ff0000e6</color>
				<width>1.7</width>
			</LineStyle>
			<PolyStyle>
				<color>00000000</color>
				<outline>0</outline>
			</PolyStyle>
		</Style>
		<Style id="LineStyle3025">
			<LabelStyle>
				<color>00000000</color>
				<scale>0</scale>
			</LabelStyle>
			<LineStyle>
				<color>ffe65c00</color>
				<width>2</width>
			</LineStyle>
			<PolyStyle>
				<color>00000000</color>
				<outline>0</outline>
			</PolyStyle>
		</Style>
		<Folder id="FeatureLayer2">
			<name>LINEA_ELECTRICA_SUBTERRANEA_653</name>
			<open>1</open>
			<Snippet maxLines="0"></Snippet>
			<Placemark id="ID_20000">
				<name>L653</name>
				<Snippet maxLines="0"></Snippet>
				<description><![CDATA[<html xmlns:fo="http://www.w3.org/1999/XSL/Format" xmlns:msxsl="urn:schemas-microsoft-com:xslt">

<head>

<META http-equiv="Content-Type" content="text/html">

<meta http-equiv="content-type" content="text/html; charset=UTF-8">

</head>

<body style="margin:0px 0px 0px 0px;overflow:auto;background:#FFFFFF;">

<table style="font-family:Arial,Verdana,Times;font-size:12px;text-align:left;width:100%;border-collapse:collapse;padding:3px 3px 3px 3px">

<tr style="text-align:center;font-weight:bold;background:#9CBCE2">

<td>L653</td>

</tr>

<tr>

<td>

<table style="font-family:Arial,Verdana,Times;font-size:12px;text-align:left;width:100%;border-spacing:0px; padding:3px 3px 3px 3px">

<tr>

<td>FID</td>

<td>0</td>

</tr>

<tr bgcolor="#D4E4F3">

<td>LINEA</td>

<td>L653</td>

</tr>

<tr>

<td>TIPO</td>

<td>LINEA ELECTRICA SUBTERRANEA</td>

</tr>

<tr bgcolor="#D4E4F3">

<td>RECORRIDO</td>

<td>SET CHILLON - SET OQUENDO</td>

</tr>

</table>

</td>

</tr>

</table>

</body>

</html>]]></description>
				<styleUrl>#LineStyle2046</styleUrl>
				<MultiGeometry>
					<LineString>
						<tessellate>1</tessellate>
						<coordinates>
							-77.13078939499997,-11.93672844199995,0 -77.13076143499995,-11.93549953099995,0 
						</coordinates>
					</LineString>
				</MultiGeometry>
			</Placemark>
		</Folder>
		<Folder id="FeatureLayer3">
			<name>LINEA ELECTRICA AEREA_653</name>
			<Snippet maxLines="0"></Snippet>
			<Placemark id="ID_30000">
				<name>L653</name>
				<Snippet maxLines="0"></Snippet>
				<description><![CDATA[<html xmlns:fo="http://www.w3.org/1999/XSL/Format" xmlns:msxsl="urn:schemas-microsoft-com:xslt">

<head>

<META http-equiv="Content-Type" content="text/html">

<meta http-equiv="content-type" content="text/html; charset=UTF-8">

</head>

<body style="margin:0px 0px 0px 0px;overflow:auto;background:#FFFFFF;">

<table style="font-family:Arial,Verdana,Times;font-size:12px;text-align:left;width:100%;border-collapse:collapse;padding:3px 3px 3px 3px">

<tr style="text-align:center;font-weight:bold;background:#9CBCE2">

<td>L653</td>

</tr>

<tr>

<td>

<table style="font-family:Arial,Verdana,Times;font-size:12px;text-align:left;width:100%;border-spacing:0px; padding:3px 3px 3px 3px">

<tr>

<td>FID</td>

<td>0</td>

</tr>

<tr bgcolor="#D4E4F3">

<td>LINEA</td>

<td>L653</td>

</tr>

<tr>

<td>TIPO</td>

<td>LINEA ELECTRICA AEREA</td>

</tr>

<tr bgcolor="#D4E4F3">

<td>RECORRIDO</td>

<td>SET CHILLON - SET OQUENDO</td>

</tr>

</table>

</td>

</tr>

</table>

</body>

</html>]]></description>
				<styleUrl>#LineStyle3025</styleUrl>
				<MultiGeometry>
					<LineString>
						<tessellate>1</tessellate>
						<coordinates>
							-77.12562438383401,-11.97725664596989,0 -77.12537858599995,-11.97724920099994,0 -77.12502003699996,-11.97717961799998,0 -77.12500611399996,-11.97539930099997,0 -77.12504578299995,-11.97342878599994,0 -77.12510042599996,-11.97219924699993,0 -77.12529049199998,-11.97067947599993,0 -77.12550872899999,-11.96924082999994,0 -77.12572915499999,-11.96808233699992,0 -77.12604962699999,-11.96680559499991,0 -77.12636091899998,-11.96552892299995,0 -77.12686305099997,-11.96400678699996,0 -77.12750885599996,-11.96207686699995,0 -77.12813636799994,-11.96015612199994,0 -77.12877283899995,-11.95820819699996,0 -77.12941862299992,-11.95627827599998,0 -77.13006446999997,-11.95435739199995,0 -77.13070113299995,-11.95243657699995,0 -77.13097886699995,-11.95156685399995,0 -77.13131039499994,-11.95053404499991,0 -77.13176539299997,-11.94885862599995,0 -77.13174631299994,-11.94759349799995,0 -77.13161433999993,-11.94597675799997,0 -77.13148145199996,-11.94424253499995,0 -77.13137539399996,-11.94241773099997,0 -77.13123531399998,-11.94093661599991,0 -77.13112163999995,-11.93931069799993,0 -77.13095523299995,-11.93798342199995,0 -77.13078939499994,-11.93672844199993,0 
						</coordinates>
					</LineString>
				</MultiGeometry>
			</Placemark>
			<Placemark id="ID_30001">
				<name>L653</name>
				<Snippet maxLines="0"></Snippet>
				<description><![CDATA[<html xmlns:fo="http://www.w3.org/1999/XSL/Format" xmlns:msxsl="urn:schemas-microsoft-com:xslt">

<head>

<META http-equiv="Content-Type" content="text/html">

<meta http-equiv="content-type" content="text/html; charset=UTF-8">

</head>

<body style="margin:0px 0px 0px 0px;overflow:auto;background:#FFFFFF;">

<table style="font-family:Arial,Verdana,Times;font-size:12px;text-align:left;width:100%;border-collapse:collapse;padding:3px 3px 3px 3px">

<tr style="text-align:center;font-weight:bold;background:#9CBCE2">

<td>L653</td>

</tr>

<tr>

<td>

<table style="font-family:Arial,Verdana,Times;font-size:12px;text-align:left;width:100%;border-spacing:0px; padding:3px 3px 3px 3px">

<tr>

<td>FID</td>

<td>1</td>

</tr>

<tr bgcolor="#D4E4F3">

<td>LINEA</td>

<td>L653</td>

</tr>

<tr>

<td>TIPO</td>

<td>LINEA ELECTRICA AEREA</td>

</tr>

<tr bgcolor="#D4E4F3">

<td>RECORRIDO</td>

<td>SET CHILLON - SET OQUENDO</td>

</tr>

</table>

</td>

</tr>

</table>

</body>

</html>]]></description>
				<styleUrl>#LineStyle3025</styleUrl>
				<MultiGeometry>
					<LineString>
						<tessellate>1</tessellate>
						<coordinates>
							-77.13076143499995,-11.93549953099995,0 -77.13069683599996,-11.93427993499994,0 -77.13061395499994,-11.93306951399994,0 -77.13049259999995,-11.93163344299996,0 -77.13033482099996,-11.93023379799995,0 -77.13015953699993,-11.92894273699995,0 -77.13001150499997,-11.92761531899991,0 -77.12986516799997,-11.92650479199995,0 -77.12825150899994,-11.92671582899994,0 -77.12476692999995,-11.92710366899994,0 -77.12181704266189,-11.92764992342119,0 -77.12108530499994,-11.92930049799997,0 -77.12033741199996,-11.93108656799995,0 -77.11938275899996,-11.93225059199994,0 -77.11819548199998,-11.93182572299997,0 -77.11759493999995,-11.93131509299997,0 -77.11729862464588,-11.9314578412414,0 
						</coordinates>
					</LineString>
				</MultiGeometry>
			</Placemark>
		</Folder>
	</Document>
	<Document id="LINEA_ELECTRICA_684" xsi:schemaLocation="http://www.opengis.net/kml/2.2 http://schemas.opengis.net/kml/2.2.0/ogckml22.xsd http://www.google.com/kml/ext/2.2 http://code.google.com/apis/kml/schema/kml22gx.xsd">
		<name>LINEA ELECTRICA 684</name>
		<open>1</open>
		<Snippet maxLines="0"></Snippet>
		<Style id="LineStyle3026">
			<LabelStyle>
				<color>00000000</color>
				<scale>0</scale>
			</LabelStyle>
			<LineStyle>
				<color>ffe65c00</color>
				<width>2</width>
			</LineStyle>
			<PolyStyle>
				<color>00000000</color>
				<outline>0</outline>
			</PolyStyle>
		</Style>
		<Style id="LineStyle40">
			<LabelStyle>
				<color>00000000</color>
				<scale>0</scale>
			</LabelStyle>
			<LineStyle>
				<color>ff0000ff</color>
				<width>1.7</width>
			</LineStyle>
			<PolyStyle>
				<color>00000000</color>
				<outline>0</outline>
			</PolyStyle>
		</Style>
		<Folder id="FeatureLayer3">
			<name>LINEA_ELECTRICA_AEREA_684</name>
			<open>1</open>
			<Snippet maxLines="0"></Snippet>
			<Placemark id="ID_30000">
				<name>L684</name>
				<Snippet maxLines="0"></Snippet>
				<description><![CDATA[<html xmlns:fo="http://www.w3.org/1999/XSL/Format" xmlns:msxsl="urn:schemas-microsoft-com:xslt">

<head>

<META http-equiv="Content-Type" content="text/html">

<meta http-equiv="content-type" content="text/html; charset=UTF-8">

</head>

<body style="margin:0px 0px 0px 0px;overflow:auto;background:#FFFFFF;">

<table style="font-family:Arial,Verdana,Times;font-size:12px;text-align:left;width:100%;border-collapse:collapse;padding:3px 3px 3px 3px">

<tr style="text-align:center;font-weight:bold;background:#9CBCE2">

<td>L684</td>

</tr>

<tr>

<td>

<table style="font-family:Arial,Verdana,Times;font-size:12px;text-align:left;width:100%;border-spacing:0px; padding:3px 3px 3px 3px">

<tr>

<td>FID</td>

<td>0</td>

</tr>

<tr bgcolor="#D4E4F3">

<td>LINEA</td>

<td>L684</td>

</tr>

<tr>

<td>TIPO</td>

<td>LINEA ELECTRICA AEREA</td>

</tr>

<tr bgcolor="#D4E4F3">

<td>RECORRIDO</td>

<td>SET CHILLON - SET NARANJAL</td>

</tr>

</table>

</td>

</tr>

</table>

</body>

</html>]]></description>
				<styleUrl>#LineStyle3026</styleUrl>
				<MultiGeometry>
					<LineString>
						<tessellate>1</tessellate>
						<coordinates>
							-77.09392063099995,-11.94754355799995,0 -77.09478693999995,-11.94561203599994,0 -77.0949773968434,-11.9451191024184,0 -77.09699500429571,-11.94433011335719,0 -77.0979106545839,-11.94328698479731,0 -77.10223979867099,-11.93802792909941,0 -77.10415834961449,-11.9356256165545,0 -77.1049485448122,-11.93285313960909,0 -77.10661577910589,-11.92700335231289,0 -77.1118740608803,-11.92750232701829,0 -77.11253335464311,-11.9283365094493,0 -77.11278037099999,-11.92945336199994,0 
						</coordinates>
					</LineString>
				</MultiGeometry>
			</Placemark>
			<Placemark id="ID_30001">
				<name>L684</name>
				<Snippet maxLines="0"></Snippet>
				<description><![CDATA[<html xmlns:fo="http://www.w3.org/1999/XSL/Format" xmlns:msxsl="urn:schemas-microsoft-com:xslt">

<head>

<META http-equiv="Content-Type" content="text/html">

<meta http-equiv="content-type" content="text/html; charset=UTF-8">

</head>

<body style="margin:0px 0px 0px 0px;overflow:auto;background:#FFFFFF;">

<table style="font-family:Arial,Verdana,Times;font-size:12px;text-align:left;width:100%;border-collapse:collapse;padding:3px 3px 3px 3px">

<tr style="text-align:center;font-weight:bold;background:#9CBCE2">

<td>L684</td>

</tr>

<tr>

<td>

<table style="font-family:Arial,Verdana,Times;font-size:12px;text-align:left;width:100%;border-spacing:0px; padding:3px 3px 3px 3px">

<tr>

<td>FID</td>

<td>1</td>

</tr>

<tr bgcolor="#D4E4F3">

<td>LINEA</td>

<td>L684</td>

</tr>

<tr>

<td>TIPO</td>

<td>LINEA ELECTRICA AEREA</td>

</tr>

<tr bgcolor="#D4E4F3">

<td>RECORRIDO</td>

<td>SET CHILLON - SET NARANJAL</td>

</tr>

</table>

</td>

</tr>

</table>

</body>

</html>]]></description>
				<styleUrl>#LineStyle3026</styleUrl>
				<MultiGeometry>
					<LineString>
						<tessellate>1</tessellate>
						<coordinates>
							-77.062999,-11.970119,0 -77.06307260999995,-11.96961665999993,0 -77.06179505999995,-11.96940914199996,0 -77.06220311399994,-11.96753527299996,0 -77.06266603299997,-11.96563388599997,0 -77.06298868473741,-11.96393311884249,0 -77.06341923999997,-11.96206736999995,0 -77.06376598199995,-11.96179367999997,0 -77.06536496199999,-11.96202594299997,0 -77.06656918199997,-11.96225206599996,0 
						</coordinates>
					</LineString>
				</MultiGeometry>
			</Placemark>
			<Placemark id="ID_30002">
				<name>L684</name>
				<Snippet maxLines="0"></Snippet>
				<description><![CDATA[<html xmlns:fo="http://www.w3.org/1999/XSL/Format" xmlns:msxsl="urn:schemas-microsoft-com:xslt">

<head>

<META http-equiv="Content-Type" content="text/html">

<meta http-equiv="content-type" content="text/html; charset=UTF-8">

</head>

<body style="margin:0px 0px 0px 0px;overflow:auto;background:#FFFFFF;">

<table style="font-family:Arial,Verdana,Times;font-size:12px;text-align:left;width:100%;border-collapse:collapse;padding:3px 3px 3px 3px">

<tr style="text-align:center;font-weight:bold;background:#9CBCE2">

<td>L684</td>

</tr>

<tr>

<td>

<table style="font-family:Arial,Verdana,Times;font-size:12px;text-align:left;width:100%;border-spacing:0px; padding:3px 3px 3px 3px">

<tr>

<td>FID</td>

<td>2</td>

</tr>

<tr bgcolor="#D4E4F3">

<td>LINEA</td>

<td>L684</td>

</tr>

<tr>

<td>TIPO</td>

<td>LINEA ELECTRICA AEREA</td>

</tr>

<tr bgcolor="#D4E4F3">

<td>RECORRIDO</td>

<td>SET CHILLON - SET NARANJAL</td>

</tr>

</table>

</td>

</tr>

</table>

</body>

</html>]]></description>
				<styleUrl>#LineStyle3026</styleUrl>
				<MultiGeometry>
					<LineString>
						<tessellate>1</tessellate>
						<coordinates>
							-77.0707804729431,-11.96326662197558,0 -77.07145431899993,-11.96368020099994,0 -77.07233983299994,-11.96424305499994,0 -77.07373604899993,-11.96557035799997,0 -77.07450349799996,-11.96509470999997,0 -77.0758032132325,-11.96452170185949,0 -77.07729389599996,-11.96387201899993,0 -77.07739313799992,-11.96364533499996,0 -77.07678567799996,-11.96223087499993,0 -77.07627159999998,-11.96102359299992,0 -77.07599383099995,-11.95950727199994,0 -77.07584505099999,-11.95805326299993,0 -77.07569944127678,-11.9564365660472,0 -77.07593976699997,-11.95482601299992,0 -77.07618456899996,-11.95322448599995,0 -77.07645552599995,-11.95144200599998,0 -77.07673524699997,-11.94960523299994,0 -77.07701579299999,-11.94787691099998,0 -77.07727133999998,-11.94768522399993,0 -77.07893765499995,-11.94833266899997,0 -77.08076891099995,-11.94894272899993,0 -77.08229645799996,-11.94944657299991,0 -77.08405395299995,-11.95001196599996,0 -77.08482424599997,-11.94991587099996,0 -77.08535403099994,-11.94957753599994,0 -77.08554110199997,-11.94883503899995,0 -77.08573974799998,-11.94720674099995,0 -77.08548390799996,-11.94616024299996,0 
						</coordinates>
					</LineString>
				</MultiGeometry>
			</Placemark>
		</Folder>
		<Folder id="FeatureLayer4">
			<name>LINEA_ELECTRICA_SUBTERRANEA_684</name>
			<open>1</open>
			<Snippet maxLines="0"></Snippet>
			<Placemark id="ID_40000">
				<Snippet maxLines="0"></Snippet>
				<description><![CDATA[<html xmlns:fo="http://www.w3.org/1999/XSL/Format" xmlns:msxsl="urn:schemas-microsoft-com:xslt">

<head>

<META http-equiv="Content-Type" content="text/html">

<meta http-equiv="content-type" content="text/html; charset=UTF-8">

</head>

<body style="margin:0px 0px 0px 0px;overflow:auto;background:#FFFFFF;">

<table style="font-family:Arial,Verdana,Times;font-size:12px;text-align:left;width:100%;border-collapse:collapse;padding:3px 3px 3px 3px">

<tr style="text-align:center;font-weight:bold;background:#9CBCE2">

<td></td>

</tr>

<tr>

<td>

<table style="font-family:Arial,Verdana,Times;font-size:12px;text-align:left;width:100%;border-spacing:0px; padding:3px 3px 3px 3px">

<tr>

<td>FID</td>

<td>0</td>

</tr>

<tr bgcolor="#D4E4F3">

<td>LINEA</td>

<td>L684</td>

</tr>

<tr>

<td>TIPO</td>

<td>LINEA ELECTRICA SUBTERRANEA</td>

</tr>

<tr bgcolor="#D4E4F3">

<td>RECORRIDO</td>

<td>SET CHILLON - SET NARANJAL</td>

</tr>

</table>

</td>

</tr>

</table>

</body>

</html>]]></description>
				<styleUrl>#LineStyle40</styleUrl>
				<MultiGeometry>
					<LineString>
						<tessellate>1</tessellate>
						<coordinates>
							-77.11278037099999,-11.92945336199994,0 -77.11279265289687,-11.92951171678343,0 -77.11285281999999,-11.92960972999999,0 -77.11341452000001,-11.93041767999999,0 -77.11347031999999,-11.93047790999999,0 -77.11403006,-11.93126824,0 -77.11477168,-11.93233433000001,0 -77.11631541,-11.93119406999999,0 -77.11700623999999,-11.93072542999998,0 -77.11743389999998,-11.93122294,0 -77.11702299999999,-11.93161399999996,0 
						</coordinates>
					</LineString>
				</MultiGeometry>
			</Placemark>
			<Placemark id="ID_40001">
				<Snippet maxLines="0"></Snippet>
				<description><![CDATA[<html xmlns:fo="http://www.w3.org/1999/XSL/Format" xmlns:msxsl="urn:schemas-microsoft-com:xslt">

<head>

<META http-equiv="Content-Type" content="text/html">

<meta http-equiv="content-type" content="text/html; charset=UTF-8">

</head>

<body style="margin:0px 0px 0px 0px;overflow:auto;background:#FFFFFF;">

<table style="font-family:Arial,Verdana,Times;font-size:12px;text-align:left;width:100%;border-collapse:collapse;padding:3px 3px 3px 3px">

<tr style="text-align:center;font-weight:bold;background:#9CBCE2">

<td></td>

</tr>

<tr>

<td>

<table style="font-family:Arial,Verdana,Times;font-size:12px;text-align:left;width:100%;border-spacing:0px; padding:3px 3px 3px 3px">

<tr>

<td>FID</td>

<td>1</td>

</tr>

<tr bgcolor="#D4E4F3">

<td>LINEA</td>

<td>L684</td>

</tr>

<tr>

<td>TIPO</td>

<td>LINEA ELECTRICA SUBTERRANEA</td>

</tr>

<tr bgcolor="#D4E4F3">

<td>RECORRIDO</td>

<td>SET CHILLON - SET NARANJAL</td>

</tr>

</table>

</td>

</tr>

</table>

</body>

</html>]]></description>
				<styleUrl>#LineStyle40</styleUrl>
				<MultiGeometry>
					<LineString>
						<tessellate>1</tessellate>
						<coordinates>
							-77.08548390799996,-11.94616024299996,0 -77.08552133053634,-11.94612549386971,0 -77.0859564036772,-11.94592921297234,0 -77.08626512488108,-11.94572848045678,0 -77.08739454000001,-11.94537115,0 -77.08759365999998,-11.94528039999999,0 -77.08776615999999,-11.94514892,0 -77.08929621999999,-11.94347258999997,0 -77.08942851709001,-11.94342669355481,0 -77.09154731999999,-11.94538293,0 -77.09281675000001,-11.94648222,0 -77.09310996000001,-11.94675092999999,0 -77.09333639999998,-11.94696830999996,0 -77.09346707,-11.94721536,0 -77.09352425,-11.94737852,0 -77.09353514999999,-11.94742171999998,0 -77.09357723056051,-11.94763913434479,0 -77.09392063099993,-11.94754355799991,0 
						</coordinates>
					</LineString>
				</MultiGeometry>
			</Placemark>
			<Placemark id="ID_40002">
				<Snippet maxLines="0"></Snippet>
				<description><![CDATA[<html xmlns:fo="http://www.w3.org/1999/XSL/Format" xmlns:msxsl="urn:schemas-microsoft-com:xslt">

<head>

<META http-equiv="Content-Type" content="text/html">

<meta http-equiv="content-type" content="text/html; charset=UTF-8">

</head>

<body style="margin:0px 0px 0px 0px;overflow:auto;background:#FFFFFF;">

<table style="font-family:Arial,Verdana,Times;font-size:12px;text-align:left;width:100%;border-collapse:collapse;padding:3px 3px 3px 3px">

<tr style="text-align:center;font-weight:bold;background:#9CBCE2">

<td></td>

</tr>

<tr>

<td>

<table style="font-family:Arial,Verdana,Times;font-size:12px;text-align:left;width:100%;border-spacing:0px; padding:3px 3px 3px 3px">

<tr>

<td>FID</td>

<td>2</td>

</tr>

<tr bgcolor="#D4E4F3">

<td>LINEA</td>

<td>L684</td>

</tr>

<tr>

<td>TIPO</td>

<td>LINEA ELECTRICA SUBTERRANEA</td>

</tr>

<tr bgcolor="#D4E4F3">

<td>RECORRIDO</td>

<td>SET CHILLON - SET NARANJAL</td>

</tr>

</table>

</td>

</tr>

</table>

</body>

</html>]]></description>
				<styleUrl>#LineStyle40</styleUrl>
				<MultiGeometry>
					<LineString>
						<tessellate>1</tessellate>
						<coordinates>
							-77.06656918199995,-11.96225206599996,0 -77.06941774000001,-11.96270759000001,0 -77.0707804729431,-11.96326662197557,0 
						</coordinates>
					</LineString>
				</MultiGeometry>
			</Placemark>
		</Folder>
	</Document>
	<Document id="LINEA_ELECTRICA_6555" xsi:schemaLocation="http://www.opengis.net/kml/2.2 http://schemas.opengis.net/kml/2.2.0/ogckml22.xsd http://www.google.com/kml/ext/2.2 http://code.google.com/apis/kml/schema/kml22gx.xsd">
		<name>LINEA ELECTRICA 6555</name>
		<open>1</open>
		<Snippet maxLines="0"></Snippet>
		<Style id="LineStyle2047">
			<LabelStyle>
				<color>00000000</color>
				<scale>0</scale>
			</LabelStyle>
			<LineStyle>
				<color>ff0000ff</color>
				<width>1.7</width>
			</LineStyle>
			<PolyStyle>
				<color>00000000</color>
				<outline>0</outline>
			</PolyStyle>
		</Style>
		<Style id="LineStyle3027">
			<LabelStyle>
				<color>00000000</color>
				<scale>0</scale>
			</LabelStyle>
			<LineStyle>
				<color>ffe65c00</color>
				<width>2</width>
			</LineStyle>
			<PolyStyle>
				<color>00000000</color>
				<outline>0</outline>
			</PolyStyle>
		</Style>
		<Folder id="FeatureLayer2">
			<name>LINEA_ELECTRICA_SUBTERRANEA_6555</name>
			<Snippet maxLines="0"></Snippet>
			<Placemark id="ID_20000">
				<Snippet maxLines="0"></Snippet>
				<description><![CDATA[<html xmlns:fo="http://www.w3.org/1999/XSL/Format" xmlns:msxsl="urn:schemas-microsoft-com:xslt">

<head>

<META http-equiv="Content-Type" content="text/html">

<meta http-equiv="content-type" content="text/html; charset=UTF-8">

</head>

<body style="margin:0px 0px 0px 0px;overflow:auto;background:#FFFFFF;">

<table style="font-family:Arial,Verdana,Times;font-size:12px;text-align:left;width:100%;border-collapse:collapse;padding:3px 3px 3px 3px">

<tr style="text-align:center;font-weight:bold;background:#9CBCE2">

<td></td>

</tr>

<tr>

<td>

<table style="font-family:Arial,Verdana,Times;font-size:12px;text-align:left;width:100%;border-spacing:0px; padding:3px 3px 3px 3px">

<tr>

<td>FID</td>

<td>0</td>

</tr>

<tr bgcolor="#D4E4F3">

<td>LINEA</td>

<td>L6555</td>

</tr>

<tr>

<td>TIPO</td>

<td>LINEA ELECTRICA SUBTERRANEA</td>

</tr>

<tr bgcolor="#D4E4F3">

<td>RECORRIDO</td>

<td>SET CHILLON - SET INFANTAS</td>

</tr>

</table>

</td>

</tr>

</table>

</body>

</html>]]></description>
				<styleUrl>#LineStyle2047</styleUrl>
				<MultiGeometry>
					<LineString>
						<tessellate>1</tessellate>
						<coordinates>
							-77.1128713806574,-11.9294380148748,0 -77.1129733857568,-11.92965142032054,0 -77.11342894000001,-11.93040642,0 -77.11348469000001,-11.9304666,0 -77.11477599999998,-11.93230855000001,0 -77.1163047,-11.93117938999997,0 -77.11700952999999,-11.93070124000001,0 -77.11746343999999,-11.93122939,0 -77.11702299999999,-11.93161399999996,0 
						</coordinates>
					</LineString>
				</MultiGeometry>
			</Placemark>
			<Placemark id="ID_20001">
				<Snippet maxLines="0"></Snippet>
				<description><![CDATA[<html xmlns:fo="http://www.w3.org/1999/XSL/Format" xmlns:msxsl="urn:schemas-microsoft-com:xslt">

<head>

<META http-equiv="Content-Type" content="text/html">

<meta http-equiv="content-type" content="text/html; charset=UTF-8">

</head>

<body style="margin:0px 0px 0px 0px;overflow:auto;background:#FFFFFF;">

<table style="font-family:Arial,Verdana,Times;font-size:12px;text-align:left;width:100%;border-collapse:collapse;padding:3px 3px 3px 3px">

<tr style="text-align:center;font-weight:bold;background:#9CBCE2">

<td></td>

</tr>

<tr>

<td>

<table style="font-family:Arial,Verdana,Times;font-size:12px;text-align:left;width:100%;border-spacing:0px; padding:3px 3px 3px 3px">

<tr>

<td>FID</td>

<td>1</td>

</tr>

<tr bgcolor="#D4E4F3">

<td>LINEA</td>

<td>L6555</td>

</tr>

<tr>

<td>TIPO</td>

<td>LINEA ELECTRICA SUBTERRANEA</td>

</tr>

<tr bgcolor="#D4E4F3">

<td>RECORRIDO</td>

<td>SET CHILLON - SET INFANTAS</td>

</tr>

</table>

</td>

</tr>

</table>

</body>

</html>]]></description>
				<styleUrl>#LineStyle2047</styleUrl>
				<MultiGeometry>
					<LineString>
						<tessellate>1</tessellate>
						<coordinates>
							-77.08548390799996,-11.94616024299996,0 -77.08550045991066,-11.94611692953061,0 -77.08593796999999,-11.94590738999998,0 -77.08625206000001,-11.94570084,0 -77.08738475,-11.94534583,0 -77.08758129,-11.94525595000001,0 -77.08774859,-11.94513080999997,0 -77.08927315,-11.9434593,0 -77.08943834999998,-11.94336394999998,0 -77.09169145,-11.94536587999997,0 -77.09342520672924,-11.94692598351897,0 -77.09388041458217,-11.9466411563228,0 
						</coordinates>
					</LineString>
				</MultiGeometry>
			</Placemark>
			<Placemark id="ID_20002">
				<Snippet maxLines="0"></Snippet>
				<description><![CDATA[<html xmlns:fo="http://www.w3.org/1999/XSL/Format" xmlns:msxsl="urn:schemas-microsoft-com:xslt">

<head>

<META http-equiv="Content-Type" content="text/html">

<meta http-equiv="content-type" content="text/html; charset=UTF-8">

</head>

<body style="margin:0px 0px 0px 0px;overflow:auto;background:#FFFFFF;">

<table style="font-family:Arial,Verdana,Times;font-size:12px;text-align:left;width:100%;border-collapse:collapse;padding:3px 3px 3px 3px">

<tr style="text-align:center;font-weight:bold;background:#9CBCE2">

<td></td>

</tr>

<tr>

<td>

<table style="font-family:Arial,Verdana,Times;font-size:12px;text-align:left;width:100%;border-spacing:0px; padding:3px 3px 3px 3px">

<tr>

<td>FID</td>

<td>2</td>

</tr>

<tr bgcolor="#D4E4F3">

<td>LINEA</td>

<td>L6555</td>

</tr>

<tr>

<td>TIPO</td>

<td>LINEA ELECTRICA SUBTERRANEA</td>

</tr>

<tr bgcolor="#D4E4F3">

<td>RECORRIDO</td>

<td>SET CHILLON - SET INFANTAS</td>

</tr>

</table>

</td>

</tr>

</table>

</body>

</html>]]></description>
				<styleUrl>#LineStyle2047</styleUrl>
				<MultiGeometry>
					<LineString>
						<tessellate>1</tessellate>
						<coordinates>
							-77.06601185299996,-11.94566238999994,0 -77.06660156999999,-11.94546354,0 -77.06671894999998,-11.94487098999999,0 -77.06677762,-11.94481633000001,0 -77.07012123209779,-11.94544590565483,0 -77.07033802244851,-11.94530558162691,0 
						</coordinates>
					</LineString>
				</MultiGeometry>
			</Placemark>
		</Folder>
		<Folder id="FeatureLayer3">
			<name>LINEA ELECTRICA AEREA 6555</name>
			<open>1</open>
			<Snippet maxLines="0"></Snippet>
			<Placemark id="ID_30000">
				<name>L6555</name>
				<Snippet maxLines="0"></Snippet>
				<description><![CDATA[<html xmlns:fo="http://www.w3.org/1999/XSL/Format" xmlns:msxsl="urn:schemas-microsoft-com:xslt">

<head>

<META http-equiv="Content-Type" content="text/html">

<meta http-equiv="content-type" content="text/html; charset=UTF-8">

</head>

<body style="margin:0px 0px 0px 0px;overflow:auto;background:#FFFFFF;">

<table style="font-family:Arial,Verdana,Times;font-size:12px;text-align:left;width:100%;border-collapse:collapse;padding:3px 3px 3px 3px">

<tr style="text-align:center;font-weight:bold;background:#9CBCE2">

<td>L6555</td>

</tr>

<tr>

<td>

<table style="font-family:Arial,Verdana,Times;font-size:12px;text-align:left;width:100%;border-spacing:0px; padding:3px 3px 3px 3px">

<tr>

<td>FID</td>

<td>0</td>

</tr>

<tr bgcolor="#D4E4F3">

<td>LINEA</td>

<td>L6555</td>

</tr>

<tr>

<td>TIPO</td>

<td>LINEA ELECTRICA AEREA</td>

</tr>

<tr bgcolor="#D4E4F3">

<td>RECORRIDO</td>

<td>SET CHILLON - SET INFANTAS</td>

</tr>

</table>

</td>

</tr>

</table>

</body>

</html>]]></description>
				<styleUrl>#LineStyle3027</styleUrl>
				<MultiGeometry>
					<LineString>
						<tessellate>1</tessellate>
						<coordinates>
							-77.0938804145822,-11.9466411563228,0 -77.09467421498709,-11.9454936786365,0 -77.0949773968434,-11.9451191024184,0 -77.09699500429571,-11.94433011335719,0 -77.0979106545839,-11.94328698479731,0 -77.10223979867099,-11.93802792909941,0 -77.10415834961449,-11.9356256165545,0 -77.1049485448122,-11.93285313960909,0 -77.10661577910589,-11.92700335231289,0 -77.1118740608803,-11.92750232701829,0 -77.11253335464311,-11.9283365094493,0 -77.1128713806574,-11.9294380148748,0 
						</coordinates>
					</LineString>
				</MultiGeometry>
			</Placemark>
			<Placemark id="ID_30001">
				<name>L6555</name>
				<Snippet maxLines="0"></Snippet>
				<description><![CDATA[<html xmlns:fo="http://www.w3.org/1999/XSL/Format" xmlns:msxsl="urn:schemas-microsoft-com:xslt">

<head>

<META http-equiv="Content-Type" content="text/html">

<meta http-equiv="content-type" content="text/html; charset=UTF-8">

</head>

<body style="margin:0px 0px 0px 0px;overflow:auto;background:#FFFFFF;">

<table style="font-family:Arial,Verdana,Times;font-size:12px;text-align:left;width:100%;border-collapse:collapse;padding:3px 3px 3px 3px">

<tr style="text-align:center;font-weight:bold;background:#9CBCE2">

<td>L6555</td>

</tr>

<tr>

<td>

<table style="font-family:Arial,Verdana,Times;font-size:12px;text-align:left;width:100%;border-spacing:0px; padding:3px 3px 3px 3px">

<tr>

<td>FID</td>

<td>1</td>

</tr>

<tr bgcolor="#D4E4F3">

<td>LINEA</td>

<td>L6555</td>

</tr>

<tr>

<td>TIPO</td>

<td>LINEA ELECTRICA AEREA</td>

</tr>

<tr bgcolor="#D4E4F3">

<td>RECORRIDO</td>

<td>SET CHILLON - SET INFANTAS</td>

</tr>

</table>

</td>

</tr>

</table>

</body>

</html>]]></description>
				<styleUrl>#LineStyle3027</styleUrl>
				<MultiGeometry>
					<LineString>
						<tessellate>1</tessellate>
						<coordinates>
							-77.0656,-11.945548,0 -77.06601185299996,-11.94566238999994,0 
						</coordinates>
					</LineString>
				</MultiGeometry>
			</Placemark>
			<Placemark id="ID_30002">
				<name>L6555</name>
				<Snippet maxLines="0"></Snippet>
				<description><![CDATA[<html xmlns:fo="http://www.w3.org/1999/XSL/Format" xmlns:msxsl="urn:schemas-microsoft-com:xslt">

<head>

<META http-equiv="Content-Type" content="text/html">

<meta http-equiv="content-type" content="text/html; charset=UTF-8">

</head>

<body style="margin:0px 0px 0px 0px;overflow:auto;background:#FFFFFF;">

<table style="font-family:Arial,Verdana,Times;font-size:12px;text-align:left;width:100%;border-collapse:collapse;padding:3px 3px 3px 3px">

<tr style="text-align:center;font-weight:bold;background:#9CBCE2">

<td>L6555</td>

</tr>

<tr>

<td>

<table style="font-family:Arial,Verdana,Times;font-size:12px;text-align:left;width:100%;border-spacing:0px; padding:3px 3px 3px 3px">

<tr>

<td>FID</td>

<td>2</td>

</tr>

<tr bgcolor="#D4E4F3">

<td>LINEA</td>

<td>L6555</td>

</tr>

<tr>

<td>TIPO</td>

<td>LINEA ELECTRICA AEREA</td>

</tr>

<tr bgcolor="#D4E4F3">

<td>RECORRIDO</td>

<td>SET CHILLON - SET INFANTAS</td>

</tr>

</table>

</td>

</tr>

</table>

</body>

</html>]]></description>
				<styleUrl>#LineStyle3027</styleUrl>
				<MultiGeometry>
					<LineString>
						<tessellate>1</tessellate>
						<coordinates>
							-77.0703380224485,-11.94530558162691,0 -77.07183393599996,-11.94601719499996,0 -77.07363742699994,-11.94660039799994,0 -77.07519255699998,-11.94711311899993,0 -77.07672912799995,-11.94759885299992,0 -77.07727113299995,-11.94765811199994,0 -77.07893765499995,-11.94833266899997,0 -77.08076891099995,-11.94894272899995,0 -77.08229645799997,-11.94944657299993,0 -77.08405395299997,-11.95001196599998,0 -77.08482424599998,-11.94991587099998,0 -77.08535403099995,-11.94957753599994,0 -77.08554110199998,-11.94883503899995,0 -77.08573974799998,-11.94720674099995,0 -77.08548390799996,-11.94616024299996,0 
						</coordinates>
					</LineString>
				</MultiGeometry>
			</Placemark>
		</Folder>
	</Document>
	<Document id="LINEA_ELECTRICA_6363" xsi:schemaLocation="http://www.opengis.net/kml/2.2 http://schemas.opengis.net/kml/2.2.0/ogckml22.xsd http://www.google.com/kml/ext/2.2 http://code.google.com/apis/kml/schema/kml22gx.xsd">
		<name>LINEA ELECTRICA 6363</name>
		<open>1</open>
		<Snippet maxLines="0"></Snippet>
		<Style id="LineStyle2048">
			<LabelStyle>
				<color>00000000</color>
				<scale>0</scale>
			</LabelStyle>
			<LineStyle>
				<color>ff0000e6</color>
				<width>1.7</width>
			</LineStyle>
			<PolyStyle>
				<color>00000000</color>
				<outline>0</outline>
			</PolyStyle>
		</Style>
		<Style id="LineStyle3028">
			<LabelStyle>
				<color>00000000</color>
				<scale>0</scale>
			</LabelStyle>
			<LineStyle>
				<color>ffe65c00</color>
				<width>2</width>
			</LineStyle>
			<PolyStyle>
				<color>00000000</color>
				<outline>0</outline>
			</PolyStyle>
		</Style>
		<Folder id="FeatureLayer2">
			<name>LINEA_ELECTRICA_SUBTERRANEA_6363</name>
			<Snippet maxLines="0"></Snippet>
			<Placemark id="ID_20000">
				<Snippet maxLines="0"></Snippet>
				<description><![CDATA[<html xmlns:fo="http://www.w3.org/1999/XSL/Format" xmlns:msxsl="urn:schemas-microsoft-com:xslt">

<head>

<META http-equiv="Content-Type" content="text/html">

<meta http-equiv="content-type" content="text/html; charset=UTF-8">

</head>

<body style="margin:0px 0px 0px 0px;overflow:auto;background:#FFFFFF;">

<table style="font-family:Arial,Verdana,Times;font-size:12px;text-align:left;width:100%;border-collapse:collapse;padding:3px 3px 3px 3px">

<tr style="text-align:center;font-weight:bold;background:#9CBCE2">

<td></td>

</tr>

<tr>

<td>

<table style="font-family:Arial,Verdana,Times;font-size:12px;text-align:left;width:100%;border-spacing:0px; padding:3px 3px 3px 3px">

<tr>

<td>FID</td>

<td>0</td>

</tr>

<tr bgcolor="#D4E4F3">

<td>LINEA</td>

<td>L6363</td>

</tr>

<tr>

<td>TIPO</td>

<td>LINEA ELECTRICA SUBTERRANEA</td>

</tr>

<tr bgcolor="#D4E4F3">

<td>RECORRIDO</td>

<td>SET FILADELFIA - SET T-VALLE</td>

</tr>

</table>

</td>

</tr>

</table>

</body>

</html>]]></description>
				<styleUrl>#LineStyle2048</styleUrl>
				<MultiGeometry>
					<LineString>
						<tessellate>1</tessellate>
						<coordinates>
							-77.09708969699994,-12.01443599299995,0 -77.09693556978443,-12.01436413322783,0 -77.10040605,-12.00736902,0 -77.10048551,-12.00716268,0 -77.09921982,-12.00655785999999,0 -77.09907963000001,-12.00626194000001,0 -77.09904154,-12.00614455000001,0 -77.09905800999999,-12.00601861999999,0 -77.09931064,-12.00554188999999,0 -77.10026667,-12.00364122999999,0 -77.10028258,-12.0035022,0 -77.10033403,-12.00335387,0 -77.10044983,-12.00312685999999,0 -77.10056333999999,-12.00305011000001,0 -77.10126111,-12.00148017,0 -77.10186364,-12.00019322,0 -77.1021552,-11.99967472,0 -77.1024915,-11.99913714000001,0 -77.10263304,-11.99880972999999,0 -77.10284172999999,-11.99839498,0 -77.10371481,-11.99658076,0 -77.10392702,-11.9961398,0 -77.10400489,-11.99598099000001,0 -77.10405403999999,-11.99590565,0 -77.10415835000001,-11.99578080000001,0 -77.10446469999999,-11.99547118,0 -77.10476435,-11.99516747,0 -77.10479638,-11.99511925000001,0 -77.10482657,-11.99505148,0 -77.10484224,-11.99500651,0 -77.10485408,-11.99496041,0 -77.10486202,-11.99491351,0 -77.10486607,-11.99486519000001,0 -77.10487329999999,-11.99469130999999,0 -77.10487313,-11.99453813,0 -77.10488923,-11.99438249,0 -77.10492143,-11.99422929,0 -77.10494314,-11.99416176000001,0 -77.10496938999999,-11.99408014000001,0 -77.10503211,-11.99393775,0 -77.10601595999999,-11.99179632999999,0 -77.10610366,-11.99171759,0 -77.10623277000001,-11.99147423,0 -77.10671299000001,-11.99096695,0 -77.10689313,-11.99045907,0 -77.10622901000001,-11.98975274,0 -77.10558431,-11.98918767000001,0 -77.10502508299999,-11.98880847699997,0 
						</coordinates>
					</LineString>
				</MultiGeometry>
			</Placemark>
		</Folder>
		<Folder id="FeatureLayer3">
			<name>LINEA ELECTRICA AEREA_6363</name>
			<open>1</open>
			<Snippet maxLines="0"></Snippet>
			<Placemark id="ID_30000">
				<name>L6363</name>
				<Snippet maxLines="0"></Snippet>
				<description><![CDATA[<html xmlns:fo="http://www.w3.org/1999/XSL/Format" xmlns:msxsl="urn:schemas-microsoft-com:xslt">

<head>

<META http-equiv="Content-Type" content="text/html">

<meta http-equiv="content-type" content="text/html; charset=UTF-8">

</head>

<body style="margin:0px 0px 0px 0px;overflow:auto;background:#FFFFFF;">

<table style="font-family:Arial,Verdana,Times;font-size:12px;text-align:left;width:100%;border-collapse:collapse;padding:3px 3px 3px 3px">

<tr style="text-align:center;font-weight:bold;background:#9CBCE2">

<td>L6363</td>

</tr>

<tr>

<td>

<table style="font-family:Arial,Verdana,Times;font-size:12px;text-align:left;width:100%;border-spacing:0px; padding:3px 3px 3px 3px">

<tr>

<td>FID</td>

<td>0</td>

</tr>

<tr bgcolor="#D4E4F3">

<td>Id</td>

<td>0</td>

</tr>

<tr>

<td>LINEA</td>

<td>L6363</td>

</tr>

<tr bgcolor="#D4E4F3">

<td>TIPO</td>

<td>LINEA ELECTRICA AEREA</td>

</tr>

<tr>

<td>RECORRIDO</td>

<td>SET FILADELFIA - SET T-VALLE</td>

</tr>

</table>

</td>

</tr>

</table>

</body>

</html>]]></description>
				<styleUrl>#LineStyle3028</styleUrl>
				<MultiGeometry>
					<LineString>
						<tessellate>1</tessellate>
						<coordinates>
							-77.0967318721587,-11.98200407488341,0 -77.09689294599997,-11.98186517099999,0 -77.09797237899994,-11.98256204099994,0 -77.09922032999998,-11.98368242099996,0 -77.10061614099999,-11.98492821399998,0 -77.10202128499998,-11.98619200299993,0 -77.10309352799999,-11.98714195999997,0 -77.10418441699994,-11.98812792299998,0 -77.10502508299999,-11.98880847699997,0 
						</coordinates>
					</LineString>
				</MultiGeometry>
			</Placemark>
		</Folder>
	</Document>
	<Document id="LINEA_ELECTRICA_6361" xsi:schemaLocation="http://www.opengis.net/kml/2.2 http://schemas.opengis.net/kml/2.2.0/ogckml22.xsd http://www.google.com/kml/ext/2.2 http://code.google.com/apis/kml/schema/kml22gx.xsd">
		<name>LINEA ELECTRICA 6361</name>
		<open>1</open>
		<Snippet maxLines="0"></Snippet>
		<Style id="LineStyle2049">
			<LabelStyle>
				<color>00000000</color>
				<scale>0</scale>
			</LabelStyle>
			<LineStyle>
				<color>ff0000ff</color>
				<width>1.7</width>
			</LineStyle>
			<PolyStyle>
				<color>00000000</color>
				<outline>0</outline>
			</PolyStyle>
		</Style>
		<Style id="LineStyle3029">
			<LabelStyle>
				<color>00000000</color>
				<scale>0</scale>
			</LabelStyle>
			<LineStyle>
				<color>ffe65c00</color>
				<width>2</width>
			</LineStyle>
			<PolyStyle>
				<color>00000000</color>
				<outline>0</outline>
			</PolyStyle>
		</Style>
		<Folder id="FeatureLayer2">
			<name>LINEA_ELECTRICA_SUBTERRANEA_6361</name>
			<Snippet maxLines="0"></Snippet>
			<Placemark id="ID_20000">
				<Snippet maxLines="0"></Snippet>
				<description><![CDATA[<html xmlns:fo="http://www.w3.org/1999/XSL/Format" xmlns:msxsl="urn:schemas-microsoft-com:xslt">

<head>

<META http-equiv="Content-Type" content="text/html">

<meta http-equiv="content-type" content="text/html; charset=UTF-8">

</head>

<body style="margin:0px 0px 0px 0px;overflow:auto;background:#FFFFFF;">

<table style="font-family:Arial,Verdana,Times;font-size:12px;text-align:left;width:100%;border-collapse:collapse;padding:3px 3px 3px 3px">

<tr style="text-align:center;font-weight:bold;background:#9CBCE2">

<td></td>

</tr>

<tr>

<td>

<table style="font-family:Arial,Verdana,Times;font-size:12px;text-align:left;width:100%;border-spacing:0px; padding:3px 3px 3px 3px">

<tr>

<td>FID</td>

<td>0</td>

</tr>

<tr bgcolor="#D4E4F3">

<td>LINEA</td>

<td>L6361</td>

</tr>

<tr>

<td>TIPO</td>

<td>LINEA ELECTRICA SUBTERRANEA</td>

</tr>

<tr bgcolor="#D4E4F3">

<td>RECORRIDO</td>

<td>SET CHAVARRIA - SET FILADELFIA</td>

</tr>

</table>

</td>

</tr>

</table>

</body>

</html>]]></description>
				<styleUrl>#LineStyle2049</styleUrl>
				<MultiGeometry>
					<LineString>
						<tessellate>1</tessellate>
						<coordinates>
							-77.06950388840841,-11.98404659768231,0 -77.0696811278786,-11.98400493845307,0 -77.0715348775893,-11.98384067756392,0 -77.07143941,-11.98383447,0 -77.07151301,-11.983828,0 -77.07156001,-11.9838319,0 -77.07321233,-11.98367442,0 -77.07325783,-11.98366100000001,0 -77.07329906,-11.983656,0 -77.07334353,-11.98366239999999,0 -77.07386285,-11.98361436000001,0 -77.0739033,-11.98359907,0 -77.07394569,-11.98359577,0 -77.07397109,-11.98360399,0 -77.07408463,-11.98359174,0 -77.07450691,-11.983557,0 -77.07453454,-11.98354135,0 -77.07458869,-11.98353535,0 -77.07462891,-11.98354009000001,0 -77.07492383,-11.98351082,0 -77.07496179,-11.98349996,0 -77.07525031999999,-11.98347117,0 -77.07530147,-11.98347892,0 -77.07571959000001,-11.98343937999999,0 -77.07579140999999,-11.98341616000001,0 -77.07591370999999,-11.98340424000001,0 -77.07598148,-11.98341367,0 -77.07774363,-11.98325115,0 -77.07784959,-11.98325624,0 -77.07805690000001,-11.98323542,0 -77.07873685,-11.98317337999999,0 -77.07889607,-11.98316369999999,0 -77.07918776,-11.98318824999999,0 -77.07965891000001,-11.98313394,0 -77.08013185999999,-11.98308075,0 -77.08017455,-11.9830644,0 -77.08249338,-11.98284170999999,0 -77.08329696,-11.9827656,0 -77.08563755,-11.98253964999999,0 -77.08604559,-11.98252599000001,0 -77.08651614999999,-11.98256353,0 -77.087895,-11.98243973999999,0 -77.08849366,-11.98238141000001,0 -77.08879324999999,-11.9823536,0 -77.09045986,-11.98219322000001,0 -77.09068185,-11.98217106,0 -77.09166689,-11.9820776,0 -77.09174245,-11.98206447,0 -77.09255244000001,-11.98198564999999,0 -77.09448255,-11.98179943,0 -77.09467735,-11.98180340000001,0 -77.09628157,-11.98163639,0 -77.09671281999999,-11.98189108999999,0 -77.09681432089015,-11.98195119328239,0 -77.0967652485986,-11.9820069448084,0 
						</coordinates>
					</LineString>
				</MultiGeometry>
			</Placemark>
		</Folder>
		<Folder id="FeatureLayer3">
			<name>LINEA ELECTRICA AEREA_6361</name>
			<open>1</open>
			<Snippet maxLines="0"></Snippet>
			<Placemark id="ID_30000">
				<name>L6361</name>
				<Snippet maxLines="0"></Snippet>
				<description><![CDATA[<html xmlns:fo="http://www.w3.org/1999/XSL/Format" xmlns:msxsl="urn:schemas-microsoft-com:xslt">

<head>

<META http-equiv="Content-Type" content="text/html">

<meta http-equiv="content-type" content="text/html; charset=UTF-8">

</head>

<body style="margin:0px 0px 0px 0px;overflow:auto;background:#FFFFFF;">

<table style="font-family:Arial,Verdana,Times;font-size:12px;text-align:left;width:100%;border-collapse:collapse;padding:3px 3px 3px 3px">

<tr style="text-align:center;font-weight:bold;background:#9CBCE2">

<td>L6361</td>

</tr>

<tr>

<td>

<table style="font-family:Arial,Verdana,Times;font-size:12px;text-align:left;width:100%;border-spacing:0px; padding:3px 3px 3px 3px">

<tr>

<td>FID</td>

<td>0</td>

</tr>

<tr bgcolor="#D4E4F3">

<td>LINEA</td>

<td>L6361</td>

</tr>

<tr>

<td>TIPO</td>

<td>LINEA ELECTRICA AEREA</td>

</tr>

<tr bgcolor="#D4E4F3">

<td>RECORRIDO</td>

<td>SET CHAVARRIA - SET FILADELFIA</td>

</tr>

</table>

</td>

</tr>

</table>

</body>

</html>]]></description>
				<styleUrl>#LineStyle3029</styleUrl>
				<MultiGeometry>
					<LineString>
						<tessellate>1</tessellate>
						<coordinates>
							-77.06950388840841,-11.98404659768231,0 -77.06801186099995,-11.98416758999996,0 -77.06632383899995,-11.98431561499996,0 -77.06491467899997,-11.98371142099994,0 -77.06468810299998,-11.98530377899994,0 -77.06446070099997,-11.98678768599996,0 -77.06422446199997,-11.98831684899994,0 -77.06401163799995,-11.98930355899995,0 -77.06389322299998,-11.99063301699994,0 -77.06381596399996,-11.99133854999997,0 -77.06355080799995,-11.99268716599994,0 -77.06327106899994,-11.99453297999997,0 -77.06299043599995,-11.99626130599996,0 -77.06402520499995,-11.99712132399998,0 -77.06432911099995,-11.99724561399995,0 -77.06473406699996,-11.99737819699993,0 -77.0653337658381,-11.9985464468876,0 -77.06599461872641,-11.9984096634761,0 -77.0660070013755,-11.99826367305281,0 
						</coordinates>
					</LineString>
				</MultiGeometry>
			</Placemark>
		</Folder>
	</Document>
	<Document id="LINEA_ELECTRICA_6350" xsi:schemaLocation="http://www.opengis.net/kml/2.2 http://schemas.opengis.net/kml/2.2.0/ogckml22.xsd http://www.google.com/kml/ext/2.2 http://code.google.com/apis/kml/schema/kml22gx.xsd">
		<name>LINEA ELECTRICA 6350</name>
		<open>1</open>
		<Snippet maxLines="0"></Snippet>
		<Style id="LineStyle2050">
			<LabelStyle>
				<color>00000000</color>
				<scale>0</scale>
			</LabelStyle>
			<LineStyle>
				<color>ffe65c00</color>
				<width>2</width>
			</LineStyle>
			<PolyStyle>
				<color>00000000</color>
				<outline>0</outline>
			</PolyStyle>
		</Style>
		<Style id="LineStyle3030">
			<LabelStyle>
				<color>00000000</color>
				<scale>0</scale>
			</LabelStyle>
			<LineStyle>
				<color>ff0000ff</color>
				<width>1.7</width>
			</LineStyle>
			<PolyStyle>
				<color>00000000</color>
				<outline>0</outline>
			</PolyStyle>
		</Style>
		<Folder id="FeatureLayer2">
			<name>LINEA ELECTRICA AEREA 6350</name>
			<open>1</open>
			<Snippet maxLines="0"></Snippet>
			<Placemark id="ID_20000">
				<name>L6350</name>
				<Snippet maxLines="0"></Snippet>
				<description><![CDATA[<html xmlns:fo="http://www.w3.org/1999/XSL/Format" xmlns:msxsl="urn:schemas-microsoft-com:xslt">

<head>

<META http-equiv="Content-Type" content="text/html">

<meta http-equiv="content-type" content="text/html; charset=UTF-8">

</head>

<body style="margin:0px 0px 0px 0px;overflow:auto;background:#FFFFFF;">

<table style="font-family:Arial,Verdana,Times;font-size:12px;text-align:left;width:100%;border-collapse:collapse;padding:3px 3px 3px 3px">

<tr style="text-align:center;font-weight:bold;background:#9CBCE2">

<td>L6350</td>

</tr>

<tr>

<td>

<table style="font-family:Arial,Verdana,Times;font-size:12px;text-align:left;width:100%;border-spacing:0px; padding:3px 3px 3px 3px">

<tr>

<td>FID</td>

<td>0</td>

</tr>

<tr bgcolor="#D4E4F3">

<td>LINEA</td>

<td>L6350</td>

</tr>

<tr>

<td>TIPO</td>

<td>LINEA ELECTRICA AEREA</td>

</tr>

<tr bgcolor="#D4E4F3">

<td>RECORRIDO</td>

<td>SET COMAS - SET HUARANGAL</td>

</tr>

</table>

</td>

</tr>

</table>

</body>

</html>]]></description>
				<styleUrl>#LineStyle2050</styleUrl>
				<MultiGeometry>
					<LineString>
						<tessellate>1</tessellate>
						<coordinates>
							-77.03026731797431,-11.86894231176459,0 -77.0300276899265,-11.8697601223243,0 -77.0296993235245,-11.8705245755821,0 -77.02921563809019,-11.8714558328447,0 -77.0286779156441,-11.87247854696099,0 -77.02920971965059,-11.87288925931,0 -77.029721093498,-11.8734790833052,0 -77.0304559066054,-11.8743222331817,0 -77.031180109933,-11.8751571143699,0 -77.0318311297207,-11.87590604146711,0 -77.03214884399995,-11.87629705899998,0 -77.03148805714019,-11.8768677806317,0 -77.0308549684767,-11.8773984202517,0 -77.03010595699999,-11.87801093299993,0 -77.03069494085661,-11.87865742125531,0 -77.0312803636068,-11.8793158682326,0 -77.0319221322361,-11.88008284593379,0 -77.03236460799997,-11.88064289199997,0 -77.032860991455,-11.8816271485429,0 -77.0332840401706,-11.88248947631579,0 -77.03380128973509,-11.8834761863242,0 -77.03429637919869,-11.8844206290345,0 -77.03472662687879,-11.8852377102083,0 -77.0352338301082,-11.88620096175321,0 -77.0357373603815,-11.88715721557321,0 -77.03623746499994,-11.88808055199996,0 -77.03668901208979,-11.88896114498549,0 -77.0371131562203,-11.88976364029971,0 -77.0375394351237,-11.8905702224725,0 -77.0379652697588,-11.8913759210327,0 -77.0383916816489,-11.89188659896911,0 -77.0391414530571,-11.8927420508611,0 -77.039584080118,-11.893247068688,0 -77.04040800973191,-11.89369979023689,0 -77.0414510676345,-11.89409722780739,0 -77.04248282456081,-11.894748344621,0 -77.0429130844886,-11.8954173612643,0 -77.04327122399997,-11.89601042199997,0 -77.0433676335676,-11.89664723547199,0 -77.04349477799997,-11.89768086099997,0 -77.0432565890365,-11.898451269453,0 -77.0430561189125,-11.89905347884781,0 -77.04271845699998,-11.89941277299994,0 -77.04315213599995,-11.89972596699994,0 -77.04383443155839,-11.9004603945151,0 -77.04447416902811,-11.901153511437,0 -77.04525246399999,-11.90200643199995,0 
						</coordinates>
					</LineString>
				</MultiGeometry>
			</Placemark>
			<Placemark id="ID_20001">
				<name>L6350</name>
				<Snippet maxLines="0"></Snippet>
				<description><![CDATA[<html xmlns:fo="http://www.w3.org/1999/XSL/Format" xmlns:msxsl="urn:schemas-microsoft-com:xslt">

<head>

<META http-equiv="Content-Type" content="text/html">

<meta http-equiv="content-type" content="text/html; charset=UTF-8">

</head>

<body style="margin:0px 0px 0px 0px;overflow:auto;background:#FFFFFF;">

<table style="font-family:Arial,Verdana,Times;font-size:12px;text-align:left;width:100%;border-collapse:collapse;padding:3px 3px 3px 3px">

<tr style="text-align:center;font-weight:bold;background:#9CBCE2">

<td>L6350</td>

</tr>

<tr>

<td>

<table style="font-family:Arial,Verdana,Times;font-size:12px;text-align:left;width:100%;border-spacing:0px; padding:3px 3px 3px 3px">

<tr>

<td>FID</td>

<td>1</td>

</tr>

<tr bgcolor="#D4E4F3">

<td>LINEA</td>

<td>L6350</td>

</tr>

<tr>

<td>TIPO</td>

<td>LINEA ELECTRICA AEREA</td>

</tr>

<tr bgcolor="#D4E4F3">

<td>RECORRIDO</td>

<td>SET COMAS - SET HUARANGAL</td>

</tr>

</table>

</td>

</tr>

</table>

</body>

</html>]]></description>
				<styleUrl>#LineStyle2050</styleUrl>
				<MultiGeometry>
					<LineString>
						<tessellate>1</tessellate>
						<coordinates>
							-77.03696028299998,-11.85443514399998,0 -77.03625009299998,-11.85518138799995,0 -77.03527494799994,-11.85608318599998,0 -77.03462703499997,-11.85656687099992,0 -77.03394878199998,-11.85667116699995,0 
						</coordinates>
					</LineString>
				</MultiGeometry>
			</Placemark>
			<Placemark id="ID_20002">
				<name>L6350</name>
				<Snippet maxLines="0"></Snippet>
				<description><![CDATA[<html xmlns:fo="http://www.w3.org/1999/XSL/Format" xmlns:msxsl="urn:schemas-microsoft-com:xslt">

<head>

<META http-equiv="Content-Type" content="text/html">

<meta http-equiv="content-type" content="text/html; charset=UTF-8">

</head>

<body style="margin:0px 0px 0px 0px;overflow:auto;background:#FFFFFF;">

<table style="font-family:Arial,Verdana,Times;font-size:12px;text-align:left;width:100%;border-collapse:collapse;padding:3px 3px 3px 3px">

<tr style="text-align:center;font-weight:bold;background:#9CBCE2">

<td>L6350</td>

</tr>

<tr>

<td>

<table style="font-family:Arial,Verdana,Times;font-size:12px;text-align:left;width:100%;border-spacing:0px; padding:3px 3px 3px 3px">

<tr>

<td>FID</td>

<td>2</td>

</tr>

<tr bgcolor="#D4E4F3">

<td>LINEA</td>

<td>L6350</td>

</tr>

<tr>

<td>TIPO</td>

<td>LINEA ELECTRICA AEREA</td>

</tr>

<tr bgcolor="#D4E4F3">

<td>RECORRIDO</td>

<td>SET COMAS - SET HUARANGAL</td>

</tr>

</table>

</td>

</tr>

</table>

</body>

</html>]]></description>
				<styleUrl>#LineStyle2050</styleUrl>
				<MultiGeometry>
					<LineString>
						<tessellate>1</tessellate>
						<coordinates>
							-77.03175115599998,-11.86225450699994,0 -77.0313445172817,-11.86390514871199,0 -77.0309753800273,-11.86551630778749,0 
						</coordinates>
					</LineString>
				</MultiGeometry>
			</Placemark>
			<Placemark id="ID_20003">
				<name>L6350</name>
				<Snippet maxLines="0"></Snippet>
				<description><![CDATA[<html xmlns:fo="http://www.w3.org/1999/XSL/Format" xmlns:msxsl="urn:schemas-microsoft-com:xslt">

<head>

<META http-equiv="Content-Type" content="text/html">

<meta http-equiv="content-type" content="text/html; charset=UTF-8">

</head>

<body style="margin:0px 0px 0px 0px;overflow:auto;background:#FFFFFF;">

<table style="font-family:Arial,Verdana,Times;font-size:12px;text-align:left;width:100%;border-collapse:collapse;padding:3px 3px 3px 3px">

<tr style="text-align:center;font-weight:bold;background:#9CBCE2">

<td>L6350</td>

</tr>

<tr>

<td>

<table style="font-family:Arial,Verdana,Times;font-size:12px;text-align:left;width:100%;border-spacing:0px; padding:3px 3px 3px 3px">

<tr>

<td>FID</td>

<td>3</td>

</tr>

<tr bgcolor="#D4E4F3">

<td>LINEA</td>

<td>L6350</td>

</tr>

<tr>

<td>TIPO</td>

<td>LINEA ELECTRICA AEREA</td>

</tr>

<tr bgcolor="#D4E4F3">

<td>RECORRIDO</td>

<td>SET COMAS - SET HUARANGAL</td>

</tr>

</table>

</td>

</tr>

</table>

</body>

</html>]]></description>
				<styleUrl>#LineStyle2050</styleUrl>
				<MultiGeometry>
					<LineString>
						<tessellate>1</tessellate>
						<coordinates>
							-77.05214298713641,-11.9095720351993,0 -77.052736662416,-11.910012684148,0 -77.05351233299996,-11.91057778299995,0 -77.05405098375201,-11.9109953630101,0 -77.05426373999001,-11.9113722820749,0 -77.0548130467696,-11.91234610747371,0 -77.0553002136036,-11.91321728703859,0 -77.0558312011219,-11.91416681289289,0 -77.0564485071651,-11.9152707009383,0 -77.05704077899998,-11.91601104499994,0 -77.05806483399994,-11.91549743199994,0 
						</coordinates>
					</LineString>
				</MultiGeometry>
			</Placemark>
		</Folder>
		<Folder id="FeatureLayer3">
			<name>LINEA_ELECTRICA_SUBTERRANEA_6350</name>
			<Snippet maxLines="0"></Snippet>
			<Placemark id="ID_30000">
				<Snippet maxLines="0"></Snippet>
				<description><![CDATA[<html xmlns:fo="http://www.w3.org/1999/XSL/Format" xmlns:msxsl="urn:schemas-microsoft-com:xslt">

<head>

<META http-equiv="Content-Type" content="text/html">

<meta http-equiv="content-type" content="text/html; charset=UTF-8">

</head>

<body style="margin:0px 0px 0px 0px;overflow:auto;background:#FFFFFF;">

<table style="font-family:Arial,Verdana,Times;font-size:12px;text-align:left;width:100%;border-collapse:collapse;padding:3px 3px 3px 3px">

<tr style="text-align:center;font-weight:bold;background:#9CBCE2">

<td></td>

</tr>

<tr>

<td>

<table style="font-family:Arial,Verdana,Times;font-size:12px;text-align:left;width:100%;border-spacing:0px; padding:3px 3px 3px 3px">

<tr>

<td>FID</td>

<td>0</td>

</tr>

<tr bgcolor="#D4E4F3">

<td>LINEA</td>

<td>L6350</td>

</tr>

<tr>

<td>TIPO</td>

<td>LINEA ELECTRICA SUBTERRANEA</td>

</tr>

<tr bgcolor="#D4E4F3">

<td>RECORRIDO</td>

<td>SET COMAS - SET HUARANGAL</td>

</tr>

</table>

</td>

</tr>

</table>

</body>

</html>]]></description>
				<styleUrl>#LineStyle3030</styleUrl>
				<MultiGeometry>
					<LineString>
						<tessellate>1</tessellate>
						<coordinates>
							-77.05806483399994,-11.91549743199994,0 -77.05805991961856,-11.91547370609685,0 -77.05810889999999,-11.91536113,0 -77.05816475,-11.91521855999999,0 -77.05820939,-11.91513223,0 -77.05827384,-11.91505642999999,0 -77.05835043,-11.91499905,0 -77.05852532,-11.91487949,0 -77.05864074654838,-11.91481723219427,0 -77.05883870165798,-11.91516069528437,0 -77.05904264999999,-11.91504834,0 -77.05936912,-11.91482832000001,0 -77.05967069,-11.91465109999999,0 -77.05980751,-11.91456856000001,0 -77.05994518999999,-11.91449270999999,0 -77.06105902,-11.91380143,0 -77.06120610000001,-11.91371445,0 -77.06154098,-11.91350927000001,0 -77.06204410947468,-11.91318963783675,0 -77.0621803132164,-11.91335923105169,0 
						</coordinates>
					</LineString>
				</MultiGeometry>
			</Placemark>
			<Placemark id="ID_30001">
				<Snippet maxLines="0"></Snippet>
				<description><![CDATA[<html xmlns:fo="http://www.w3.org/1999/XSL/Format" xmlns:msxsl="urn:schemas-microsoft-com:xslt">

<head>

<META http-equiv="Content-Type" content="text/html">

<meta http-equiv="content-type" content="text/html; charset=UTF-8">

</head>

<body style="margin:0px 0px 0px 0px;overflow:auto;background:#FFFFFF;">

<table style="font-family:Arial,Verdana,Times;font-size:12px;text-align:left;width:100%;border-collapse:collapse;padding:3px 3px 3px 3px">

<tr style="text-align:center;font-weight:bold;background:#9CBCE2">

<td></td>

</tr>

<tr>

<td>

<table style="font-family:Arial,Verdana,Times;font-size:12px;text-align:left;width:100%;border-spacing:0px; padding:3px 3px 3px 3px">

<tr>

<td>FID</td>

<td>1</td>

</tr>

<tr bgcolor="#D4E4F3">

<td>LINEA</td>

<td>L6350</td>

</tr>

<tr>

<td>TIPO</td>

<td>LINEA ELECTRICA SUBTERRANEA</td>

</tr>

<tr bgcolor="#D4E4F3">

<td>RECORRIDO</td>

<td>SET COMAS - SET HUARANGAL</td>

</tr>

</table>

</td>

</tr>

</table>

</body>

</html>]]></description>
				<styleUrl>#LineStyle3030</styleUrl>
				<MultiGeometry>
					<LineString>
						<tessellate>1</tessellate>
						<coordinates>
							-77.05214298713641,-11.9095720351993,0 -77.05204783202889,-11.90950076927558,0 -77.05187608206782,-11.90934251773119,0 -77.05092973567133,-11.90824011545175,0 -77.05066334,-11.90793984,0 -77.05036892,-11.90769915,0 -77.04941486,-11.90659911,0 -77.04881669,-11.90594025,0 -77.04753868,-11.90455835999999,0 -77.04735491,-11.90431707999999,0 -77.04687079999999,-11.90382485,0 -77.04529221999999,-11.90206098999999,0 -77.04529716154946,-11.90204011702144,0 -77.04525246399999,-11.90200643199995,0 
						</coordinates>
					</LineString>
				</MultiGeometry>
			</Placemark>
			<Placemark id="ID_30002">
				<Snippet maxLines="0"></Snippet>
				<description><![CDATA[<html xmlns:fo="http://www.w3.org/1999/XSL/Format" xmlns:msxsl="urn:schemas-microsoft-com:xslt">

<head>

<META http-equiv="Content-Type" content="text/html">

<meta http-equiv="content-type" content="text/html; charset=UTF-8">

</head>

<body style="margin:0px 0px 0px 0px;overflow:auto;background:#FFFFFF;">

<table style="font-family:Arial,Verdana,Times;font-size:12px;text-align:left;width:100%;border-collapse:collapse;padding:3px 3px 3px 3px">

<tr style="text-align:center;font-weight:bold;background:#9CBCE2">

<td></td>

</tr>

<tr>

<td>

<table style="font-family:Arial,Verdana,Times;font-size:12px;text-align:left;width:100%;border-spacing:0px; padding:3px 3px 3px 3px">

<tr>

<td>FID</td>

<td>2</td>

</tr>

<tr bgcolor="#D4E4F3">

<td>LINEA</td>

<td>L6350</td>

</tr>

<tr>

<td>TIPO</td>

<td>LINEA ELECTRICA SUBTERRANEA</td>

</tr>

<tr bgcolor="#D4E4F3">

<td>RECORRIDO</td>

<td>SET COMAS - SET HUARANGAL</td>

</tr>

</table>

</td>

</tr>

</table>

</body>

</html>]]></description>
				<styleUrl>#LineStyle3030</styleUrl>
				<MultiGeometry>
					<LineString>
						<tessellate>1</tessellate>
						<coordinates>
							-77.03026731797431,-11.86894231176459,0 -77.03031039976769,-11.86886134964104,0 -77.03052590999999,-11.86822710999999,0 -77.03059632999999,-11.86768994,0 -77.03062693,-11.86724315999999,0 -77.03065665,-11.86719309999999,0 -77.03084919503105,-11.8661350415995,0 -77.0309753800273,-11.86551630778749,0 
						</coordinates>
					</LineString>
				</MultiGeometry>
			</Placemark>
			<Placemark id="ID_30003">
				<Snippet maxLines="0"></Snippet>
				<description><![CDATA[<html xmlns:fo="http://www.w3.org/1999/XSL/Format" xmlns:msxsl="urn:schemas-microsoft-com:xslt">

<head>

<META http-equiv="Content-Type" content="text/html">

<meta http-equiv="content-type" content="text/html; charset=UTF-8">

</head>

<body style="margin:0px 0px 0px 0px;overflow:auto;background:#FFFFFF;">

<table style="font-family:Arial,Verdana,Times;font-size:12px;text-align:left;width:100%;border-collapse:collapse;padding:3px 3px 3px 3px">

<tr style="text-align:center;font-weight:bold;background:#9CBCE2">

<td></td>

</tr>

<tr>

<td>

<table style="font-family:Arial,Verdana,Times;font-size:12px;text-align:left;width:100%;border-spacing:0px; padding:3px 3px 3px 3px">

<tr>

<td>FID</td>

<td>3</td>

</tr>

<tr bgcolor="#D4E4F3">

<td>LINEA</td>

<td>L6350</td>

</tr>

<tr>

<td>TIPO</td>

<td>LINEA ELECTRICA SUBTERRANEA</td>

</tr>

<tr bgcolor="#D4E4F3">

<td>RECORRIDO</td>

<td>SET COMAS - SET HUARANGAL</td>

</tr>

</table>

</td>

</tr>

</table>

</body>

</html>]]></description>
				<styleUrl>#LineStyle3030</styleUrl>
				<MultiGeometry>
					<LineString>
						<tessellate>1</tessellate>
						<coordinates>
							-77.03175115599998,-11.86225450699994,0 -77.03179670705553,-11.86214071556711,0 -77.03181768812213,-11.86207218150178,0 -77.03201464,-11.86131142,0 -77.03223047990477,-11.86032399872905,0 -77.03249161328229,-11.85929160668333,0 -77.03253124876638,-11.85923721129338,0 -77.03306966929985,-11.85829247415102,0 -77.03358867999999,-11.85730159,0 -77.03366559915099,-11.85713341969419,0 -77.03387036266865,-11.85671598681653,0 -77.03392340651055,-11.85669140870847,0 -77.03394878199998,-11.85667116699995,0 
						</coordinates>
					</LineString>
				</MultiGeometry>
			</Placemark>
			<Placemark id="ID_30004">
				<Snippet maxLines="0"></Snippet>
				<description><![CDATA[<html xmlns:fo="http://www.w3.org/1999/XSL/Format" xmlns:msxsl="urn:schemas-microsoft-com:xslt">

<head>

<META http-equiv="Content-Type" content="text/html">

<meta http-equiv="content-type" content="text/html; charset=UTF-8">

</head>

<body style="margin:0px 0px 0px 0px;overflow:auto;background:#FFFFFF;">

<table style="font-family:Arial,Verdana,Times;font-size:12px;text-align:left;width:100%;border-collapse:collapse;padding:3px 3px 3px 3px">

<tr style="text-align:center;font-weight:bold;background:#9CBCE2">

<td></td>

</tr>

<tr>

<td>

<table style="font-family:Arial,Verdana,Times;font-size:12px;text-align:left;width:100%;border-spacing:0px; padding:3px 3px 3px 3px">

<tr>

<td>FID</td>

<td>4</td>

</tr>

<tr bgcolor="#D4E4F3">

<td>LINEA</td>

<td>L6350</td>

</tr>

<tr>

<td>TIPO</td>

<td>LINEA ELECTRICA SUBTERRANEA</td>

</tr>

<tr bgcolor="#D4E4F3">

<td>RECORRIDO</td>

<td>SET COMAS - SET HUARANGAL</td>

</tr>

</table>

</td>

</tr>

</table>

</body>

</html>]]></description>
				<styleUrl>#LineStyle3030</styleUrl>
				<MultiGeometry>
					<LineString>
						<tessellate>1</tessellate>
						<coordinates>
							-77.0479154690546,-11.8263612067914,0 -77.04795690938749,-11.82621029005995,0 -77.04887128,-11.82632696,0 -77.04855757,-11.82907595,0 -77.04853369,-11.82942848,0 -77.04845585361315,-11.82996271762363,0 -77.04791519170097,-11.83011743860881,0 -77.04746857953224,-11.83021025799687,0 -77.04713994279128,-11.8302694652026,0 -77.04652396965463,-11.83037456191673,0 -77.04563106774631,-11.83059766312313,0 -77.04526556389528,-11.83063651200358,0 -77.04478044258629,-11.83068975072771,0 -77.04493008327867,-11.830834066224,0 -77.04538203703423,-11.83115220507246,0 -77.04613760379283,-11.83168815708304,0 -77.04644777999999,-11.83190149,0 -77.04665002,-11.83205716999999,0 -77.04685984,-11.83219955,0 -77.046903968035,-11.83223933331615,0 -77.04696750199491,-11.83229531062288,0 -77.04702412521192,-11.83233603313399,0 -77.04708575282704,-11.83239680687869,0 -77.04714246572743,-11.83255042963629,0 -77.04717834241582,-11.83262351052191,0 -77.04723189388848,-11.83269770682832,0 -77.04737990250719,-11.83291665782717,0 -77.0475508,-11.83322590999999,0 -77.04785860350263,-11.83373920668926,0 -77.04791748030746,-11.83385065579766,0 -77.04810826878465,-11.83422219217744,0 -77.04866752,-11.83531991999999,0 -77.04875560000001,-11.83547665,0 -77.0467694,-11.83568899999999,0 -77.04643102999999,-11.83586682999999,0 -77.04633371,-11.83592716,0 -77.04440762,-11.83712105999999,0 -77.04489743000001,-11.83788044,0 -77.04594705,-11.83950289,0 -77.04653797,-11.8404163,0 -77.04671928,-11.84069656,0 -77.0456913,-11.84122369999999,0 -77.04528282,-11.84143316,0 -77.04503774,-11.84155883,0 -77.04494459999999,-11.84160659,0 -77.04441649,-11.84187743000001,0 -77.04431648000001,-11.84193473,0 -77.04417588,-11.84203540000001,0 -77.04406025,-11.84213107999999,0 -77.0434654,-11.84262371,0 -77.04338241000001,-11.84269869,0 -77.04312926207244,-11.84294394490721,0 -77.04293689488534,-11.84312433163366,0 -77.04278034306864,-11.8432845711786,0 -77.04273286294141,-11.84334830919475,0 -77.04164856,-11.84476478,0 -77.04158842,-11.84489291000001,0 -77.0415651,-11.84501949000001,0 -77.04156093,-11.8452071,0 -77.0416103,-11.84538261,0 -77.04159692,-11.84544634999999,0 -77.04144048000001,-11.84562513000001,0 -77.03941656000001,-11.84716178000001,0 -77.03886498,-11.84762453,0 -77.03794182999999,-11.84818645000001,0 -77.03664126,-11.84917868999999,0 -77.03646037,-11.84933803999999,0 -77.03628723,-11.84945287,0 -77.03570426,-11.84992095000001,0 -77.03508167,-11.85041963,0 -77.03491366,-11.85052818,0 -77.03455742,-11.85080528,0 -77.03441734,-11.85093560999999,0 -77.03422087,-11.8511597,0 -77.03404417,-11.85139143,0 -77.03391205,-11.85161101,0 -77.03377297869606,-11.85186370446035,0 -77.03377190084828,-11.85188857335577,0 -77.03373560531541,-11.85211272108408,0 -77.03592810000001,-11.85357761999999,0 -77.03654349999999,-11.8539672,0 -77.03708858242115,-11.85430744083718,0 -77.03696028299998,-11.85443514399998,0 
						</coordinates>
					</LineString>
				</MultiGeometry>
			</Placemark>
		</Folder>
	</Document>
	<Document id="LINEA_ELECTRICA_626" xsi:schemaLocation="http://www.opengis.net/kml/2.2 http://schemas.opengis.net/kml/2.2.0/ogckml22.xsd http://www.google.com/kml/ext/2.2 http://code.google.com/apis/kml/schema/kml22gx.xsd">
		<name>LINEA ELECTRICA 626</name>
		<open>1</open>
		<Snippet maxLines="0"></Snippet>
		<Style id="LineStyle2051">
			<LabelStyle>
				<color>00000000</color>
				<scale>0</scale>
			</LabelStyle>
			<LineStyle>
				<color>ffe65c00</color>
				<width>2</width>
			</LineStyle>
			<PolyStyle>
				<color>00000000</color>
				<outline>0</outline>
			</PolyStyle>
		</Style>
		<Style id="LineStyle3031">
			<LabelStyle>
				<color>00000000</color>
				<scale>0</scale>
			</LabelStyle>
			<LineStyle>
				<color>ff0000ff</color>
				<width>1.7</width>
			</LineStyle>
			<PolyStyle>
				<color>00000000</color>
				<outline>0</outline>
			</PolyStyle>
		</Style>
		<Folder id="FeatureLayer2">
			<name>LINEA ELECTRICA AEREA_626</name>
			<open>1</open>
			<Snippet maxLines="0"></Snippet>
			<Placemark id="ID_20000">
				<name>L626</name>
				<Snippet maxLines="0"></Snippet>
				<description><![CDATA[<html xmlns:fo="http://www.w3.org/1999/XSL/Format" xmlns:msxsl="urn:schemas-microsoft-com:xslt">

<head>

<META http-equiv="Content-Type" content="text/html">

<meta http-equiv="content-type" content="text/html; charset=UTF-8">

</head>

<body style="margin:0px 0px 0px 0px;overflow:auto;background:#FFFFFF;">

<table style="font-family:Arial,Verdana,Times;font-size:12px;text-align:left;width:100%;border-collapse:collapse;padding:3px 3px 3px 3px">

<tr style="text-align:center;font-weight:bold;background:#9CBCE2">

<td>L626</td>

</tr>

<tr>

<td>

<table style="font-family:Arial,Verdana,Times;font-size:12px;text-align:left;width:100%;border-spacing:0px; padding:3px 3px 3px 3px">

<tr>

<td>FID</td>

<td>0</td>

</tr>

<tr bgcolor="#D4E4F3">

<td>LINEA</td>

<td>L626</td>

</tr>

<tr>

<td>TIPO</td>

<td>LINEA ELECTRICA AEREA</td>

</tr>

<tr bgcolor="#D4E4F3">

<td>RECORRIDO</td>

<td>SET CHAVARRIA - SET T-VALLE</td>

</tr>

</table>

</td>

</tr>

</table>

</body>

</html>]]></description>
				<styleUrl>#LineStyle2051</styleUrl>
				<MultiGeometry>
					<LineString>
						<tessellate>1</tessellate>
						<coordinates>
							-77.09748,-12.014469,0 -77.09698759199995,-12.01429215399997,0 -77.09669836399996,-12.01488178199997,0 -77.09547667799995,-12.01361661199996,0 -77.09367956999995,-12.01273533499994,0 -77.09190222899997,-12.01203465299995,0 -77.09023819899994,-12.01173981299996,0 -77.08918521699997,-12.01091620299998,0 -77.08779917099997,-12.00976067299996,0 
						</coordinates>
					</LineString>
				</MultiGeometry>
			</Placemark>
			<Placemark id="ID_20001">
				<name>L626</name>
				<Snippet maxLines="0"></Snippet>
				<description><![CDATA[<html xmlns:fo="http://www.w3.org/1999/XSL/Format" xmlns:msxsl="urn:schemas-microsoft-com:xslt">

<head>

<META http-equiv="Content-Type" content="text/html">

<meta http-equiv="content-type" content="text/html; charset=UTF-8">

</head>

<body style="margin:0px 0px 0px 0px;overflow:auto;background:#FFFFFF;">

<table style="font-family:Arial,Verdana,Times;font-size:12px;text-align:left;width:100%;border-collapse:collapse;padding:3px 3px 3px 3px">

<tr style="text-align:center;font-weight:bold;background:#9CBCE2">

<td>L626</td>

</tr>

<tr>

<td>

<table style="font-family:Arial,Verdana,Times;font-size:12px;text-align:left;width:100%;border-spacing:0px; padding:3px 3px 3px 3px">

<tr>

<td>FID</td>

<td>1</td>

</tr>

<tr bgcolor="#D4E4F3">

<td>LINEA</td>

<td>L626</td>

</tr>

<tr>

<td>TIPO</td>

<td>LINEA ELECTRICA AEREA</td>

</tr>

<tr bgcolor="#D4E4F3">

<td>RECORRIDO</td>

<td>SET CHAVARRIA - SET T-VALLE</td>

</tr>

</table>

</td>

</tr>

</table>

</body>

</html>]]></description>
				<styleUrl>#LineStyle2051</styleUrl>
				<MultiGeometry>
					<LineString>
						<tessellate>1</tessellate>
						<coordinates>
							-77.08203690899995,-12.00661326699997,0 -77.08053975499996,-12.00652499199997,0 -77.07874869099999,-12.00642081799998,0 -77.07699441799997,-12.00632539799995,0 -77.07525049999998,-12.00638353299997,0 -77.07345915699995,-12.00624317499994,0 -77.07180462099996,-12.00598429899997,0 -77.06993873199997,-12.00569986199997,0 -77.06797158399996,-12.00538000999996,0 -77.06601389499997,-12.00509622399994,0 
						</coordinates>
					</LineString>
				</MultiGeometry>
			</Placemark>
		</Folder>
		<Folder id="FeatureLayer3">
			<name>LINEA_ELECTRICA_SUBTERRANEA</name>
			<Snippet maxLines="0"></Snippet>
			<Placemark id="ID_30000">
				<Snippet maxLines="0"></Snippet>
				<description><![CDATA[<html xmlns:fo="http://www.w3.org/1999/XSL/Format" xmlns:msxsl="urn:schemas-microsoft-com:xslt">

<head>

<META http-equiv="Content-Type" content="text/html">

<meta http-equiv="content-type" content="text/html; charset=UTF-8">

</head>

<body style="margin:0px 0px 0px 0px;overflow:auto;background:#FFFFFF;">

<table style="font-family:Arial,Verdana,Times;font-size:12px;text-align:left;width:100%;border-collapse:collapse;padding:3px 3px 3px 3px">

<tr style="text-align:center;font-weight:bold;background:#9CBCE2">

<td></td>

</tr>

<tr>

<td>

<table style="font-family:Arial,Verdana,Times;font-size:12px;text-align:left;width:100%;border-spacing:0px; padding:3px 3px 3px 3px">

<tr>

<td>FID</td>

<td>0</td>

</tr>

<tr bgcolor="#D4E4F3">

<td>LINEA</td>

<td>L626</td>

</tr>

<tr>

<td>TIPO</td>

<td>LINEA ELECTRICA SUBTERRANEA</td>

</tr>

<tr bgcolor="#D4E4F3">

<td>RECORRIDO</td>

<td>SET CHAVARRIA - SET T-VALLE</td>

</tr>

</table>

</td>

</tr>

</table>

</body>

</html>]]></description>
				<styleUrl>#LineStyle3031</styleUrl>
				<MultiGeometry>
					<LineString>
						<tessellate>1</tessellate>
						<coordinates>
							-77.06601389499997,-12.00509622399994,0 -77.06597370860428,-12.00508445592472,0 -77.06598551532313,-12.00498014265437,0 -77.06637805,-12.00257242,0 -77.06641164,-12.00224977,0 -77.06638006999999,-12.00219129,0 -77.06634609,-12.00210865,0 -77.06594746,-12.00114405,0 -77.06572018999999,-12.00059272,0 -77.06560976999999,-12.00031391,0 -77.06557706,-12.00012288,0 -77.06554773000001,-11.99998862,0 -77.06551499999999,-11.99988985,0 -77.06548226,-11.99979109,0 -77.06511974999999,-11.99876226,0 -77.06575615939273,-11.99854040857288,0 -77.065693,-11.99836599999999,0 
						</coordinates>
					</LineString>
				</MultiGeometry>
			</Placemark>
			<Placemark id="ID_30001">
				<Snippet maxLines="0"></Snippet>
				<description><![CDATA[<html xmlns:fo="http://www.w3.org/1999/XSL/Format" xmlns:msxsl="urn:schemas-microsoft-com:xslt">

<head>

<META http-equiv="Content-Type" content="text/html">

<meta http-equiv="content-type" content="text/html; charset=UTF-8">

</head>

<body style="margin:0px 0px 0px 0px;overflow:auto;background:#FFFFFF;">

<table style="font-family:Arial,Verdana,Times;font-size:12px;text-align:left;width:100%;border-collapse:collapse;padding:3px 3px 3px 3px">

<tr style="text-align:center;font-weight:bold;background:#9CBCE2">

<td></td>

</tr>

<tr>

<td>

<table style="font-family:Arial,Verdana,Times;font-size:12px;text-align:left;width:100%;border-spacing:0px; padding:3px 3px 3px 3px">

<tr>

<td>FID</td>

<td>1</td>

</tr>

<tr bgcolor="#D4E4F3">

<td>LINEA</td>

<td>L626</td>

</tr>

<tr>

<td>TIPO</td>

<td>LINEA ELECTRICA SUBTERRANEA</td>

</tr>

<tr bgcolor="#D4E4F3">

<td>RECORRIDO</td>

<td>SET CHAVARRIA - SET T-VALLE</td>

</tr>

</table>

</td>

</tr>

</table>

</body>

</html>]]></description>
				<styleUrl>#LineStyle3031</styleUrl>
				<MultiGeometry>
					<LineString>
						<tessellate>1</tessellate>
						<coordinates>
							-77.08203690899995,-12.00661326699997,0 -77.08295041,-12.00662201,0 -77.08387189,-12.00690057,0 -77.08538512,-12.00775463000001,0 -77.08689635,-12.00896195,0 -77.08779917099997,-12.00976067299996,0 
						</coordinates>
					</LineString>
				</MultiGeometry>
			</Placemark>
		</Folder>
	</Document>
	<Document id="LINEA_ELECTRICA_6351" xsi:schemaLocation="http://www.opengis.net/kml/2.2 http://schemas.opengis.net/kml/2.2.0/ogckml22.xsd http://www.google.com/kml/ext/2.2 http://code.google.com/apis/kml/schema/kml22gx.xsd">
		<name>LINEA ELECTRICA 6351</name>
		<open>1</open>
		<Snippet maxLines="0"></Snippet>
		<Style id="LineStyle2052">
			<LabelStyle>
				<color>00000000</color>
				<scale>0</scale>
			</LabelStyle>
			<LineStyle>
				<color>ffe65c00</color>
				<width>2</width>
			</LineStyle>
			<PolyStyle>
				<color>00000000</color>
				<outline>0</outline>
			</PolyStyle>
		</Style>
		<Style id="LineStyle3032">
			<LabelStyle>
				<color>00000000</color>
				<scale>0</scale>
			</LabelStyle>
			<LineStyle>
				<color>ff0000ff</color>
				<width>1.7</width>
			</LineStyle>
			<PolyStyle>
				<color>00000000</color>
				<outline>0</outline>
			</PolyStyle>
		</Style>
		<Folder id="FeatureLayer2">
			<name>LINEA_ELECTRICA_AEREA_6351</name>
			<open>1</open>
			<Snippet maxLines="0"></Snippet>
			<Placemark id="ID_20000">
				<name>L6351</name>
				<Snippet maxLines="0"></Snippet>
				<description><![CDATA[<html xmlns:fo="http://www.w3.org/1999/XSL/Format" xmlns:msxsl="urn:schemas-microsoft-com:xslt">

<head>

<META http-equiv="Content-Type" content="text/html">

<meta http-equiv="content-type" content="text/html; charset=UTF-8">

</head>

<body style="margin:0px 0px 0px 0px;overflow:auto;background:#FFFFFF;">

<table style="font-family:Arial,Verdana,Times;font-size:12px;text-align:left;width:100%;border-collapse:collapse;padding:3px 3px 3px 3px">

<tr style="text-align:center;font-weight:bold;background:#9CBCE2">

<td>L6351</td>

</tr>

<tr>

<td>

<table style="font-family:Arial,Verdana,Times;font-size:12px;text-align:left;width:100%;border-spacing:0px; padding:3px 3px 3px 3px">

<tr>

<td>FID</td>

<td>0</td>

</tr>

<tr bgcolor="#D4E4F3">

<td>LINEA</td>

<td>L6351</td>

</tr>

<tr>

<td>TIPO</td>

<td>LINEA ELECTRICA AEREA</td>

</tr>

<tr bgcolor="#D4E4F3">

<td>RECORRIDO</td>

<td>SET CAUDIVILLA - SET COMAS</td>

</tr>

</table>

</td>

</tr>

</table>

</body>

</html>]]></description>
				<styleUrl>#LineStyle2052</styleUrl>
				<MultiGeometry>
					<LineString>
						<tessellate>1</tessellate>
						<coordinates>
							-77.05891771599994,-11.91540985599994,0 -77.05846244099996,-11.91467206199996,0 -77.05766229799997,-11.91323181699993,0 -77.05686229999998,-11.91180964299997,0 -77.05607141999997,-11.91037835999998,0 -77.05526226399996,-11.90895624499995,0 -77.05445304799997,-11.90752508899992,0 -77.05364390999995,-11.90610296599993,0 -77.05285306799993,-11.90467166899998,0 -77.05206223499994,-11.90324036699997,0 -77.05124387999996,-11.90180926199997,0 -77.05045313199997,-11.90038699099995,0 -77.04964404099997,-11.89896484899998,0 -77.04885324399999,-11.89753353299994,0 -77.04806232199996,-11.89608413799994,0 -77.04724408099997,-11.89466205099996,0 -77.04643509399995,-11.89324893199994,0 -77.04534123499997,-11.89178364499997,0 -77.04430413499995,-11.89054389399996,0 -77.04315901299998,-11.89081429299995,0 -77.04206854399996,-11.89103006299996,0 -77.04210848699995,-11.89146360599994,0 
						</coordinates>
					</LineString>
				</MultiGeometry>
			</Placemark>
		</Folder>
		<Folder id="FeatureLayer3">
			<name>LINEA_ELECTRICA_SUBTERRANEA_6351</name>
			<Snippet maxLines="0"></Snippet>
			<Placemark id="ID_30000">
				<Snippet maxLines="0"></Snippet>
				<description><![CDATA[<html xmlns:fo="http://www.w3.org/1999/XSL/Format" xmlns:msxsl="urn:schemas-microsoft-com:xslt">

<head>

<META http-equiv="Content-Type" content="text/html">

<meta http-equiv="content-type" content="text/html; charset=UTF-8">

</head>

<body style="margin:0px 0px 0px 0px;overflow:auto;background:#FFFFFF;">

<table style="font-family:Arial,Verdana,Times;font-size:12px;text-align:left;width:100%;border-collapse:collapse;padding:3px 3px 3px 3px">

<tr style="text-align:center;font-weight:bold;background:#9CBCE2">

<td></td>

</tr>

<tr>

<td>

<table style="font-family:Arial,Verdana,Times;font-size:12px;text-align:left;width:100%;border-spacing:0px; padding:3px 3px 3px 3px">

<tr>

<td>FID</td>

<td>0</td>

</tr>

<tr bgcolor="#D4E4F3">

<td>LINEA</td>

<td>L6351</td>

</tr>

<tr>

<td>TIPO</td>

<td>LINEA ELECTRICA SUBTERRANEA</td>

</tr>

<tr bgcolor="#D4E4F3">

<td>RECORRIDO</td>

<td>SET CAUDIVILLA - SET COMAS</td>

</tr>

</table>

</td>

</tr>

</table>

</body>

</html>]]></description>
				<styleUrl>#LineStyle3032</styleUrl>
				<MultiGeometry>
					<LineString>
						<tessellate>1</tessellate>
						<coordinates>
							-77.05891771599994,-11.91540985599994,0 -77.05895473480311,-11.91537635509131,0 -77.05886179129492,-11.91523188514235,0 -77.05884050547085,-11.91520100186754,0 -77.05937654,-11.91483974000001,0 -77.05967781,-11.91466270000001,0 -77.05981447000001,-11.91458026,0 -77.05995222,-11.91450436999999,0 -77.06106622999999,-11.91381298,0 -77.06121328,-11.91372602,0 -77.06154845,-11.91352066000001,0 -77.06186772,-11.91331030000001,0 -77.06199305254208,-11.91323554168318,0 -77.06210552728091,-11.9134054621943,0 
						</coordinates>
					</LineString>
				</MultiGeometry>
			</Placemark>
		</Folder>
	</Document>
	<Document id="LINEA_ELECTRICA_6752" xsi:schemaLocation="http://www.opengis.net/kml/2.2 http://schemas.opengis.net/kml/2.2.0/ogckml22.xsd http://www.google.com/kml/ext/2.2 http://code.google.com/apis/kml/schema/kml22gx.xsd">
		<name>LINEA ELECTRICA 6752</name>
		<open>1</open>
		<Snippet maxLines="0"></Snippet>
		<Style id="LineStyle2053">
			<LabelStyle>
				<color>00000000</color>
				<scale>0</scale>
			</LabelStyle>
			<LineStyle>
				<color>ffe65c00</color>
				<width>2</width>
			</LineStyle>
			<PolyStyle>
				<color>00000000</color>
				<outline>0</outline>
			</PolyStyle>
		</Style>
		<Style id="LineStyle3033">
			<LabelStyle>
				<color>00000000</color>
				<scale>0</scale>
			</LabelStyle>
			<LineStyle>
				<color>ff0000ff</color>
				<width>1.7</width>
			</LineStyle>
			<PolyStyle>
				<color>00000000</color>
				<outline>0</outline>
			</PolyStyle>
		</Style>
		<Folder id="FeatureLayer2">
			<name>LINEA_ELECTRICA_AEREA</name>
			<open>1</open>
			<Snippet maxLines="0"></Snippet>
			<Placemark id="ID_20000">
				<name>L6752</name>
				<Snippet maxLines="0"></Snippet>
				<description><![CDATA[<html xmlns:fo="http://www.w3.org/1999/XSL/Format" xmlns:msxsl="urn:schemas-microsoft-com:xslt">

<head>

<META http-equiv="Content-Type" content="text/html">

<meta http-equiv="content-type" content="text/html; charset=UTF-8">

</head>

<body style="margin:0px 0px 0px 0px;overflow:auto;background:#FFFFFF;">

<table style="font-family:Arial,Verdana,Times;font-size:12px;text-align:left;width:100%;border-collapse:collapse;padding:3px 3px 3px 3px">

<tr style="text-align:center;font-weight:bold;background:#9CBCE2">

<td>L6752</td>

</tr>

<tr>

<td>

<table style="font-family:Arial,Verdana,Times;font-size:12px;text-align:left;width:100%;border-spacing:0px; padding:3px 3px 3px 3px">

<tr>

<td>FID</td>

<td>0</td>

</tr>

<tr bgcolor="#D4E4F3">

<td>LINEA</td>

<td>L6752</td>

</tr>

<tr>

<td>TIPO</td>

<td>LINEA ELECTRICA AEREA</td>

</tr>

<tr bgcolor="#D4E4F3">

<td>RECORRIDO</td>

<td>SET CHAVARRIA - SET HUANDOY</td>

</tr>

</table>

</td>

</tr>

</table>

</body>

</html>]]></description>
				<styleUrl>#LineStyle2053</styleUrl>
				<MultiGeometry>
					<LineString>
						<tessellate>1</tessellate>
						<coordinates>
							-77.08100339299995,-11.95680398999997,0 -77.07940320799997,-11.95761118399998,0 -77.07794055399995,-11.95839927699996,0 -77.07630377099997,-11.95922480399998,0 -77.07521646391,-11.9594794494448,0 -77.07454351899997,-11.95950895699997,0 -77.07287091799998,-11.95925017499996,0 -77.07106063699996,-11.95899239799997,0 -77.06925021999996,-11.95871653399996,0 -77.06881833699998,-11.95865645099996,0 -77.06860690899998,-11.95982390999995,0 -77.06844952199998,-11.96085540099994,0 -77.06829213499998,-11.96188689099995,0 -77.06813467899997,-11.96290934499995,0 -77.06797722199997,-11.96393179799997,0 -77.06771408199995,-11.96554249999997,0 -77.06752854436,-11.9668849545345,0 -77.06740793199998,-11.96753311399993,0 -77.06731170299997,-11.96815744499997,0 -77.06713787699994,-11.96944211999995,0 -77.06709500499994,-11.96984010799997,0 -77.06689206099998,-11.97091712499997,0 -77.06672528299998,-11.97192157099994,0 -77.06645137599997,-11.97332447899993,0 -77.06622563299999,-11.97502528499996,0 -77.06580870099998,-11.97693537399994,0 -77.06564281199996,-11.97805730799996,0 -77.06550016099999,-11.97982076899995,0 -77.06525350999993,-11.98118732399995,0 -77.06506877899994,-11.98224612999996,0 -77.06495214614,-11.98364840582549,0 -77.06468810299998,-11.98530377899994,0 -77.06446070099997,-11.98678768599996,0 -77.06422439299996,-11.98830781099997,0 -77.06400238899994,-11.98929458899994,0 -77.06389322299998,-11.99063301699994,0 -77.06384343499997,-11.99132930999997,0 -77.06355984999993,-11.99266902399996,0 -77.06327106899994,-11.99453297999997,0 -77.06301783799995,-11.99624302799998,0 -77.06397930399999,-11.99712166299998,0 -77.06432911099995,-11.99724561399995,0 -77.06473399799995,-11.99736915899996,0 -77.06531279899997,-11.99863020699997,0 -77.06601849899994,-11.99847135199996,0 -77.065693,-11.99836599999999,0 
						</coordinates>
					</LineString>
				</MultiGeometry>
			</Placemark>
			<Placemark id="ID_20001">
				<name>L6752</name>
				<Snippet maxLines="0"></Snippet>
				<description><![CDATA[<html xmlns:fo="http://www.w3.org/1999/XSL/Format" xmlns:msxsl="urn:schemas-microsoft-com:xslt">

<head>

<META http-equiv="Content-Type" content="text/html">

<meta http-equiv="content-type" content="text/html; charset=UTF-8">

</head>

<body style="margin:0px 0px 0px 0px;overflow:auto;background:#FFFFFF;">

<table style="font-family:Arial,Verdana,Times;font-size:12px;text-align:left;width:100%;border-collapse:collapse;padding:3px 3px 3px 3px">

<tr style="text-align:center;font-weight:bold;background:#9CBCE2">

<td>L6752</td>

</tr>

<tr>

<td>

<table style="font-family:Arial,Verdana,Times;font-size:12px;text-align:left;width:100%;border-spacing:0px; padding:3px 3px 3px 3px">

<tr>

<td>FID</td>

<td>1</td>

</tr>

<tr bgcolor="#D4E4F3">

<td>LINEA</td>

<td>L6752</td>

</tr>

<tr>

<td>TIPO</td>

<td>LINEA ELECTRICA AEREA</td>

</tr>

<tr bgcolor="#D4E4F3">

<td>RECORRIDO</td>

<td>SET CHAVARRIA - SET HUANDOY</td>

</tr>

</table>

</td>

</tr>

</table>

</body>

</html>]]></description>
				<styleUrl>#LineStyle2053</styleUrl>
				<MultiGeometry>
					<LineString>
						<tessellate>1</tessellate>
						<coordinates>
							-77.08514119099993,-11.95534529999997,0 -77.08452318299999,-11.95495222099992,0 -77.08373292799996,-11.95484059399996,0 -77.08328414699997,-11.95497045399998,0 -77.08244497399994,-11.95566356099993,0 -77.08157832999996,-11.95636590699996,0 
						</coordinates>
					</LineString>
				</MultiGeometry>
			</Placemark>
			<Placemark id="ID_20002">
				<name>L6752</name>
				<Snippet maxLines="0"></Snippet>
				<description><![CDATA[<html xmlns:fo="http://www.w3.org/1999/XSL/Format" xmlns:msxsl="urn:schemas-microsoft-com:xslt">

<head>

<META http-equiv="Content-Type" content="text/html">

<meta http-equiv="content-type" content="text/html; charset=UTF-8">

</head>

<body style="margin:0px 0px 0px 0px;overflow:auto;background:#FFFFFF;">

<table style="font-family:Arial,Verdana,Times;font-size:12px;text-align:left;width:100%;border-collapse:collapse;padding:3px 3px 3px 3px">

<tr style="text-align:center;font-weight:bold;background:#9CBCE2">

<td>L6752</td>

</tr>

<tr>

<td>

<table style="font-family:Arial,Verdana,Times;font-size:12px;text-align:left;width:100%;border-spacing:0px; padding:3px 3px 3px 3px">

<tr>

<td>FID</td>

<td>2</td>

</tr>

<tr bgcolor="#D4E4F3">

<td>LINEA</td>

<td>L6752</td>

</tr>

<tr>

<td>TIPO</td>

<td>LINEA ELECTRICA AEREA</td>

</tr>

<tr bgcolor="#D4E4F3">

<td>RECORRIDO</td>

<td>SET CHAVARRIA - SET HUANDOY</td>

</tr>

</table>

</td>

</tr>

</table>

</body>

</html>]]></description>
				<styleUrl>#LineStyle2053</styleUrl>
				<MultiGeometry>
					<LineString>
						<tessellate>1</tessellate>
						<coordinates>
							-77.08466873699996,-11.95837650699997,0 -77.08483565499995,-11.95739917399994,0 -77.08500995099996,-11.95618679999995,0 
						</coordinates>
					</LineString>
				</MultiGeometry>
			</Placemark>
		</Folder>
		<Folder id="FeatureLayer3">
			<name>LINEA_ELECTRICA_SUBTERRANEA</name>
			<Snippet maxLines="0"></Snippet>
			<Placemark id="ID_30000">
				<Snippet maxLines="0"></Snippet>
				<description><![CDATA[<html xmlns:fo="http://www.w3.org/1999/XSL/Format" xmlns:msxsl="urn:schemas-microsoft-com:xslt">

<head>

<META http-equiv="Content-Type" content="text/html">

<meta http-equiv="content-type" content="text/html; charset=UTF-8">

</head>

<body style="margin:0px 0px 0px 0px;overflow:auto;background:#FFFFFF;">

<table style="font-family:Arial,Verdana,Times;font-size:12px;text-align:left;width:100%;border-collapse:collapse;padding:3px 3px 3px 3px">

<tr style="text-align:center;font-weight:bold;background:#9CBCE2">

<td></td>

</tr>

<tr>

<td>

<table style="font-family:Arial,Verdana,Times;font-size:12px;text-align:left;width:100%;border-spacing:0px; padding:3px 3px 3px 3px">

<tr>

<td>FID</td>

<td>0</td>

</tr>

<tr bgcolor="#D4E4F3">

<td>LINEA</td>

<td>L6752</td>

</tr>

<tr>

<td>TIPO</td>

<td>LINEA ELECTRICA SUBTERRANEA</td>

</tr>

<tr bgcolor="#D4E4F3">

<td>RECORRIDO</td>

<td>SET CHAVARRIA - SET HUANDOY</td>

</tr>

</table>

</td>

</tr>

</table>

</body>

</html>]]></description>
				<styleUrl>#LineStyle3033</styleUrl>
				<MultiGeometry>
					<LineString>
						<tessellate>1</tessellate>
						<coordinates>
							-77.08157832999996,-11.95636590699995,0 -77.08147477962358,-11.95630731456367,0 -77.08103574947111,-11.95665702179272,0 -77.08097854197008,-11.95670785816799,0 -77.08100339299993,-11.95680398999997,0 
						</coordinates>
					</LineString>
				</MultiGeometry>
			</Placemark>
			<Placemark id="ID_30001">
				<Snippet maxLines="0"></Snippet>
				<description><![CDATA[<html xmlns:fo="http://www.w3.org/1999/XSL/Format" xmlns:msxsl="urn:schemas-microsoft-com:xslt">

<head>

<META http-equiv="Content-Type" content="text/html">

<meta http-equiv="content-type" content="text/html; charset=UTF-8">

</head>

<body style="margin:0px 0px 0px 0px;overflow:auto;background:#FFFFFF;">

<table style="font-family:Arial,Verdana,Times;font-size:12px;text-align:left;width:100%;border-collapse:collapse;padding:3px 3px 3px 3px">

<tr style="text-align:center;font-weight:bold;background:#9CBCE2">

<td></td>

</tr>

<tr>

<td>

<table style="font-family:Arial,Verdana,Times;font-size:12px;text-align:left;width:100%;border-spacing:0px; padding:3px 3px 3px 3px">

<tr>

<td>FID</td>

<td>1</td>

</tr>

<tr bgcolor="#D4E4F3">

<td>LINEA</td>

<td>L6752</td>

</tr>

<tr>

<td>TIPO</td>

<td>LINEA ELECTRICA SUBTERRANEA</td>

</tr>

<tr bgcolor="#D4E4F3">

<td>RECORRIDO</td>

<td>SET CHAVARRIA - SET HUANDOY</td>

</tr>

</table>

</td>

</tr>

</table>

</body>

</html>]]></description>
				<styleUrl>#LineStyle3033</styleUrl>
				<MultiGeometry>
					<LineString>
						<tessellate>1</tessellate>
						<coordinates>
							-77.08500995099996,-11.95618679999995,0 -77.08514119099992,-11.95534529999997,0 
						</coordinates>
					</LineString>
				</MultiGeometry>
			</Placemark>
			<Placemark id="ID_30002">
				<Snippet maxLines="0"></Snippet>
				<description><![CDATA[<html xmlns:fo="http://www.w3.org/1999/XSL/Format" xmlns:msxsl="urn:schemas-microsoft-com:xslt">

<head>

<META http-equiv="Content-Type" content="text/html">

<meta http-equiv="content-type" content="text/html; charset=UTF-8">

</head>

<body style="margin:0px 0px 0px 0px;overflow:auto;background:#FFFFFF;">

<table style="font-family:Arial,Verdana,Times;font-size:12px;text-align:left;width:100%;border-collapse:collapse;padding:3px 3px 3px 3px">

<tr style="text-align:center;font-weight:bold;background:#9CBCE2">

<td></td>

</tr>

<tr>

<td>

<table style="font-family:Arial,Verdana,Times;font-size:12px;text-align:left;width:100%;border-spacing:0px; padding:3px 3px 3px 3px">

<tr>

<td>FID</td>

<td>2</td>

</tr>

<tr bgcolor="#D4E4F3">

<td>LINEA</td>

<td>L6752</td>

</tr>

<tr>

<td>TIPO</td>

<td>LINEA ELECTRICA SUBTERRANEA</td>

</tr>

<tr bgcolor="#D4E4F3">

<td>RECORRIDO</td>

<td>SET CHAVARRIA - SET HUANDOY</td>

</tr>

</table>

</td>

</tr>

</table>

</body>

</html>]]></description>
				<styleUrl>#LineStyle3033</styleUrl>
				<MultiGeometry>
					<LineString>
						<tessellate>1</tessellate>
						<coordinates>
							-77.087262,-11.95856100000001,0 -77.08723036485837,-11.95887402937135,0 -77.08481028,-11.9585186,0 -77.08464711513814,-11.95849763136413,0 -77.08466873699994,-11.95837650699995,0 
						</coordinates>
					</LineString>
				</MultiGeometry>
			</Placemark>
		</Folder>
	</Document>
	<Document id="LINEA_ELECTRICA_625" xsi:schemaLocation="http://www.opengis.net/kml/2.2 http://schemas.opengis.net/kml/2.2.0/ogckml22.xsd http://www.google.com/kml/ext/2.2 http://code.google.com/apis/kml/schema/kml22gx.xsd">
		<name>LINEA ELECTRICA 625</name>
		<open>1</open>
		<Snippet maxLines="0"></Snippet>
		<Style id="LineStyle2054">
			<LabelStyle>
				<color>00000000</color>
				<scale>0</scale>
			</LabelStyle>
			<LineStyle>
				<color>ff0000ff</color>
				<width>1.7</width>
			</LineStyle>
			<PolyStyle>
				<color>00000000</color>
				<outline>0</outline>
			</PolyStyle>
		</Style>
		<Style id="LineStyle3034">
			<LabelStyle>
				<color>00000000</color>
				<scale>0</scale>
			</LabelStyle>
			<LineStyle>
				<color>ffe65c00</color>
				<width>2</width>
			</LineStyle>
			<PolyStyle>
				<color>00000000</color>
				<outline>0</outline>
			</PolyStyle>
		</Style>
		<Folder id="FeatureLayer2">
			<name>LINEA_ELECTRICA_SUBTERRANEA_625</name>
			<Snippet maxLines="0"></Snippet>
			<Placemark id="ID_20000">
				<Snippet maxLines="0"></Snippet>
				<description><![CDATA[<html xmlns:fo="http://www.w3.org/1999/XSL/Format" xmlns:msxsl="urn:schemas-microsoft-com:xslt">

<head>

<META http-equiv="Content-Type" content="text/html">

<meta http-equiv="content-type" content="text/html; charset=UTF-8">

</head>

<body style="margin:0px 0px 0px 0px;overflow:auto;background:#FFFFFF;">

<table style="font-family:Arial,Verdana,Times;font-size:12px;text-align:left;width:100%;border-collapse:collapse;padding:3px 3px 3px 3px">

<tr style="text-align:center;font-weight:bold;background:#9CBCE2">

<td></td>

</tr>

<tr>

<td>

<table style="font-family:Arial,Verdana,Times;font-size:12px;text-align:left;width:100%;border-spacing:0px; padding:3px 3px 3px 3px">

<tr>

<td>FID</td>

<td>0</td>

</tr>

<tr bgcolor="#D4E4F3">

<td>LINEA</td>

<td>L625</td>

</tr>

<tr>

<td>TIPO</td>

<td>LINEA ELECTRICA SUBTERRANEA</td>

</tr>

<tr bgcolor="#D4E4F3">

<td>RECORRIDO</td>

<td>SET CAUDIVILLA - SET HUANDOY</td>

</tr>

</table>

</td>

</tr>

</table>

</body>

</html>]]></description>
				<styleUrl>#LineStyle2054</styleUrl>
				<MultiGeometry>
					<LineString>
						<tessellate>1</tessellate>
						<coordinates>
							-77.087183821971,-11.9587881742188,0 -77.08717549947053,-11.95884895072498,0 -77.0869464500926,-11.95881142646737,0 -77.08481285000001,-11.95850070000001,0 -77.08468591905159,-11.95848404177619,0 -77.08470538299997,-11.95836719699997,0 
						</coordinates>
					</LineString>
				</MultiGeometry>
			</Placemark>
			<Placemark id="ID_20001">
				<Snippet maxLines="0"></Snippet>
				<description><![CDATA[<html xmlns:fo="http://www.w3.org/1999/XSL/Format" xmlns:msxsl="urn:schemas-microsoft-com:xslt">

<head>

<META http-equiv="Content-Type" content="text/html">

<meta http-equiv="content-type" content="text/html; charset=UTF-8">

</head>

<body style="margin:0px 0px 0px 0px;overflow:auto;background:#FFFFFF;">

<table style="font-family:Arial,Verdana,Times;font-size:12px;text-align:left;width:100%;border-collapse:collapse;padding:3px 3px 3px 3px">

<tr style="text-align:center;font-weight:bold;background:#9CBCE2">

<td></td>

</tr>

<tr>

<td>

<table style="font-family:Arial,Verdana,Times;font-size:12px;text-align:left;width:100%;border-spacing:0px; padding:3px 3px 3px 3px">

<tr>

<td>FID</td>

<td>1</td>

</tr>

<tr bgcolor="#D4E4F3">

<td>LINEA</td>

<td>L625</td>

</tr>

<tr>

<td>TIPO</td>

<td>LINEA ELECTRICA SUBTERRANEA</td>

</tr>

<tr bgcolor="#D4E4F3">

<td>RECORRIDO</td>

<td>SET CAUDIVILLA - SET HUANDOY</td>

</tr>

</table>

</td>

</tr>

</table>

</body>

</html>]]></description>
				<styleUrl>#LineStyle2054</styleUrl>
				<MultiGeometry>
					<LineString>
						<tessellate>1</tessellate>
						<coordinates>
							-77.08503741699997,-11.95617755799998,0 -77.08516865799999,-11.95533605799995,0 
						</coordinates>
					</LineString>
				</MultiGeometry>
			</Placemark>
			<Placemark id="ID_20002">
				<Snippet maxLines="0"></Snippet>
				<description><![CDATA[<html xmlns:fo="http://www.w3.org/1999/XSL/Format" xmlns:msxsl="urn:schemas-microsoft-com:xslt">

<head>

<META http-equiv="Content-Type" content="text/html">

<meta http-equiv="content-type" content="text/html; charset=UTF-8">

</head>

<body style="margin:0px 0px 0px 0px;overflow:auto;background:#FFFFFF;">

<table style="font-family:Arial,Verdana,Times;font-size:12px;text-align:left;width:100%;border-collapse:collapse;padding:3px 3px 3px 3px">

<tr style="text-align:center;font-weight:bold;background:#9CBCE2">

<td></td>

</tr>

<tr>

<td>

<table style="font-family:Arial,Verdana,Times;font-size:12px;text-align:left;width:100%;border-spacing:0px; padding:3px 3px 3px 3px">

<tr>

<td>FID</td>

<td>2</td>

</tr>

<tr bgcolor="#D4E4F3">

<td>LINEA</td>

<td>L625</td>

</tr>

<tr>

<td>TIPO</td>

<td>LINEA ELECTRICA SUBTERRANEA</td>

</tr>

<tr bgcolor="#D4E4F3">

<td>RECORRIDO</td>

<td>SET CAUDIVILLA - SET HUANDOY</td>

</tr>

</table>

</td>

</tr>

</table>

</body>

</html>]]></description>
				<styleUrl>#LineStyle2054</styleUrl>
				<MultiGeometry>
					<LineString>
						<tessellate>1</tessellate>
						<coordinates>
							-77.08155976499995,-11.95633893099995,0 -77.08147171049514,-11.95628712082614,0 -77.08102300691988,-11.95664961406554,0 -77.08095603584977,-11.95669983355041,0 -77.08098482899999,-11.95677701399995,0 
						</coordinates>
					</LineString>
				</MultiGeometry>
			</Placemark>
		</Folder>
		<Folder id="FeatureLayer3">
			<name>LINEA ELECTRICA AEREA_625</name>
			<open>1</open>
			<Snippet maxLines="0"></Snippet>
			<Placemark id="ID_30000">
				<name>L625</name>
				<Snippet maxLines="0"></Snippet>
				<description><![CDATA[<html xmlns:fo="http://www.w3.org/1999/XSL/Format" xmlns:msxsl="urn:schemas-microsoft-com:xslt">

<head>

<META http-equiv="Content-Type" content="text/html">

<meta http-equiv="content-type" content="text/html; charset=UTF-8">

</head>

<body style="margin:0px 0px 0px 0px;overflow:auto;background:#FFFFFF;">

<table style="font-family:Arial,Verdana,Times;font-size:12px;text-align:left;width:100%;border-collapse:collapse;padding:3px 3px 3px 3px">

<tr style="text-align:center;font-weight:bold;background:#9CBCE2">

<td>L625</td>

</tr>

<tr>

<td>

<table style="font-family:Arial,Verdana,Times;font-size:12px;text-align:left;width:100%;border-spacing:0px; padding:3px 3px 3px 3px">

<tr>

<td>FID</td>

<td>0</td>

</tr>

<tr bgcolor="#D4E4F3">

<td>LINEA</td>

<td>L625</td>

</tr>

<tr>

<td>TIPO</td>

<td>LINEA ELECTRICA AEREA</td>

</tr>

<tr bgcolor="#D4E4F3">

<td>RECORRIDO</td>

<td>SET CAUDIVILLA - SET HUANDOY</td>

</tr>

</table>

</td>

</tr>

</table>

</body>

</html>]]></description>
				<styleUrl>#LineStyle3034</styleUrl>
				<MultiGeometry>
					<LineString>
						<tessellate>1</tessellate>
						<coordinates>
							-77.04210848699995,-11.89146360599994,0 -77.04214202499998,-11.89103856999999,0 -77.04315901299998,-11.89081429299995,0 -77.04428605199996,-11.89058017799995,0 -77.04534123499997,-11.89178364499997,0 -77.04643509399995,-11.89324893199994,0 -77.04724408099997,-11.89466205099996,0 -77.04804410399998,-11.89610234599996,0 -77.04885324399999,-11.89753353299994,0 -77.04964404099997,-11.89896484899998,0 -77.05045313199997,-11.90038699099995,0 -77.05124387999996,-11.90180926199997,0 -77.05206223499994,-11.90324036699997,0 -77.05285306799993,-11.90467166899998,0 -77.05364390999995,-11.90610296599993,0 -77.05445304799997,-11.90752508899992,0 -77.05526226399996,-11.90895624499995,0 -77.05605313399997,-11.91038753099997,0 -77.05686229999998,-11.91180964299997,0 -77.05766229799997,-11.91323181699993,0 -77.05846244099996,-11.91467206199996,0 -77.05926245699999,-11.91609422899995,0 -77.06005330499994,-11.91751645899995,0 -77.06085333999994,-11.91893861799997,0 -77.06166262999994,-11.92036974399998,0 -77.06245357399996,-11.92180099999996,0 -77.06326294999997,-11.92324115599996,0 -77.06406302199997,-11.92466329999996,0 -77.06487255399998,-11.92612152299995,0 -77.06582956902351,-11.9276690633709,0 -77.06711511999998,-11.92895203499994,0 -77.06869164599993,-11.92988040099994,0 -77.07045769199993,-11.93038257599995,0 -77.07224900999995,-11.93058629899997,0 -77.07216251799997,-11.93128286099994,0 -77.07197564099994,-11.93326355699998,0 -77.07176232799998,-11.93538905499997,0 -77.07156688999999,-11.93745115599995,0 -77.07138905199997,-11.93941370899996,0 -77.07121791999998,-11.94105084499994,0 -77.07087562899994,-11.94311402799998,0 -77.0706883057465,-11.94481491979209,0 -77.07062617499997,-11.94652318699998,0 -77.07046270799998,-11.94796143199994,0 -77.07017486399997,-11.94994287199996,0 -77.06996715199995,-11.95159835399993,0 -77.0697237040297,-11.95315990851401,0 -77.06956252599997,-11.95391506099998,0 -77.06948266599994,-11.95427716899995,0 -77.06937719399997,-11.95489252899995,0 -77.06921994799995,-11.95594209499995,0 -77.06907084899996,-11.95685603099996,0 -77.06893072199995,-11.95774278599992,0 -77.06882730999996,-11.95862927099994,0 -77.06925001399998,-11.95868942099998,0 -77.07106063699996,-11.95899239799997,0 -77.07287091799998,-11.95925017499996,0 -77.07454351899997,-11.95950895699997,0 -77.07521646391911,-11.9594794494448,0 -77.07630377099997,-11.95922480399998,0 -77.07794055399995,-11.95839927699996,0 -77.07940320799997,-11.95761118399998,0 -77.08098482899999,-11.95677701399995,0 
						</coordinates>
					</LineString>
				</MultiGeometry>
			</Placemark>
			<Placemark id="ID_30001">
				<name>L625</name>
				<Snippet maxLines="0"></Snippet>
				<description><![CDATA[<html xmlns:fo="http://www.w3.org/1999/XSL/Format" xmlns:msxsl="urn:schemas-microsoft-com:xslt">

<head>

<META http-equiv="Content-Type" content="text/html">

<meta http-equiv="content-type" content="text/html; charset=UTF-8">

</head>

<body style="margin:0px 0px 0px 0px;overflow:auto;background:#FFFFFF;">

<table style="font-family:Arial,Verdana,Times;font-size:12px;text-align:left;width:100%;border-collapse:collapse;padding:3px 3px 3px 3px">

<tr style="text-align:center;font-weight:bold;background:#9CBCE2">

<td>L625</td>

</tr>

<tr>

<td>

<table style="font-family:Arial,Verdana,Times;font-size:12px;text-align:left;width:100%;border-spacing:0px; padding:3px 3px 3px 3px">

<tr>

<td>FID</td>

<td>1</td>

</tr>

<tr bgcolor="#D4E4F3">

<td>LINEA</td>

<td>L625</td>

</tr>

<tr>

<td>TIPO</td>

<td>LINEA ELECTRICA AEREA</td>

</tr>

<tr bgcolor="#D4E4F3">

<td>RECORRIDO</td>

<td>SET CAUDIVILLA - SET HUANDOY</td>

</tr>

</table>

</td>

</tr>

</table>

</body>

</html>]]></description>
				<styleUrl>#LineStyle3034</styleUrl>
				<MultiGeometry>
					<LineString>
						<tessellate>1</tessellate>
						<coordinates>
							-77.08155976499995,-11.95633893099995,0 -77.08244497399994,-11.95566356099993,0 -77.08328414699997,-11.95497045399998,0 -77.08373292799996,-11.95484059399996,0 -77.08452318299999,-11.95495222099992,0 -77.08516865799999,-11.95533605799995,0 
						</coordinates>
					</LineString>
				</MultiGeometry>
			</Placemark>
			<Placemark id="ID_30002">
				<name>L625</name>
				<Snippet maxLines="0"></Snippet>
				<description><![CDATA[<html xmlns:fo="http://www.w3.org/1999/XSL/Format" xmlns:msxsl="urn:schemas-microsoft-com:xslt">

<head>

<META http-equiv="Content-Type" content="text/html">

<meta http-equiv="content-type" content="text/html; charset=UTF-8">

</head>

<body style="margin:0px 0px 0px 0px;overflow:auto;background:#FFFFFF;">

<table style="font-family:Arial,Verdana,Times;font-size:12px;text-align:left;width:100%;border-collapse:collapse;padding:3px 3px 3px 3px">

<tr style="text-align:center;font-weight:bold;background:#9CBCE2">

<td>L625</td>

</tr>

<tr>

<td>

<table style="font-family:Arial,Verdana,Times;font-size:12px;text-align:left;width:100%;border-spacing:0px; padding:3px 3px 3px 3px">

<tr>

<td>FID</td>

<td>2</td>

</tr>

<tr bgcolor="#D4E4F3">

<td>LINEA</td>

<td>L625</td>

</tr>

<tr>

<td>TIPO</td>

<td>LINEA ELECTRICA AEREA</td>

</tr>

<tr bgcolor="#D4E4F3">

<td>RECORRIDO</td>

<td>SET CAUDIVILLA - SET HUANDOY</td>

</tr>

</table>

</td>

</tr>

</table>

</body>

</html>]]></description>
				<styleUrl>#LineStyle3034</styleUrl>
				<MultiGeometry>
					<LineString>
						<tessellate>1</tessellate>
						<coordinates>
							-77.08503741699997,-11.95617755799998,0 -77.08483565499995,-11.95739917399994,0 -77.08470538299997,-11.95836719699997,0 
						</coordinates>
					</LineString>
				</MultiGeometry>
			</Placemark>
		</Folder>
	</Document>
	<Document id="LINEA_ELECTRICA_622" xsi:schemaLocation="http://www.opengis.net/kml/2.2 http://schemas.opengis.net/kml/2.2.0/ogckml22.xsd http://www.google.com/kml/ext/2.2 http://code.google.com/apis/kml/schema/kml22gx.xsd">
		<name>LINEA ELECTRICA 622</name>
		<open>1</open>
		<Snippet maxLines="0"></Snippet>
		<Style id="LineStyle2055">
			<LabelStyle>
				<color>00000000</color>
				<scale>0</scale>
			</LabelStyle>
			<LineStyle>
				<color>ffe65c00</color>
				<width>1.7</width>
			</LineStyle>
			<PolyStyle>
				<color>00000000</color>
				<outline>0</outline>
			</PolyStyle>
		</Style>
		<Style id="LineStyle3035">
			<LabelStyle>
				<color>00000000</color>
				<scale>0</scale>
			</LabelStyle>
			<LineStyle>
				<color>ff0000ff</color>
				<width>1.7</width>
			</LineStyle>
			<PolyStyle>
				<color>00000000</color>
				<outline>0</outline>
			</PolyStyle>
		</Style>
		<Folder id="FeatureLayer2">
			<name>LINEA_ELECTRICA_AEREA_622</name>
			<open>1</open>
			<Snippet maxLines="0"></Snippet>
			<Placemark id="ID_20000">
				<name>L622</name>
				<Snippet maxLines="0"></Snippet>
				<description><![CDATA[<html xmlns:fo="http://www.w3.org/1999/XSL/Format" xmlns:msxsl="urn:schemas-microsoft-com:xslt">

<head>

<META http-equiv="Content-Type" content="text/html">

<meta http-equiv="content-type" content="text/html; charset=UTF-8">

</head>

<body style="margin:0px 0px 0px 0px;overflow:auto;background:#FFFFFF;">

<table style="font-family:Arial,Verdana,Times;font-size:12px;text-align:left;width:100%;border-collapse:collapse;padding:3px 3px 3px 3px">

<tr style="text-align:center;font-weight:bold;background:#9CBCE2">

<td>L622</td>

</tr>

<tr>

<td>

<table style="font-family:Arial,Verdana,Times;font-size:12px;text-align:left;width:100%;border-spacing:0px; padding:3px 3px 3px 3px">

<tr>

<td>FID</td>

<td>0</td>

</tr>

<tr bgcolor="#D4E4F3">

<td>LINEA</td>

<td>L622</td>

</tr>

<tr>

<td>TIPO</td>

<td>LINEA ELECTRICA AEREA</td>

</tr>

<tr bgcolor="#D4E4F3">

<td>RECORRIDO</td>

<td>SET CHAVARRIA - SET JOSE GRANDA</td>

</tr>

</table>

</td>

</tr>

</table>

</body>

</html>]]></description>
				<styleUrl>#LineStyle2055</styleUrl>
				<MultiGeometry>
					<LineString>
						<tessellate>1</tessellate>
						<coordinates>
							-77.07500052270279,-12.01204340875299,0 -77.07403907568801,-12.0118818688777,0 -77.0729083383678,-12.01168894488489,0 -77.07177956608879,-12.0114851378819,0 -77.07084540031229,-12.0112217886182,0 -77.07000652099998,-12.01096848799995,0 -77.06888352899995,-12.01058816899996,0 -77.06801903354039,-12.0102756756743,0 -77.06709754199994,-12.00995064599993,0 -77.06613110699999,-12.00963242199998,0 -77.0651360330495,-12.00930754409331,0 -77.06471283943699,-12.0090672766121,0 
						</coordinates>
					</LineString>
				</MultiGeometry>
			</Placemark>
			<Placemark id="ID_20001">
				<name>L622</name>
				<Snippet maxLines="0"></Snippet>
				<description><![CDATA[<html xmlns:fo="http://www.w3.org/1999/XSL/Format" xmlns:msxsl="urn:schemas-microsoft-com:xslt">

<head>

<META http-equiv="Content-Type" content="text/html">

<meta http-equiv="content-type" content="text/html; charset=UTF-8">

</head>

<body style="margin:0px 0px 0px 0px;overflow:auto;background:#FFFFFF;">

<table style="font-family:Arial,Verdana,Times;font-size:12px;text-align:left;width:100%;border-collapse:collapse;padding:3px 3px 3px 3px">

<tr style="text-align:center;font-weight:bold;background:#9CBCE2">

<td>L622</td>

</tr>

<tr>

<td>

<table style="font-family:Arial,Verdana,Times;font-size:12px;text-align:left;width:100%;border-spacing:0px; padding:3px 3px 3px 3px">

<tr>

<td>FID</td>

<td>1</td>

</tr>

<tr bgcolor="#D4E4F3">

<td>LINEA</td>

<td>L622</td>

</tr>

<tr>

<td>TIPO</td>

<td>LINEA ELECTRICA AEREA</td>

</tr>

<tr bgcolor="#D4E4F3">

<td>RECORRIDO</td>

<td>SET CHAVARRIA - SET JOSE GRANDA</td>

</tr>

</table>

</td>

</tr>

</table>

</body>

</html>]]></description>
				<styleUrl>#LineStyle2055</styleUrl>
				<MultiGeometry>
					<LineString>
						<tessellate>1</tessellate>
						<coordinates>
							-77.06526765499996,-11.99872995799995,0 -77.06624813999997,-11.99848773199994,0 -77.065693,-11.99836599999999,0 
						</coordinates>
					</LineString>
				</MultiGeometry>
			</Placemark>
		</Folder>
		<Folder id="FeatureLayer3">
			<name>LINEA_ELECTRICA_SUBTERRANEA_622</name>
			<Snippet maxLines="0"></Snippet>
			<Placemark id="ID_30000">
				<Snippet maxLines="0"></Snippet>
				<description><![CDATA[<html xmlns:fo="http://www.w3.org/1999/XSL/Format" xmlns:msxsl="urn:schemas-microsoft-com:xslt">

<head>

<META http-equiv="Content-Type" content="text/html">

<meta http-equiv="content-type" content="text/html; charset=UTF-8">

</head>

<body style="margin:0px 0px 0px 0px;overflow:auto;background:#FFFFFF;">

<table style="font-family:Arial,Verdana,Times;font-size:12px;text-align:left;width:100%;border-collapse:collapse;padding:3px 3px 3px 3px">

<tr style="text-align:center;font-weight:bold;background:#9CBCE2">

<td></td>

</tr>

<tr>

<td>

<table style="font-family:Arial,Verdana,Times;font-size:12px;text-align:left;width:100%;border-spacing:0px; padding:3px 3px 3px 3px">

<tr>

<td>FID</td>

<td>0</td>

</tr>

<tr bgcolor="#D4E4F3">

<td>LINEA</td>

<td>L622</td>

</tr>

<tr>

<td>TIPO</td>

<td>LINEA ELECTRICA SUBTERRANEA</td>

</tr>

<tr bgcolor="#D4E4F3">

<td>RECORRIDO</td>

<td>SET CHAVARRIA - SET JOSE GRANDA</td>

</tr>

</table>

</td>

</tr>

</table>

</body>

</html>]]></description>
				<styleUrl>#LineStyle3035</styleUrl>
				<MultiGeometry>
					<LineString>
						<tessellate>1</tessellate>
						<coordinates>
							-77.07500052270279,-12.01204340875299,0 -77.07508537172552,-12.01207716794411,0 -77.0781411,-12.0125533,0 -77.07848075238458,-12.01319636225112,0 -77.0783502360912,-12.0132590313811,0 
						</coordinates>
					</LineString>
				</MultiGeometry>
			</Placemark>
			<Placemark id="ID_30001">
				<Snippet maxLines="0"></Snippet>
				<description><![CDATA[<html xmlns:fo="http://www.w3.org/1999/XSL/Format" xmlns:msxsl="urn:schemas-microsoft-com:xslt">

<head>

<META http-equiv="Content-Type" content="text/html">

<meta http-equiv="content-type" content="text/html; charset=UTF-8">

</head>

<body style="margin:0px 0px 0px 0px;overflow:auto;background:#FFFFFF;">

<table style="font-family:Arial,Verdana,Times;font-size:12px;text-align:left;width:100%;border-collapse:collapse;padding:3px 3px 3px 3px">

<tr style="text-align:center;font-weight:bold;background:#9CBCE2">

<td></td>

</tr>

<tr>

<td>

<table style="font-family:Arial,Verdana,Times;font-size:12px;text-align:left;width:100%;border-spacing:0px; padding:3px 3px 3px 3px">

<tr>

<td>FID</td>

<td>1</td>

</tr>

<tr bgcolor="#D4E4F3">

<td>LINEA</td>

<td>L622</td>

</tr>

<tr>

<td>TIPO</td>

<td>LINEA ELECTRICA SUBTERRANEA</td>

</tr>

<tr bgcolor="#D4E4F3">

<td>RECORRIDO</td>

<td>SET CHAVARRIA - SET JOSE GRANDA</td>

</tr>

</table>

</td>

</tr>

</table>

</body>

</html>]]></description>
				<styleUrl>#LineStyle3035</styleUrl>
				<MultiGeometry>
					<LineString>
						<tessellate>1</tessellate>
						<coordinates>
							-77.06163817430148,-12.00873008767689,0 -77.06216815000001,-12.00545369,0 -77.06217166,-12.00543531,0 -77.06217965,-12.0053978,0 -77.06218609,-12.00537081999999,0 -77.0621948,-12.0053378,0 -77.0622047,-12.00530384999999,0 -77.06221934,-12.00525885000001,0 -77.06223215,-12.00522334000001,0 -77.06223556,-12.00521439000001,0 -77.06224988,-12.00517872,0 -77.06226739,-12.00513869999999,0 -77.06229095,-12.00508978,0 -77.06231115,-12.00505144000001,0 -77.06233623999999,-12.00500762000001,0 -77.06240552,-12.00478808999999,0 -77.06232247,-12.00401826,0 -77.06230897,-12.00382403,0 -77.062198,-12.00305212,0 -77.06220279,-12.00289321,0 -77.06289887,-11.99827478999999,0 -77.06298578000001,-11.99821924999999,0 -77.06399482,-11.99836403999999,0 -77.0648813243546,-11.99805858867919,0 -77.06512453645226,-11.99877316756686,0 -77.06526765499996,-11.99872995799995,0 
						</coordinates>
					</LineString>
				</MultiGeometry>
			</Placemark>
			<Placemark id="ID_30002">
				<Snippet maxLines="0"></Snippet>
				<description><![CDATA[<html xmlns:fo="http://www.w3.org/1999/XSL/Format" xmlns:msxsl="urn:schemas-microsoft-com:xslt">

<head>

<META http-equiv="Content-Type" content="text/html">

<meta http-equiv="content-type" content="text/html; charset=UTF-8">

</head>

<body style="margin:0px 0px 0px 0px;overflow:auto;background:#FFFFFF;">

<table style="font-family:Arial,Verdana,Times;font-size:12px;text-align:left;width:100%;border-collapse:collapse;padding:3px 3px 3px 3px">

<tr style="text-align:center;font-weight:bold;background:#9CBCE2">

<td></td>

</tr>

<tr>

<td>

<table style="font-family:Arial,Verdana,Times;font-size:12px;text-align:left;width:100%;border-spacing:0px; padding:3px 3px 3px 3px">

<tr>

<td>FID</td>

<td>2</td>

</tr>

<tr bgcolor="#D4E4F3">

<td>LINEA</td>

<td>L622</td>

</tr>

<tr>

<td>TIPO</td>

<td>LINEA ELECTRICA SUBTERRANEA</td>

</tr>

<tr bgcolor="#D4E4F3">

<td>RECORRIDO</td>

<td>SET CHAVARRIA - SET JOSE GRANDA</td>

</tr>

</table>

</td>

</tr>

</table>

</body>

</html>]]></description>
				<styleUrl>#LineStyle3035</styleUrl>
				<MultiGeometry>
					<LineString>
						<tessellate>1</tessellate>
						<coordinates>
							-77.06471283943699,-12.0090672766121,0 -77.0646501195355,-12.00907600931601,0 -77.0620564275133,-12.00870309651451,0 -77.0616969655466,-12.0087374193345,0 -77.06163817451021,-12.0087300877096,0 
						</coordinates>
					</LineString>
				</MultiGeometry>
			</Placemark>
		</Folder>
	</Document>
	<Document id="LINEA_ELECTRICA_616" xsi:schemaLocation="http://www.opengis.net/kml/2.2 http://schemas.opengis.net/kml/2.2.0/ogckml22.xsd http://www.google.com/kml/ext/2.2 http://code.google.com/apis/kml/schema/kml22gx.xsd">
		<name>LINEA ELECTRICA 616</name>
		<open>1</open>
		<Snippet maxLines="0"></Snippet>
		<Style id="LineStyle2056">
			<LabelStyle>
				<color>00000000</color>
				<scale>0</scale>
			</LabelStyle>
			<LineStyle>
				<color>ffe65c00</color>
				<width>2</width>
			</LineStyle>
			<PolyStyle>
				<color>00000000</color>
				<outline>0</outline>
			</PolyStyle>
		</Style>
		<Style id="LineStyle3036">
			<LabelStyle>
				<color>00000000</color>
				<scale>0</scale>
			</LabelStyle>
			<LineStyle>
				<color>ff0000ff</color>
				<width>2</width>
			</LineStyle>
			<PolyStyle>
				<color>00000000</color>
				<outline>0</outline>
			</PolyStyle>
		</Style>
		<Folder id="FeatureLayer2">
			<name>LINEA ELECTRICA 616</name>
			<open>1</open>
			<Snippet maxLines="0"></Snippet>
			<Placemark id="ID_20000">
				<name>L616</name>
				<Snippet maxLines="0"></Snippet>
				<description><![CDATA[<html xmlns:fo="http://www.w3.org/1999/XSL/Format" xmlns:msxsl="urn:schemas-microsoft-com:xslt">

<head>

<META http-equiv="Content-Type" content="text/html">

<meta http-equiv="content-type" content="text/html; charset=UTF-8">

</head>

<body style="margin:0px 0px 0px 0px;overflow:auto;background:#FFFFFF;">

<table style="font-family:Arial,Verdana,Times;font-size:12px;text-align:left;width:100%;border-collapse:collapse;padding:3px 3px 3px 3px">

<tr style="text-align:center;font-weight:bold;background:#9CBCE2">

<td>L616</td>

</tr>

<tr>

<td>

<table style="font-family:Arial,Verdana,Times;font-size:12px;text-align:left;width:100%;border-spacing:0px; padding:3px 3px 3px 3px">

<tr>

<td>FID</td>

<td>0</td>

</tr>

<tr bgcolor="#D4E4F3">

<td>Id</td>

<td>0</td>

</tr>

<tr>

<td>LINEA</td>

<td>L616</td>

</tr>

<tr bgcolor="#D4E4F3">

<td>TIPO</td>

<td>LINEA ELECTRICA SUBTERRANEA</td>

</tr>

<tr>

<td>RECORRIDO</td>

<td>SET BARSI - SET MARANGA</td>

</tr>

</table>

</td>

</tr>

</table>

</body>

</html>]]></description>
				<styleUrl>#LineStyle2056</styleUrl>
				<MultiGeometry>
					<LineString>
						<tessellate>1</tessellate>
						<coordinates>
							-77.09718399999998,-12.06983199999999,0 -77.09714077599995,-12.06952095699996,0 -77.09777386599994,-12.06945291999994,0 -77.09793682799994,-12.06915344499992,0 -77.09763532799997,-12.06817060099993,0 -77.09742523199996,-12.06713283999994,0 -77.09731565099996,-12.06603105699998,0 -77.09723872399996,-12.06440483599994,0 -77.09718016299996,-12.0627784769999,0 -77.09726158499994,-12.06144027199998,0 -77.09741407399997,-12.05979424699992,0 -77.09756684399997,-12.05818437099997,0 -77.09758267899997,-12.05785889199995,0 -77.09837456399998,-12.04987256799993,0 -77.09811635299997,-12.04972990799993,0 
						</coordinates>
					</LineString>
				</MultiGeometry>
			</Placemark>
		</Folder>
		<Folder id="FeatureLayer3">
			<name>LINEA_ELECTRICA_SUBTERRANEA_616</name>
			<Snippet maxLines="0"></Snippet>
			<Placemark id="ID_30000">
				<name>L646</name>
				<Snippet maxLines="0"></Snippet>
				<description><![CDATA[<html xmlns:fo="http://www.w3.org/1999/XSL/Format" xmlns:msxsl="urn:schemas-microsoft-com:xslt">

<head>

<META http-equiv="Content-Type" content="text/html">

<meta http-equiv="content-type" content="text/html; charset=UTF-8">

</head>

<body style="margin:0px 0px 0px 0px;overflow:auto;background:#FFFFFF;">

<table style="font-family:Arial,Verdana,Times;font-size:12px;text-align:left;width:100%;border-collapse:collapse;padding:3px 3px 3px 3px">

<tr style="text-align:center;font-weight:bold;background:#9CBCE2">

<td>L646</td>

</tr>

<tr>

<td>

<table style="font-family:Arial,Verdana,Times;font-size:12px;text-align:left;width:100%;border-spacing:0px; padding:3px 3px 3px 3px">

<tr>

<td>FID</td>

<td>0</td>

</tr>

<tr bgcolor="#D4E4F3">

<td>LINEA</td>

<td>L646</td>

</tr>

<tr>

<td>TIPO</td>

<td>LINEA ELECTRICA SUBTERRANEA</td>

</tr>

<tr bgcolor="#D4E4F3">

<td>RECORRIDO</td>

<td>SET BARSI - SET MARANGA</td>

</tr>

</table>

</td>

</tr>

</table>

</body>

</html>]]></description>
				<styleUrl>#LineStyle3036</styleUrl>
				<MultiGeometry>
					<LineString>
						<tessellate>1</tessellate>
						<coordinates>
							-77.09837456399998,-12.04987256799994,0 -77.09838761025541,-12.04972221649408,0 -77.10337298238484,-12.05014857195821,0 -77.10433087769235,-12.04957812159145,0 -77.10440170018136,-12.0488579240024,0 -77.10483511408168,-12.0488970790437,0 -77.10486560349239,-12.04867146957559,0 
						</coordinates>
					</LineString>
				</MultiGeometry>
			</Placemark>
		</Folder>
	</Document>
	<Document id="LINEA_ELECTRICA_615" xsi:schemaLocation="http://www.opengis.net/kml/2.2 http://schemas.opengis.net/kml/2.2.0/ogckml22.xsd http://www.google.com/kml/ext/2.2 http://code.google.com/apis/kml/schema/kml22gx.xsd">
		<name>LINEA ELECTRICA 615</name>
		<open>1</open>
		<Snippet maxLines="0"></Snippet>
		<Style id="LineStyle2000">
			<LabelStyle>
				<color>00000000</color>
				<scale>0</scale>
			</LabelStyle>
			<LineStyle>
				<color>ff0000ff</color>
				<width>1.7</width>
			</LineStyle>
			<PolyStyle>
				<color>00000000</color>
				<outline>0</outline>
			</PolyStyle>
		</Style>
		<Style id="LineStyle20110">
			<LabelStyle>
				<color>00000000</color>
				<scale>0</scale>
			</LabelStyle>
			<LineStyle>
				<color>ff0000ff</color>
				<width>1.7</width>
			</LineStyle>
			<PolyStyle>
				<color>00000000</color>
				<outline>0</outline>
			</PolyStyle>
		</Style>
		<StyleMap id="LineStyle20210">
			<Pair>
				<key>normal</key>
				<styleUrl>#LineStyle2057</styleUrl>
			</Pair>
			<Pair>
				<key>highlight</key>
				<styleUrl>#LineStyle2000</styleUrl>
			</Pair>
		</StyleMap>
		<Style id="LineStyle2057">
			<LabelStyle>
				<color>00000000</color>
				<scale>0</scale>
			</LabelStyle>
			<LineStyle>
				<color>ff0000ff</color>
				<width>1.7</width>
			</LineStyle>
			<PolyStyle>
				<color>00000000</color>
				<outline>0</outline>
			</PolyStyle>
		</Style>
		<Style id="LineStyle3000">
			<LabelStyle>
				<color>00000000</color>
				<scale>0</scale>
			</LabelStyle>
			<LineStyle>
				<color>ffff7000</color>
				<width>2</width>
			</LineStyle>
			<PolyStyle>
				<color>00000000</color>
				<outline>0</outline>
			</PolyStyle>
		</Style>
		<StyleMap id="LineStyle30110">
			<Pair>
				<key>normal</key>
				<styleUrl>#LineStyle3040</styleUrl>
			</Pair>
			<Pair>
				<key>highlight</key>
				<styleUrl>#LineStyle30210</styleUrl>
			</Pair>
		</StyleMap>
		<Style id="LineStyle30210">
			<LabelStyle>
				<color>00000000</color>
				<scale>0</scale>
			</LabelStyle>
			<LineStyle>
				<color>ffff7000</color>
				<width>2</width>
			</LineStyle>
			<PolyStyle>
				<color>00000000</color>
				<outline>0</outline>
			</PolyStyle>
		</Style>
		<StyleMap id="LineStyle3037">
			<Pair>
				<key>normal</key>
				<styleUrl>#LineStyle3000</styleUrl>
			</Pair>
			<Pair>
				<key>highlight</key>
				<styleUrl>#LineStyle3038</styleUrl>
			</Pair>
		</StyleMap>
		<Style id="LineStyle3038">
			<LabelStyle>
				<color>00000000</color>
				<scale>0</scale>
			</LabelStyle>
			<LineStyle>
				<color>ffff7000</color>
				<width>2</width>
			</LineStyle>
			<PolyStyle>
				<color>00000000</color>
				<outline>0</outline>
			</PolyStyle>
		</Style>
		<Style id="LineStyle3040">
			<LabelStyle>
				<color>00000000</color>
				<scale>0</scale>
			</LabelStyle>
			<LineStyle>
				<color>ffff7000</color>
				<width>2</width>
			</LineStyle>
			<PolyStyle>
				<color>00000000</color>
				<outline>0</outline>
			</PolyStyle>
		</Style>
		<Folder id="FeatureLayer2">
			<name>LINEA_ELECTRICA_SUBTERRANEA_615</name>
			<Snippet maxLines="0"></Snippet>
			<Placemark id="ID_20000">
				<name>L615</name>
				<Snippet maxLines="0"></Snippet>
				<description><![CDATA[<html xmlns:fo="http://www.w3.org/1999/XSL/Format" xmlns:msxsl="urn:schemas-microsoft-com:xslt">

<head>

<META http-equiv="Content-Type" content="text/html">

<meta http-equiv="content-type" content="text/html; charset=UTF-8">

</head>

<body style="margin:0px 0px 0px 0px;overflow:auto;background:#FFFFFF;">

<table style="font-family:Arial,Verdana,Times;font-size:12px;text-align:left;width:100%;border-collapse:collapse;padding:3px 3px 3px 3px">

<tr style="text-align:center;font-weight:bold;background:#9CBCE2">

<td>L615</td>

</tr>

<tr>

<td>

<table style="font-family:Arial,Verdana,Times;font-size:12px;text-align:left;width:100%;border-spacing:0px; padding:3px 3px 3px 3px">

<tr>

<td>FID</td>

<td>0</td>

</tr>

<tr bgcolor="#D4E4F3">

<td>Id</td>

<td>0</td>

</tr>

<tr>

<td>LINEA</td>

<td>L615</td>

</tr>

<tr bgcolor="#D4E4F3">

<td>TIPO</td>

<td>LINEA ELECTRICA SUBTERRANEA</td>

</tr>

<tr>

<td>RECORRIDO</td>

<td>SET BARSI - SET CUSCO</td>

</tr>

</table>

</td>

</tr>

</table>

</body>

</html>]]></description>
				<styleUrl>#LineStyle20110</styleUrl>
				<MultiGeometry>
					<LineString>
						<tessellate>1</tessellate>
						<coordinates>
							-77.07643199999994,-12.07971666699996,0 -77.07644241490961,-12.07973941679851,0 -77.07617599999998,-12.07986111099996,0 -77.07577147272582,-12.0800315435135,0 -77.07605421357374,-12.08095879812198,0 -77.07643935449103,-12.08208882036369,0 -77.07689012881252,-12.0832146456148,0 -77.07710766947959,-12.08372447363937,0 -77.07732486942059,-12.08419001831341,0 -77.07818451973705,-12.08577000978666,0 -77.07886560516781,-12.08544136080149,0 -77.07883328621206,-12.0853709264219,0 -77.07882666997033,-12.08535850365259,0 
						</coordinates>
					</LineString>
				</MultiGeometry>
			</Placemark>
			<Placemark id="ID_20001">
				<name>L615</name>
				<Snippet maxLines="0"></Snippet>
				<description><![CDATA[<html xmlns:fo="http://www.w3.org/1999/XSL/Format" xmlns:msxsl="urn:schemas-microsoft-com:xslt">

<head>

<META http-equiv="Content-Type" content="text/html">

<meta http-equiv="content-type" content="text/html; charset=UTF-8">

</head>

<body style="margin:0px 0px 0px 0px;overflow:auto;background:#FFFFFF;">

<table style="font-family:Arial,Verdana,Times;font-size:12px;text-align:left;width:100%;border-collapse:collapse;padding:3px 3px 3px 3px">

<tr style="text-align:center;font-weight:bold;background:#9CBCE2">

<td>L615</td>

</tr>

<tr>

<td>

<table style="font-family:Arial,Verdana,Times;font-size:12px;text-align:left;width:100%;border-spacing:0px; padding:3px 3px 3px 3px">

<tr>

<td>FID</td>

<td>1</td>

</tr>

<tr bgcolor="#D4E4F3">

<td>Id</td>

<td>0</td>

</tr>

<tr>

<td>LINEA</td>

<td>L615</td>

</tr>

<tr bgcolor="#D4E4F3">

<td>TIPO</td>

<td>LINEA ELECTRICA SUBTERRANEA</td>

</tr>

<tr>

<td>RECORRIDO</td>

<td>SET BARSI - SET CUSCO</td>

</tr>

</table>

</td>

</tr>

</table>

</body>

</html>]]></description>
				<styleUrl>#LineStyle20110</styleUrl>
				<MultiGeometry>
					<LineString>
						<tessellate>1</tessellate>
						<coordinates>
							-77.09837898584399,-12.04987301335529,0 -77.0984583532572,-12.04972774694271,0 -77.10337298238485,-12.05014857195821,0 -77.10433087769235,-12.04957812159145,0 -77.10440170018136,-12.0488579240024,0 -77.10483511408169,-12.0488970790437,0 -77.1048656034924,-12.0486714695756,0 
						</coordinates>
					</LineString>
				</MultiGeometry>
			</Placemark>
			<Placemark id="ID_20002">
				<name>L615</name>
				<Snippet maxLines="0"></Snippet>
				<description><![CDATA[<html xmlns:fo="http://www.w3.org/1999/XSL/Format" xmlns:msxsl="urn:schemas-microsoft-com:xslt">

<head>

<META http-equiv="Content-Type" content="text/html">

<meta http-equiv="content-type" content="text/html; charset=UTF-8">

</head>

<body style="margin:0px 0px 0px 0px;overflow:auto;background:#FFFFFF;">

<table style="font-family:Arial,Verdana,Times;font-size:12px;text-align:left;width:100%;border-collapse:collapse;padding:3px 3px 3px 3px">

<tr style="text-align:center;font-weight:bold;background:#9CBCE2">

<td>L615</td>

</tr>

<tr>

<td>

<table style="font-family:Arial,Verdana,Times;font-size:12px;text-align:left;width:100%;border-spacing:0px; padding:3px 3px 3px 3px">

<tr>

<td>FID</td>

<td>2</td>

</tr>

<tr bgcolor="#D4E4F3">

<td>Id</td>

<td>0</td>

</tr>

<tr>

<td>LINEA</td>

<td>L615</td>

</tr>

<tr bgcolor="#D4E4F3">

<td>TIPO</td>

<td>LINEA ELECTRICA SUBTERRANEA</td>

</tr>

<tr>

<td>RECORRIDO</td>

<td>SET BARSI - SET CUSCO</td>

</tr>

</table>

</td>

</tr>

</table>

</body>

</html>]]></description>
				<styleUrl>#LineStyle20210</styleUrl>
				<MultiGeometry>
					<LineString>
						<tessellate>1</tessellate>
						<coordinates>
							-77.09811664158755,-12.04972032727658,0 -77.09666898544762,-12.04965600977687,0 -77.09609083298591,-12.05294952852292,0 -77.09574738794819,-12.05330482187212,0 -77.09571271115971,-12.05353225185777,0 -77.09542810857258,-12.0552082705984,0 -77.09541846792797,-12.055531162473,0 -77.09562186250886,-12.05591223323879,0 -77.09690381657029,-12.05752445368895,0 -77.09751153710793,-12.05756770312388,0 -77.09748620448875,-12.05782495339785,0 -77.097551,-12.057846,0 
						</coordinates>
					</LineString>
				</MultiGeometry>
			</Placemark>
		</Folder>
		<Folder id="FeatureLayer3">
			<name>LINEA_ELECTRICA_AEREA_615</name>
			<open>1</open>
			<Snippet maxLines="0"></Snippet>
			<Placemark id="ID_30000">
				<name>L615 [1:LineString]</name>
				<Snippet maxLines="0"></Snippet>
				<description><![CDATA[<html xmlns:fo="http://www.w3.org/1999/XSL/Format" xmlns:msxsl="urn:schemas-microsoft-com:xslt">

<head>

<META http-equiv="Content-Type" content="text/html">

<meta http-equiv="content-type" content="text/html; charset=UTF-8">

</head>

<body style="margin:0px 0px 0px 0px;overflow:auto;background:#FFFFFF;">

<table style="font-family:Arial,Verdana,Times;font-size:12px;text-align:left;width:100%;border-collapse:collapse;padding:3px 3px 3px 3px">

<tr style="text-align:center;font-weight:bold;background:#9CBCE2">

<td>L615</td>

</tr>

<tr>

<td>

<table style="font-family:Arial,Verdana,Times;font-size:12px;text-align:left;width:100%;border-spacing:0px; padding:3px 3px 3px 3px">

<tr>

<td>FID</td>

<td>0</td>

</tr>

<tr bgcolor="#D4E4F3">

<td>Id</td>

<td>0</td>

</tr>

<tr>

<td>LINEA</td>

<td>L615</td>

</tr>

<tr bgcolor="#D4E4F3">

<td>TIPO</td>

<td>LINEA ELECTRICA AEREA</td>

</tr>

<tr>

<td>RECORRIDO</td>

<td>SET BARSI - SET CUSCO</td>

</tr>

</table>

</td>

</tr>

</table>

</body>

</html>]]></description>
				<styleUrl>#LineStyle3037</styleUrl>
				<LineString>
					<tessellate>1</tessellate>
					<coordinates>
						-77.07643199999994,-12.07971666699996,0 -77.07794592740646,-12.07919714563477,0 -77.07944194090675,-12.07865276579452,0 -77.08064436455635,-12.07835512656469,0 -77.08184746369474,-12.07820447218351,0 -77.08348380337723,-12.07815208892587,0 -77.08514534905073,-12.07814065366336,0 -77.08659307640634,-12.07810592071319,0 -77.08842701070854,-12.07806946196793,0 -77.09027346341244,-12.07803728877352,0 -77.09135864593792,-12.07795878676882,0 -77.0924403218592,-12.07774132073697,0 -77.09315273370589,-12.07727612177227,0 -77.09315327176397,-12.0768792139409,0 -77.09239453868462,-12.07518233534154,0 -77.09212055560789,-12.07421442610833,0 -77.092072644114,-12.07311812674387,0 -77.09189080088932,-12.07170971396518,0 -77.09177321581268,-12.07055945554,0 -77.09284989549704,-12.0699860059093,0 -77.09454490635045,-12.06979895522414,0 -77.0961226564956,-12.06961931072599,0 -77.09777361678725,-12.06945295108137,0 -77.09793749582794,-12.06915377878986,0 -77.09763860299532,-12.06815215031848,0 -77.09742969709372,-12.06711565191751,0 -77.09731774586406,-12.06601694462441,0 -77.09724167030274,-12.06438706268374,0 -77.09718280101517,-12.06276627011952,0 -77.09726320177711,-12.06143628500875,0 -77.09741604682458,-12.05979000525211,0 -77.09756687112956,-12.05817880544217,0 -77.097551,-12.057846,0 
					</coordinates>
				</LineString>
			</Placemark>
			<Placemark id="ID_30001">
				<name>L615</name>
				<Snippet maxLines="0"></Snippet>
				<description><![CDATA[<html xmlns:fo="http://www.w3.org/1999/XSL/Format" xmlns:msxsl="urn:schemas-microsoft-com:xslt">

<head>

<META http-equiv="Content-Type" content="text/html">

<meta http-equiv="content-type" content="text/html; charset=UTF-8">

</head>

<body style="margin:0px 0px 0px 0px;overflow:auto;background:#FFFFFF;">

<table style="font-family:Arial,Verdana,Times;font-size:12px;text-align:left;width:100%;border-collapse:collapse;padding:3px 3px 3px 3px">

<tr style="text-align:center;font-weight:bold;background:#9CBCE2">

<td>L615</td>

</tr>

<tr>

<td>

<table style="font-family:Arial,Verdana,Times;font-size:12px;text-align:left;width:100%;border-spacing:0px; padding:3px 3px 3px 3px">

<tr>

<td>FID</td>

<td>1</td>

</tr>

<tr bgcolor="#D4E4F3">

<td>Id</td>

<td>0</td>

</tr>

<tr>

<td>LINEA</td>

<td>L615</td>

</tr>

<tr bgcolor="#D4E4F3">

<td>TIPO</td>

<td>LINEA ELECTRICA AEREA</td>

</tr>

<tr>

<td>RECORRIDO</td>

<td>SET BARSI - SET CUSCO</td>

</tr>

</table>

</td>

</tr>

</table>

</body>

</html>]]></description>
				<styleUrl>#LineStyle30110</styleUrl>
				<MultiGeometry>
					<LineString>
						<tessellate>1</tessellate>
						<coordinates>
							-77.09811664158755,-12.04972032727658,0 -77.09837898584399,-12.04987301335529,0 
						</coordinates>
					</LineString>
				</MultiGeometry>
			</Placemark>
		</Folder>
	</Document>
	<Document id="LINE_ELECTRICA_2005" xsi:schemaLocation="http://www.opengis.net/kml/2.2 http://schemas.opengis.net/kml/2.2.0/ogckml22.xsd http://www.google.com/kml/ext/2.2 http://code.google.com/apis/kml/schema/kml22gx.xsd">
		<name>LINE ELECTRICA 2005</name>
		<open>1</open>
		<Snippet maxLines="0"></Snippet>
		<Style id="LineStyle2058">
			<LabelStyle>
				<color>00000000</color>
				<scale>0</scale>
			</LabelStyle>
			<LineStyle>
				<color>ffe65c00</color>
				<width>2</width>
			</LineStyle>
			<PolyStyle>
				<color>00000000</color>
				<outline>0</outline>
			</PolyStyle>
		</Style>
		<Style id="LineStyle3039">
			<LabelStyle>
				<color>00000000</color>
				<scale>0</scale>
			</LabelStyle>
			<LineStyle>
				<color>ff0000ff</color>
				<width>1.7</width>
			</LineStyle>
			<PolyStyle>
				<color>00000000</color>
				<outline>0</outline>
			</PolyStyle>
		</Style>
		<Folder id="FeatureLayer2">
			<name>LINEA_ELECTRICA_AEREA_2005</name>
			<open>1</open>
			<Snippet maxLines="0"></Snippet>
			<Placemark id="ID_20000">
				<name>L2005</name>
				<Snippet maxLines="0"></Snippet>
				<description><![CDATA[<html xmlns:fo="http://www.w3.org/1999/XSL/Format" xmlns:msxsl="urn:schemas-microsoft-com:xslt">

<head>

<META http-equiv="Content-Type" content="text/html">

<meta http-equiv="content-type" content="text/html; charset=UTF-8">

</head>

<body style="margin:0px 0px 0px 0px;overflow:auto;background:#FFFFFF;">

<table style="font-family:Arial,Verdana,Times;font-size:12px;text-align:left;width:100%;border-collapse:collapse;padding:3px 3px 3px 3px">

<tr style="text-align:center;font-weight:bold;background:#9CBCE2">

<td>L2005</td>

</tr>

<tr>

<td>

<table style="font-family:Arial,Verdana,Times;font-size:12px;text-align:left;width:100%;border-spacing:0px; padding:3px 3px 3px 3px">

<tr>

<td>FID</td>

<td>0</td>

</tr>

<tr bgcolor="#D4E4F3">

<td>Id</td>

<td>0</td>

</tr>

<tr>

<td>LINEA</td>

<td>L2005</td>

</tr>

<tr bgcolor="#D4E4F3">

<td>TIPO</td>

<td>LINEA ELECTRICA AEREA</td>

</tr>

<tr>

<td>RECORRIDO</td>

<td>SET CHAVARRIA - SET BARSI</td>

</tr>

</table>

</td>

</tr>

</table>

</body>

</html>]]></description>
				<styleUrl>#LineStyle2058</styleUrl>
				<MultiGeometry>
					<LineString>
						<tessellate>1</tessellate>
						<coordinates>
							-77.09811490099997,-12.04599731399997,0 -77.09772787199995,-12.04581946999996,0 -77.09652950099996,-12.04521391399993,0 -77.09501777099996,-12.04445706399996,0 -77.09365344299994,-12.04376236299994,0 -77.09221552899999,-12.04305012999992,0 -77.09088807899997,-12.04237321099993,0 -77.08941317299997,-12.04162508799993,0 -77.08757838199995,-12.04064466499995,0 -77.08806035399994,-12.03885156399997,0 -77.08834598799996,-12.03779199899997,0 -77.08845057799994,-12.03706818799999,0 -77.08989427799997,-12.03734658799994,0 -77.09100675299999,-12.03753708499994,0 -77.09138360599997,-12.03758848699994,0 -77.09117040899997,-12.03732798799996,0 -77.09095532399994,-12.03682348199993,0 -77.09020677699993,-12.03501248599996,0 -77.08952404499996,-12.03339982699993,0 -77.08886914599998,-12.03182310699998,0 -77.08813941199998,-12.03006618699993,0 -77.08742874799998,-12.02839949999997,0 -77.08685817899999,-12.02703904999993,0 -77.08581337267,-12.0244398201631,0 -77.08586798199997,-12.02364821299994,0 -77.08597758099995,-12.02238209299997,0 -77.08615235099995,-12.02123297999998,0 -77.08636022099995,-12.01961364999994,0 -77.08654986899995,-12.01801253199994,0 -77.08676726699997,-12.01643831999997,0 -77.08698285299994,-12.01462913799998,0 -77.08717298599998,-12.01309128199996,0 -77.08738947599994,-12.01139958499994,0 -77.08763239199999,-12.00956308599996,0 -77.08741115799995,-12.00944724499993,0 -77.08636667699994,-12.00853317899993,0 -77.08494421099994,-12.00741405399998,0 -77.08387547199999,-12.00692493699996,0 -77.08240425999998,-12.00662860799998,0 -77.08289375899994,-12.00461855099996,0 -77.08329200699995,-12.00268147699995,0 -77.07994057024,-12.0014454729357,0 -77.07675688886,-12.00083058367909,0 -77.07366405758999,-12.0010454450088,0 -77.07245088569999,-11.9999282311958,0 -77.07167371778,-11.9989958881139,0 -77.06826296542999,-11.99798513297729,0 -77.065693,-11.99836599999999,0 
						</coordinates>
					</LineString>
				</MultiGeometry>
			</Placemark>
		</Folder>
		<Folder id="FeatureLayer3">
			<name>LINEA_ELECTRICA_SUBTERRANEA_2005</name>
			<Snippet maxLines="0"></Snippet>
			<Placemark id="ID_30000">
				<Snippet maxLines="0"></Snippet>
				<description><![CDATA[<html xmlns:fo="http://www.w3.org/1999/XSL/Format" xmlns:msxsl="urn:schemas-microsoft-com:xslt">

<head>

<META http-equiv="Content-Type" content="text/html">

<meta http-equiv="content-type" content="text/html; charset=UTF-8">

</head>

<body style="margin:0px 0px 0px 0px;overflow:auto;background:#FFFFFF;">

<table style="font-family:Arial,Verdana,Times;font-size:12px;text-align:left;width:100%;border-collapse:collapse;padding:3px 3px 3px 3px">

<tr style="text-align:center;font-weight:bold;background:#9CBCE2">

<td></td>

</tr>

<tr>

<td>

<table style="font-family:Arial,Verdana,Times;font-size:12px;text-align:left;width:100%;border-spacing:0px; padding:3px 3px 3px 3px">

<tr>

<td>FID</td>

<td>0</td>

</tr>

<tr bgcolor="#D4E4F3">

<td>LINEA</td>

<td>L2005</td>

</tr>

<tr>

<td>TIPO</td>

<td>LINEA ELECTRICA SUBTERRANEA</td>

</tr>

<tr bgcolor="#D4E4F3">

<td>RECORRIDO</td>

<td>SET CHAVARRIA - SET BARSI</td>

</tr>

</table>

</td>

</tr>

</table>

</body>

</html>]]></description>
				<styleUrl>#LineStyle3039</styleUrl>
				<MultiGeometry>
					<LineString>
						<tessellate>1</tessellate>
						<coordinates>
							-77.10406500000001,-12.048027,0 -77.10393255810273,-12.04804130436163,0 -77.10387298870285,-12.0480444966067,0 -77.1039471472653,-12.04712902036542,0 -77.10434746980232,-12.04688079774571,0 -77.10443556956089,-12.046255260099,0 -77.10465871441045,-12.04619268927995,0 -77.10471890151479,-12.04551482500274,0 -77.10382894999999,-12.04546033000001,0 -77.10286698,-12.04542223,0 -77.10192391,-12.04538487,0 -77.09932678,-12.04526841999999,0 -77.09887989000001,-12.04534073999999,0 -77.09849001880907,-12.04523800193944,0 -77.09817372000001,-12.04586765,0 -77.09811490099997,-12.04599731399997,0 
						</coordinates>
					</LineString>
				</MultiGeometry>
			</Placemark>
		</Folder>
	</Document>
	<Document id="LINEA_ELECTRICA_2006" xsi:schemaLocation="http://www.opengis.net/kml/2.2 http://schemas.opengis.net/kml/2.2.0/ogckml22.xsd http://www.google.com/kml/ext/2.2 http://code.google.com/apis/kml/schema/kml22gx.xsd">
		<name>LINEA ELECTRICA 2006</name>
		<open>1</open>
		<Snippet maxLines="0"></Snippet>
		<Style id="LineStyle2059">
			<LabelStyle>
				<color>00000000</color>
				<scale>0</scale>
			</LabelStyle>
			<LineStyle>
				<color>ffe65c00</color>
				<width>2</width>
			</LineStyle>
			<PolyStyle>
				<color>00000000</color>
				<outline>0</outline>
			</PolyStyle>
		</Style>
		<Style id="LineStyle3041">
			<LabelStyle>
				<color>00000000</color>
				<scale>0</scale>
			</LabelStyle>
			<LineStyle>
				<color>ff0000ff</color>
				<width>1.7</width>
			</LineStyle>
			<PolyStyle>
				<color>00000000</color>
				<outline>0</outline>
			</PolyStyle>
		</Style>
		<Folder id="FeatureLayer2">
			<name>LINEA_ELECTRICA_AEREA_2006</name>
			<open>1</open>
			<Snippet maxLines="0"></Snippet>
			<Placemark id="ID_20000">
				<name>L2006</name>
				<Snippet maxLines="0"></Snippet>
				<description><![CDATA[<html xmlns:fo="http://www.w3.org/1999/XSL/Format" xmlns:msxsl="urn:schemas-microsoft-com:xslt">

<head>

<META http-equiv="Content-Type" content="text/html">

<meta http-equiv="content-type" content="text/html; charset=UTF-8">

</head>

<body style="margin:0px 0px 0px 0px;overflow:auto;background:#FFFFFF;">

<table style="font-family:Arial,Verdana,Times;font-size:12px;text-align:left;width:100%;border-collapse:collapse;padding:3px 3px 3px 3px">

<tr style="text-align:center;font-weight:bold;background:#9CBCE2">

<td>L2006</td>

</tr>

<tr>

<td>

<table style="font-family:Arial,Verdana,Times;font-size:12px;text-align:left;width:100%;border-spacing:0px; padding:3px 3px 3px 3px">

<tr>

<td>FID</td>

<td>0</td>

</tr>

<tr bgcolor="#D4E4F3">

<td>Id</td>

<td>0</td>

</tr>

<tr>

<td>LINEA</td>

<td>L2006</td>

</tr>

<tr bgcolor="#D4E4F3">

<td>TIPO</td>

<td>LINEA ELECTRICA AEREA</td>

</tr>

<tr>

<td>RECORRIDO</td>

<td>SET CHAVARRIA - SET BARSI</td>

</tr>

</table>

</td>

</tr>

</table>

</body>

</html>]]></description>
				<styleUrl>#LineStyle2059</styleUrl>
				<MultiGeometry>
					<LineString>
						<tessellate>1</tessellate>
						<coordinates>
							-77.09963664999997,-12.03622505499994,0 -77.09906650199997,-12.03611185399994,0 -77.09804570399996,-12.03590262499995,0 -77.09752083299996,-12.03570773899997,0 -77.09713220799992,-12.03532203499998,0 -77.09623693899992,-12.03353927799995,0 -77.09536915699994,-12.03174727099992,0 -77.09446466499996,-12.02995553499995,0 -77.09240046999997,-12.03016984799996,0 -77.09042814999998,-12.03039249499995,0 -77.08838230599997,-12.03060664099996,0 -77.08813941199998,-12.0300661869999,0 -77.08742874799997,-12.02839949999995,0 -77.08685817899998,-12.02703904999993,0 -77.08581337267,-12.02443982016307,0 -77.08586798199995,-12.02364821299995,0 -77.08597758099995,-12.02238209299995,0 -77.08615235099995,-12.02123297999998,0 -77.08636022099994,-12.01961364999992,0 -77.08654986899995,-12.01801253199993,0 -77.08676726699996,-12.01643831999997,0 -77.08698285299994,-12.01462913799998,0 -77.08717298599998,-12.01309128199994,0 -77.08738947599994,-12.01139958499994,0 -77.08763239199999,-12.00956308599993,0 -77.08636667699993,-12.00853317899993,0 -77.08494421099994,-12.00741405399998,0 -77.08387547199999,-12.00692493699996,0 -77.08250072894998,-12.0064845400596,0 -77.08289375899994,-12.00461855099996,0 -77.08337428099998,-12.00263567499997,0 -77.07994057024,-12.0014454729357,0 -77.07675688886,-12.00083058367909,0 -77.07366405758998,-12.0010454450088,0 -77.07245088569999,-11.9999282311958,0 -77.07167371778,-11.9989958881139,0 -77.06826296542999,-11.99798513297726,0 -77.06569299999997,-11.99836599999996,0 
						</coordinates>
					</LineString>
				</MultiGeometry>
			</Placemark>
			<Placemark id="ID_20001">
				<name>L2006</name>
				<Snippet maxLines="0"></Snippet>
				<description><![CDATA[<html xmlns:fo="http://www.w3.org/1999/XSL/Format" xmlns:msxsl="urn:schemas-microsoft-com:xslt">

<head>

<META http-equiv="Content-Type" content="text/html">

<meta http-equiv="content-type" content="text/html; charset=UTF-8">

</head>

<body style="margin:0px 0px 0px 0px;overflow:auto;background:#FFFFFF;">

<table style="font-family:Arial,Verdana,Times;font-size:12px;text-align:left;width:100%;border-collapse:collapse;padding:3px 3px 3px 3px">

<tr style="text-align:center;font-weight:bold;background:#9CBCE2">

<td>L2006</td>

</tr>

<tr>

<td>

<table style="font-family:Arial,Verdana,Times;font-size:12px;text-align:left;width:100%;border-spacing:0px; padding:3px 3px 3px 3px">

<tr>

<td>FID</td>

<td>1</td>

</tr>

<tr bgcolor="#D4E4F3">

<td>Id</td>

<td>0</td>

</tr>

<tr>

<td>LINEA</td>

<td>L2006</td>

</tr>

<tr bgcolor="#D4E4F3">

<td>TIPO</td>

<td>LINEA ELECTRICA AEREA</td>

</tr>

<tr>

<td>RECORRIDO</td>

<td>SET CHAVARRIA - SET BARSI</td>

</tr>

</table>

</td>

</tr>

</table>

</body>

</html>]]></description>
				<styleUrl>#LineStyle2059</styleUrl>
				<MultiGeometry>
					<LineString>
						<tessellate>1</tessellate>
						<coordinates>
							-77.10149001299999,-12.04077517599996,0 -77.10154929199996,-12.04013304799997,0 
						</coordinates>
					</LineString>
				</MultiGeometry>
			</Placemark>
		</Folder>
		<Folder id="FeatureLayer3">
			<name>LINEA_ELECTRICA_SUBTERRANEA_2006</name>
			<Snippet maxLines="0"></Snippet>
			<Placemark id="ID_30000">
				<Snippet maxLines="0"></Snippet>
				<description><![CDATA[<html xmlns:fo="http://www.w3.org/1999/XSL/Format" xmlns:msxsl="urn:schemas-microsoft-com:xslt">

<head>

<META http-equiv="Content-Type" content="text/html">

<meta http-equiv="content-type" content="text/html; charset=UTF-8">

</head>

<body style="margin:0px 0px 0px 0px;overflow:auto;background:#FFFFFF;">

<table style="font-family:Arial,Verdana,Times;font-size:12px;text-align:left;width:100%;border-collapse:collapse;padding:3px 3px 3px 3px">

<tr style="text-align:center;font-weight:bold;background:#9CBCE2">

<td></td>

</tr>

<tr>

<td>

<table style="font-family:Arial,Verdana,Times;font-size:12px;text-align:left;width:100%;border-spacing:0px; padding:3px 3px 3px 3px">

<tr>

<td>FID</td>

<td>0</td>

</tr>

<tr bgcolor="#D4E4F3">

<td>LINEA</td>

<td>L2006</td>

</tr>

<tr>

<td>TIPO</td>

<td>LINEA ELECTRICA SUBTERRANEA</td>

</tr>

<tr bgcolor="#D4E4F3">

<td>RECORRIDO</td>

<td>SET CHAVARRIA - SET BARSI</td>

</tr>

</table>

</td>

</tr>

</table>

</body>

</html>]]></description>
				<styleUrl>#LineStyle3041</styleUrl>
				<MultiGeometry>
					<LineString>
						<tessellate>1</tessellate>
						<coordinates>
							-77.10406500000001,-12.048027,0 -77.1039447960999,-12.04802074860506,0 -77.10389653244616,-12.0480191261184,0 -77.10397401714572,-12.04714320366651,0 -77.10437093,-12.04689864999999,0 -77.10444935401981,-12.04626637146198,0 -77.1046695,-12.04620108999999,0 -77.10473343,-12.04550238,0 -77.10382964999999,-12.04544306000001,0 -77.10286908,-12.04540567,0 -77.10194536,-12.04536971,0 -77.1019649,-12.04515445999999,0 -77.1020945392434,-12.04365081571033,0 -77.10217453551826,-12.04280310871215,0 -77.10225132321501,-12.04188717290797,0 -77.10235299015731,-12.04108149146979,0 -77.10147645125106,-12.04086991136275,0 -77.10149001299999,-12.04077517599996,0 
						</coordinates>
					</LineString>
				</MultiGeometry>
			</Placemark>
			<Placemark id="ID_30001">
				<Snippet maxLines="0"></Snippet>
				<description><![CDATA[<html xmlns:fo="http://www.w3.org/1999/XSL/Format" xmlns:msxsl="urn:schemas-microsoft-com:xslt">

<head>

<META http-equiv="Content-Type" content="text/html">

<meta http-equiv="content-type" content="text/html; charset=UTF-8">

</head>

<body style="margin:0px 0px 0px 0px;overflow:auto;background:#FFFFFF;">

<table style="font-family:Arial,Verdana,Times;font-size:12px;text-align:left;width:100%;border-collapse:collapse;padding:3px 3px 3px 3px">

<tr style="text-align:center;font-weight:bold;background:#9CBCE2">

<td></td>

</tr>

<tr>

<td>

<table style="font-family:Arial,Verdana,Times;font-size:12px;text-align:left;width:100%;border-spacing:0px; padding:3px 3px 3px 3px">

<tr>

<td>FID</td>

<td>1</td>

</tr>

<tr bgcolor="#D4E4F3">

<td>LINEA</td>

<td>L2006</td>

</tr>

<tr>

<td>TIPO</td>

<td>LINEA ELECTRICA SUBTERRANEA</td>

</tr>

<tr bgcolor="#D4E4F3">

<td>RECORRIDO</td>

<td>SET CHAVARRIA - SET BARSI</td>

</tr>

</table>

</td>

</tr>

</table>

</body>

</html>]]></description>
				<styleUrl>#LineStyle3041</styleUrl>
				<MultiGeometry>
					<LineString>
						<tessellate>1</tessellate>
						<coordinates>
							-77.09963664999998,-12.03622505499994,0 -77.09956151,-12.03724974,0 -77.10080915,-12.03735067,0 -77.10177906,-12.03742914000001,0 -77.10165732,-12.03877064,0 -77.10163253,-12.03904375,0 -77.10158302408666,-12.0394509226549,0 -77.10157588958268,-12.0394966881185,0 -77.10157145345413,-12.03977178485874,0 -77.10157909794403,-12.03981176180792,0 -77.10154929199996,-12.04013304799997,0 
						</coordinates>
					</LineString>
				</MultiGeometry>
			</Placemark>
		</Folder>
	</Document>
	<Document id="LINEA_ELECTRICA_6948" xsi:schemaLocation="http://www.opengis.net/kml/2.2 http://schemas.opengis.net/kml/2.2.0/ogckml22.xsd http://www.google.com/kml/ext/2.2 http://code.google.com/apis/kml/schema/kml22gx.xsd">
		<name>LINEA ELECTRICA 6948</name>
		<open>1</open>
		<Snippet maxLines="0"></Snippet>
		<Style id="LineStyle2060">
			<LabelStyle>
				<color>00000000</color>
				<scale>0</scale>
			</LabelStyle>
			<LineStyle>
				<color>ff0000ff</color>
				<width>1.7</width>
			</LineStyle>
			<PolyStyle>
				<color>00000000</color>
				<outline>0</outline>
			</PolyStyle>
		</Style>
		<Style id="LineStyle3042">
			<LabelStyle>
				<color>00000000</color>
				<scale>0</scale>
			</LabelStyle>
			<LineStyle>
				<color>ffe65c00</color>
				<width>2</width>
			</LineStyle>
			<PolyStyle>
				<color>00000000</color>
				<outline>0</outline>
			</PolyStyle>
		</Style>
		<Folder id="FeatureLayer2">
			<name>LINEA_ELECTRICA_SUBTERRANEA_6948</name>
			<open>1</open>
			<Snippet maxLines="0"></Snippet>
			<Placemark id="ID_20000">
				<Snippet maxLines="0"></Snippet>
				<description><![CDATA[<html xmlns:fo="http://www.w3.org/1999/XSL/Format" xmlns:msxsl="urn:schemas-microsoft-com:xslt">

<head>

<META http-equiv="Content-Type" content="text/html">

<meta http-equiv="content-type" content="text/html; charset=UTF-8">

</head>

<body style="margin:0px 0px 0px 0px;overflow:auto;background:#FFFFFF;">

<table style="font-family:Arial,Verdana,Times;font-size:12px;text-align:left;width:100%;border-collapse:collapse;padding:3px 3px 3px 3px">

<tr style="text-align:center;font-weight:bold;background:#9CBCE2">

<td></td>

</tr>

<tr>

<td>

<table style="font-family:Arial,Verdana,Times;font-size:12px;text-align:left;width:100%;border-spacing:0px; padding:3px 3px 3px 3px">

<tr>

<td>FID</td>

<td>0</td>

</tr>

<tr bgcolor="#D4E4F3">

<td>LINEA</td>

<td>L6948</td>

</tr>

<tr>

<td>TIPO</td>

<td>LINEA ELECTRICA SUBTERRANEA</td>

</tr>

<tr bgcolor="#D4E4F3">

<td>RECORRIDO</td>

<td>SET CHANCAY - SET LOMERA</td>

</tr>

</table>

</td>

</tr>

</table>

</body>

</html>]]></description>
				<styleUrl>#LineStyle2060</styleUrl>
				<MultiGeometry>
					<LineString>
						<tessellate>1</tessellate>
						<coordinates>
							-77.2788718978138,-11.5464890741332,0 -77.27874679641938,-11.54655307517426,0 -77.27790471,-11.54813155999999,0 -77.27774115,-11.54844081999999,0 -77.27751569,-11.54882421999999,0 -77.27736871,-11.54905356,0 -77.27703655000001,-11.54952499999999,0 -77.27571269000001,-11.55132416,0 -77.27502355999999,-11.55226063999999,0 -77.27484312,-11.55248861000001,0 -77.27463520000001,-11.55273008,0 -77.27441159,-11.55296968999999,0 -77.27403663,-11.55332842,0 -77.27372508000001,-11.55359537000001,0 -77.27346561,-11.55379712,0 -77.27316818,-11.55400848,0 -77.27299232,-11.55412390000001,0 -77.27239396,-11.55447561,0 -77.27125631,-11.55512994,0 -77.26923561,-11.55629228000001,0 -77.26907946,-11.55638594999999,0 -77.26890911,-11.55649076,0 -77.26878942,-11.55660428999999,0 -77.26865291999999,-11.55672474,0 -77.26852906000001,-11.55685656000001,0 -77.26841159,-11.55699512,0 -77.26830121,-11.55713886,0 -77.26810644,-11.55743944999999,0 -77.26789048000001,-11.55759898000001,0 -77.26772953,-11.55771094,0 -77.26757289,-11.55777678,0 -77.26741161,-11.55785963999999,0 -77.26725936,-11.55795933999999,0 -77.26711953,-11.55807538000001,0 -77.26699619999999,-11.55820512,0 -77.26688434,-11.55834607,0 -77.26678815,-11.55849919,0 -77.2667142,-11.55864906,0 -77.26662834,-11.55882206000001,0 -77.26655931000001,-11.55899050999999,0 -77.2664978,-11.55915962,0 -77.26644475000001,-11.55933201,0 -77.26640005,-11.55950623,0 -77.26635847999999,-11.55968150999999,0 -77.26624645,-11.56021313000001,0 -77.26621468,-11.56045693,0 -77.26612167,-11.560857,0 -77.26601137,-11.56122738,0 -77.26592522999999,-11.56160481000001,0 -77.2652836,-11.56442069000001,0 -77.26410744,-11.56958404999999,0 -77.26396898,-11.57019133,0 -77.26275425999999,-11.575521,0 -77.26274923934379,-11.57572494182355,0 -77.26275185072247,-11.57576706734564,0 -77.26279827599996,-11.57578827499998,0 
						</coordinates>
					</LineString>
				</MultiGeometry>
			</Placemark>
			<Placemark id="ID_20001">
				<Snippet maxLines="0"></Snippet>
				<description><![CDATA[<html xmlns:fo="http://www.w3.org/1999/XSL/Format" xmlns:msxsl="urn:schemas-microsoft-com:xslt">

<head>

<META http-equiv="Content-Type" content="text/html">

<meta http-equiv="content-type" content="text/html; charset=UTF-8">

</head>

<body style="margin:0px 0px 0px 0px;overflow:auto;background:#FFFFFF;">

<table style="font-family:Arial,Verdana,Times;font-size:12px;text-align:left;width:100%;border-collapse:collapse;padding:3px 3px 3px 3px">

<tr style="text-align:center;font-weight:bold;background:#9CBCE2">

<td></td>

</tr>

<tr>

<td>

<table style="font-family:Arial,Verdana,Times;font-size:12px;text-align:left;width:100%;border-spacing:0px; padding:3px 3px 3px 3px">

<tr>

<td>FID</td>

<td>1</td>

</tr>

<tr bgcolor="#D4E4F3">

<td>LINEA</td>

<td>L6948</td>

</tr>

<tr>

<td>TIPO</td>

<td>LINEA ELECTRICA SUBTERRANEA</td>

</tr>

<tr bgcolor="#D4E4F3">

<td>RECORRIDO</td>

<td>SET CHANCAY - SET LOMERA</td>

</tr>

</table>

</td>

</tr>

</table>

</body>

</html>]]></description>
				<styleUrl>#LineStyle2060</styleUrl>
				<MultiGeometry>
					<LineString>
						<tessellate>1</tessellate>
						<coordinates>
							-77.30038322599995,-11.48661375899997,0 -77.30091535617606,-11.48701695882614,0 -77.30099224088957,-11.48705581129635,0 -77.30106631036642,-11.4871592350062,0 -77.30116878,-11.48747657,0 -77.30118662187773,-11.48754844275239,0 -77.30128628599408,-11.48767561410319,0 -77.30150911179997,-11.48782120010575,0 -77.3016499561072,-11.48797128534122,0 -77.30173433601479,-11.48802166020874,0 -77.30185563000001,-11.48832737000001,0 -77.30189306109577,-11.48844992248294,0 -77.3019817452533,-11.48854937825938,0 -77.30221827,-11.48876365,0 -77.30372492062237,-11.49012961538354,0 -77.30423711650356,-11.4903218201849,0 -77.30410918,-11.49100186,0 -77.30377808,-11.49287458,0 -77.30360566,-11.49385155999999,0 -77.30353079099996,-11.49398112099994,0 
						</coordinates>
					</LineString>
				</MultiGeometry>
			</Placemark>
		</Folder>
		<Folder id="FeatureLayer3">
			<name>LINEA ELECTRICA AEREA 6948</name>
			<open>1</open>
			<Snippet maxLines="0"></Snippet>
			<Placemark id="ID_30000">
				<name>L6948</name>
				<Snippet maxLines="0"></Snippet>
				<description><![CDATA[<html xmlns:fo="http://www.w3.org/1999/XSL/Format" xmlns:msxsl="urn:schemas-microsoft-com:xslt">

<head>

<META http-equiv="Content-Type" content="text/html">

<meta http-equiv="content-type" content="text/html; charset=UTF-8">

</head>

<body style="margin:0px 0px 0px 0px;overflow:auto;background:#FFFFFF;">

<table style="font-family:Arial,Verdana,Times;font-size:12px;text-align:left;width:100%;border-collapse:collapse;padding:3px 3px 3px 3px">

<tr style="text-align:center;font-weight:bold;background:#9CBCE2">

<td>L6948</td>

</tr>

<tr>

<td>

<table style="font-family:Arial,Verdana,Times;font-size:12px;text-align:left;width:100%;border-spacing:0px; padding:3px 3px 3px 3px">

<tr>

<td>FID</td>

<td>0</td>

</tr>

<tr bgcolor="#D4E4F3">

<td>Id</td>

<td>0</td>

</tr>

<tr>

<td>LINEA</td>

<td>L6948</td>

</tr>

<tr bgcolor="#D4E4F3">

<td>TIPO</td>

<td>LINEA ELECTRICA AEREA</td>

</tr>

<tr>

<td>RECORRIDO</td>

<td>SET CHANCAY - SET LOMERA</td>

</tr>

</table>

</td>

</tr>

</table>

</body>

</html>]]></description>
				<styleUrl>#LineStyle3042</styleUrl>
				<MultiGeometry>
					<LineString>
						<tessellate>1</tessellate>
						<coordinates>
							-77.2788718978138,-11.5464890741332,0 -77.279290225031,-11.5456598216246,0 -77.27923077247971,-11.5451243166413,0 -77.2796530572725,-11.5442084074964,0 -77.280145974693,-11.5431392731953,0 -77.28060872657839,-11.54213556803009,0 -77.28100587399996,-11.54131367099995,0 -77.28162823199995,-11.54007974199993,0 -77.28210681799999,-11.53919938799993,0 -77.28259449099994,-11.53830992399998,0 -77.2829990032759,-11.53756739808039,0 -77.28342113899998,-11.53740875799997,0 -77.28388404467771,-11.5365047337971,0 -77.28441318899996,-11.53543088299995,0 -77.28495451399993,-11.53437832899994,0 -77.28519560339291,-11.5332046564988,0 -77.285900944548,-11.53244042403281,0 -77.2865893978217,-11.5310553649462,0 -77.28728978699996,-11.52966070099997,0 -77.2877440201065,-11.52873260947531,0 -77.28842576699998,-11.52735635599994,0 -77.28867370026551,-11.52686227067041,0 -77.2892147609017,-11.52581050654721,0 -77.2897672522343,-11.5249476219935,0 -77.2903197631228,-11.524084701562,0 -77.29079606995801,-11.523371369605,0 -77.2912311078824,-11.5227198403068,0 -77.2918213252243,-11.52183590222781,0 -77.29248747499997,-11.52084482399994,0 -77.29331942597619,-11.5195922504645,0 -77.29413518599995,-11.51837376899993,0 -77.29493202911939,-11.5171770725344,0 -77.2957383455613,-11.5159695464709,0 -77.29638789999996,-11.51480446099992,0 -77.29686295899995,-11.51349938799996,0 -77.29737816616399,-11.5120524348891,0 -77.2978658932972,-11.5106889241002,0 -77.2983216082897,-11.5094148987894,0 -77.2988230475229,-11.50801303337329,0 -77.2993290532698,-11.50659839152271,0 -77.29982905399999,-11.50526136899998,0 -77.30016035399996,-11.50430987099997,0 -77.30057301299996,-11.50322217699994,0 -77.30078762199997,-11.50256982099994,0 -77.30095135499994,-11.50129431799997,0 -77.30164752199994,-11.50014112499997,0 -77.30187722136461,-11.4994853404268,0 -77.30237350399995,-11.49814725999994,0 -77.30286633099996,-11.49677878699992,0 -77.30335915399996,-11.49541031299998,0 -77.30377083899998,-11.49420514599995,0 -77.30353079099996,-11.49398112099994,0 
						</coordinates>
					</LineString>
				</MultiGeometry>
			</Placemark>
			<Placemark id="ID_30001">
				<name>L6948</name>
				<Snippet maxLines="0"></Snippet>
				<description><![CDATA[<html xmlns:fo="http://www.w3.org/1999/XSL/Format" xmlns:msxsl="urn:schemas-microsoft-com:xslt">

<head>

<META http-equiv="Content-Type" content="text/html">

<meta http-equiv="content-type" content="text/html; charset=UTF-8">

</head>

<body style="margin:0px 0px 0px 0px;overflow:auto;background:#FFFFFF;">

<table style="font-family:Arial,Verdana,Times;font-size:12px;text-align:left;width:100%;border-collapse:collapse;padding:3px 3px 3px 3px">

<tr style="text-align:center;font-weight:bold;background:#9CBCE2">

<td>L6948</td>

</tr>

<tr>

<td>

<table style="font-family:Arial,Verdana,Times;font-size:12px;text-align:left;width:100%;border-spacing:0px; padding:3px 3px 3px 3px">

<tr>

<td>FID</td>

<td>1</td>

</tr>

<tr bgcolor="#D4E4F3">

<td>Id</td>

<td>0</td>

</tr>

<tr>

<td>LINEA</td>

<td>L6948</td>

</tr>

<tr bgcolor="#D4E4F3">

<td>TIPO</td>

<td>LINEA ELECTRICA AEREA</td>

</tr>

<tr>

<td>RECORRIDO</td>

<td>SET CHANCAY - SET LOMERA</td>

</tr>

</table>

</td>

</tr>

</table>

</body>

</html>]]></description>
				<styleUrl>#LineStyle3042</styleUrl>
				<MultiGeometry>
					<LineString>
						<tessellate>1</tessellate>
						<coordinates>
							-77.30038322599995,-11.48661375899997,0 -77.29963342999997,-11.48567079399994,0 -77.29887462399995,-11.48474596999995,0 -77.29828153899996,-11.48391924399993,0 -77.29742922299994,-11.48276018999997,0 -77.29725119999995,-11.48227359599997,0 -77.29677846999994,-11.48159954499994,0 -77.29641261099994,-11.48054509899993,0 -77.29611512599996,-11.48001425899997,0 -77.29514417099995,-11.47891034999998,0 -77.29480000599995,-11.47827143099994,0 -77.29458585699996,-11.47784837699993,0 -77.29369142099995,-11.47714148699992,0 -77.29289440799994,-11.47601812499994,0 -77.29219528999994,-11.47567117399996,0 -77.29136718499996,-11.47523486399996,0 -77.29104402899998,-11.47379147899994,0 -77.29040791199998,-11.47103114299995,0 -77.2887378952652,-11.46750481727809,0 -77.287328612916,-11.46555990096569,0 -77.28479313999998,-11.46210134299997,0 -77.28279206899998,-11.45934260499996,0 -77.28251071099999,-11.45853146599995,0 -77.28190096199995,-11.45675592399994,0 -77.28156725399998,-11.45627052599997,0 -77.27944369499994,-11.45307892599993,0 -77.27872184058791,-11.44756019417049,0 -77.27831289211581,-11.44638122341131,0 -77.2776841700851,-11.44456857232839,0 -77.2770109105286,-11.4426276106328,0 -77.2763496670819,-11.4407209201925,0 -77.27580527572979,-11.43915160097991,0 -77.2751992976433,-11.4374045008177,0 -77.27490836858161,-11.43656569411621,0 -77.2745196530517,-11.4354448022484,0 -77.274208324062,-11.43454640798089,0 -77.27387125379531,-11.433575445822,0 -77.27312698223329,-11.4323610110553,0 -77.2741513310856,-11.43166239530291,0 -77.27475803773829,-11.4325281404802,0 -77.27495999999999,-11.4329,0 
						</coordinates>
					</LineString>
				</MultiGeometry>
			</Placemark>
			<Placemark id="ID_30002">
				<name>L6948</name>
				<Snippet maxLines="0"></Snippet>
				<description><![CDATA[<html xmlns:fo="http://www.w3.org/1999/XSL/Format" xmlns:msxsl="urn:schemas-microsoft-com:xslt">

<head>

<META http-equiv="Content-Type" content="text/html">

<meta http-equiv="content-type" content="text/html; charset=UTF-8">

</head>

<body style="margin:0px 0px 0px 0px;overflow:auto;background:#FFFFFF;">

<table style="font-family:Arial,Verdana,Times;font-size:12px;text-align:left;width:100%;border-collapse:collapse;padding:3px 3px 3px 3px">

<tr style="text-align:center;font-weight:bold;background:#9CBCE2">

<td>L6948</td>

</tr>

<tr>

<td>

<table style="font-family:Arial,Verdana,Times;font-size:12px;text-align:left;width:100%;border-spacing:0px; padding:3px 3px 3px 3px">

<tr>

<td>FID</td>

<td>2</td>

</tr>

<tr bgcolor="#D4E4F3">

<td>Id</td>

<td>0</td>

</tr>

<tr>

<td>LINEA</td>

<td>L6948</td>

</tr>

<tr bgcolor="#D4E4F3">

<td>TIPO</td>

<td>LINEA ELECTRICA AEREA</td>

</tr>

<tr>

<td>RECORRIDO</td>

<td>SET CHANCAY - SET LOMERA</td>

</tr>

</table>

</td>

</tr>

</table>

</body>

</html>]]></description>
				<styleUrl>#LineStyle3042</styleUrl>
				<MultiGeometry>
					<LineString>
						<tessellate>1</tessellate>
						<coordinates>
							-77.25962199999999,-11.583174,0 -77.26002679799996,-11.58333786899993,0 -77.26082133399996,-11.58297921199995,0 -77.26140653199997,-11.58166425299993,0 -77.26181984099998,-11.58063078899993,0 -77.26192219199999,-11.57968108999995,0 -77.26210789899994,-11.57883918499993,0 -77.26228516799995,-11.57808771799995,0 -77.26246228999997,-11.57731817699994,0 -77.26263955699994,-11.57656670899996,0 -77.26279827599996,-11.57578827499998,0 
						</coordinates>
					</LineString>
				</MultiGeometry>
			</Placemark>
		</Folder>
	</Document>
	<Document id="LINEA_ELECTRICA_694" xsi:schemaLocation="http://www.opengis.net/kml/2.2 http://schemas.opengis.net/kml/2.2.0/ogckml22.xsd http://www.google.com/kml/ext/2.2 http://code.google.com/apis/kml/schema/kml22gx.xsd">
		<name>LINEA ELECTRICA 694</name>
		<open>1</open>
		<Snippet maxLines="0"></Snippet>
		<Style id="LineStyle2061">
			<LabelStyle>
				<color>00000000</color>
				<scale>0</scale>
			</LabelStyle>
			<LineStyle>
				<color>ff0000ff</color>
				<width>1.7</width>
			</LineStyle>
			<PolyStyle>
				<color>00000000</color>
				<outline>0</outline>
			</PolyStyle>
		</Style>
		<Style id="LineStyle3043">
			<LabelStyle>
				<color>00000000</color>
				<scale>0</scale>
			</LabelStyle>
			<LineStyle>
				<color>ffe65c00</color>
				<width>2</width>
			</LineStyle>
			<PolyStyle>
				<color>00000000</color>
				<outline>0</outline>
			</PolyStyle>
		</Style>
		<Folder id="FeatureLayer2">
			<name>LINEA_ELECTRICA_SUBTERRANEA_694</name>
			<Snippet maxLines="0"></Snippet>
			<Placemark id="ID_20000">
				<Snippet maxLines="0"></Snippet>
				<description><![CDATA[<html xmlns:fo="http://www.w3.org/1999/XSL/Format" xmlns:msxsl="urn:schemas-microsoft-com:xslt">

<head>

<META http-equiv="Content-Type" content="text/html">

<meta http-equiv="content-type" content="text/html; charset=UTF-8">

</head>

<body style="margin:0px 0px 0px 0px;overflow:auto;background:#FFFFFF;">

<table style="font-family:Arial,Verdana,Times;font-size:12px;text-align:left;width:100%;border-collapse:collapse;padding:3px 3px 3px 3px">

<tr style="text-align:center;font-weight:bold;background:#9CBCE2">

<td></td>

</tr>

<tr>

<td>

<table style="font-family:Arial,Verdana,Times;font-size:12px;text-align:left;width:100%;border-spacing:0px; padding:3px 3px 3px 3px">

<tr>

<td>FID</td>

<td>0</td>

</tr>

<tr bgcolor="#D4E4F3">

<td>LINEA</td>

<td>L694</td>

</tr>

<tr>

<td>TIPO</td>

<td>LINEA ELECTRICA SUBTERRANEA</td>

</tr>

<tr bgcolor="#D4E4F3">

<td>RECORRIDO</td>

<td>SET PMNGA-NVA - SET SUPE</td>

</tr>

</table>

</td>

</tr>

</table>

</body>

</html>]]></description>
				<styleUrl>#LineStyle2061</styleUrl>
				<MultiGeometry>
					<LineString>
						<tessellate>1</tessellate>
						<coordinates>
							-77.74078900000001,-10.79473,0 -77.7407842157286,-10.79443673949628,0 -77.74021543394555,-10.79438831311605,0 -77.74001197589313,-10.79448659091388,0 -77.74021870367284,-10.79484100528883,0 -77.73986256804933,-10.79530266406384,0 -77.73983380249967,-10.79532830378053,0 -77.73909842953285,-10.79596022270958,0 -77.73915226073682,-10.79598421065738,0 -77.73915023599994,-10.79599846299993,0 
						</coordinates>
					</LineString>
				</MultiGeometry>
			</Placemark>
		</Folder>
		<Folder id="FeatureLayer3">
			<name>LINEA ELECTRICA AEREA 694</name>
			<open>1</open>
			<Snippet maxLines="0"></Snippet>
			<Placemark id="ID_30000">
				<name>L694</name>
				<Snippet maxLines="0"></Snippet>
				<description><![CDATA[<html xmlns:fo="http://www.w3.org/1999/XSL/Format" xmlns:msxsl="urn:schemas-microsoft-com:xslt">

<head>

<META http-equiv="Content-Type" content="text/html">

<meta http-equiv="content-type" content="text/html; charset=UTF-8">

</head>

<body style="margin:0px 0px 0px 0px;overflow:auto;background:#FFFFFF;">

<table style="font-family:Arial,Verdana,Times;font-size:12px;text-align:left;width:100%;border-collapse:collapse;padding:3px 3px 3px 3px">

<tr style="text-align:center;font-weight:bold;background:#9CBCE2">

<td>L694</td>

</tr>

<tr>

<td>

<table style="font-family:Arial,Verdana,Times;font-size:12px;text-align:left;width:100%;border-spacing:0px; padding:3px 3px 3px 3px">

<tr>

<td>FID</td>

<td>0</td>

</tr>

<tr bgcolor="#D4E4F3">

<td>Id</td>

<td>0</td>

</tr>

<tr>

<td>LINEA</td>

<td>L694</td>

</tr>

<tr bgcolor="#D4E4F3">

<td>TIPO</td>

<td>LINEA ELECTRICA AEREA</td>

</tr>

<tr>

<td>RECORRIDO</td>

<td>SET PMNGA-NVA - SET SUPE</td>

</tr>

</table>

</td>

</tr>

</table>

</body>

</html>]]></description>
				<styleUrl>#LineStyle3043</styleUrl>
				<MultiGeometry>
					<LineString>
						<tessellate>1</tessellate>
						<coordinates>
							-77.73915023599994,-10.79599846299993,0 -77.73799454299996,-10.79552083899995,0 -77.73660944399995,-10.79493682799995,0 -77.73528080699998,-10.79453299899995,0 -77.73366786099996,-10.79401422999996,0 -77.73234852899998,-10.79362837299993,0 -77.73097674399997,-10.79350497399998,0 -77.72958668499996,-10.79338172999996,0 -77.72934789699997,-10.79324831999997,0 -77.730383,-10.792095,0 -77.731663,-10.790606,0 -77.73282076199996,-10.78926053599998,0 -77.73388789399996,-10.78803144999995,0 -77.73457379099995,-10.78607393799996,0 -77.73519899999999,-10.784426,0 -77.73570549199997,-10.78289282999998,0 -77.73636645040121,-10.78117118519889,0 -77.7370406278861,-10.77926831995759,0 -77.7377169605908,-10.7773888262876,0 -77.738361,-10.77566799999999,0 -77.73894199999999,-10.77406100000001,0 -77.73954500000001,-10.77233700000001,0 -77.740269,-10.770542,0 -77.741016,-10.7684,0 -77.74155399999999,-10.766954,0 -77.742232,-10.76508800000001,0 -77.74279799999999,-10.76334,0 -77.74340100000001,-10.761666,0 -77.74417200000001,-10.75966699999999,0 -77.744803,-10.757921,0 -77.74543799999999,-10.75612000000001,0 -77.74612999999999,-10.754264,0 -77.74679999999999,-10.752531,0 -77.74757099999999,-10.750415,0 -77.74827500000001,-10.748526,0 -77.748845,-10.747024,0 -77.750186,-10.74516299999999,0 -77.751437,-10.74348699999999,0 -77.75266499999999,-10.74186200000001,0 -77.75383977999996,-10.74027049299997,0 -77.75461583199996,-10.73920659099997,0 -77.75561500000001,-10.737818,0 -77.75696499999999,-10.73598199999999,0 -77.7581122146707,-10.73448098843089,0 -77.7590890507819,-10.7331938045765,0 -77.7603253522587,-10.73151421313409,0 -77.76141452599779,-10.7300070706648,0 -77.76242303658741,-10.7286261641663,0 -77.7636355627002,-10.7273686720386,0 -77.7646140660765,-10.7263949168654,0 -77.7656338264318,-10.7252440975424,0 -77.7664924967879,-10.72364348281839,0 -77.7670946527118,-10.7223956338877,0 -77.770515163844,-10.71619292469339,0 -77.77123430705009,-10.71506875672421,0 -77.77217321897569,-10.7133206729222,0 -77.77322095687219,-10.7114327995884,0 -77.77135,-10.71023199999999,0 -77.770179,-10.70940299999999,0 -77.7686650460217,-10.7083511138154,0 -77.76713082246521,-10.7072850520736,0 -77.7658585427171,-10.70665799453731,0 -77.7640895438645,-10.7057729134881,0 -77.7623905610256,-10.70490596756731,0 -77.76062400000001,-10.70411,0 -77.75926,-10.703295,0 -77.757739,-10.702501,0 -77.7561062940166,-10.7016861405048,0 -77.75418606408201,-10.7007000599491,0 -77.75246653638339,-10.69985178641769,0 -77.7511684396717,-10.6991481315773,0 -77.74944960999994,-10.69826320999994,0 -77.74772900000001,-10.69739999999999,0 -77.7461946554336,-10.6965945618881,0 -77.74504398776619,-10.6960199999999,0 -77.74362258462639,-10.6962804849035,0 -77.74211841999994,-10.69668348899996,0 -77.7406977383872,-10.69596161544901,0 -77.74008099795179,-10.69559877900681,0 -77.7398795944373,-10.6945030625689,0 -77.7399037343184,-10.6930112976043,0 -77.73917339736531,-10.69149767841371,0 -77.738795,-10.69051999999999,0 -77.73840768799994,-10.68933490299996,0 -77.73916107399998,-10.68778339099992,0 -77.740307,-10.685745,0 -77.74164267399993,-10.68337987799993,0 -77.74198899499999,-10.68227462899995,0 -77.742335,-10.680904,0 -77.74211099999999,-10.680474,0 
						</coordinates>
					</LineString>
				</MultiGeometry>
			</Placemark>
		</Folder>
	</Document>
	<Document id="LINEA_ELECTRICA_6932" xsi:schemaLocation="http://www.opengis.net/kml/2.2 http://schemas.opengis.net/kml/2.2.0/ogckml22.xsd http://www.google.com/kml/ext/2.2 http://code.google.com/apis/kml/schema/kml22gx.xsd">
		<name>LINEA ELECTRICA 6932</name>
		<open>1</open>
		<Snippet maxLines="0"></Snippet>
		<Style id="LineStyle2062">
			<LabelStyle>
				<color>00000000</color>
				<scale>0</scale>
			</LabelStyle>
			<LineStyle>
				<color>ffe65c00</color>
				<width>2</width>
			</LineStyle>
			<PolyStyle>
				<color>00000000</color>
				<outline>0</outline>
			</PolyStyle>
		</Style>
		<Style id="LineStyle3044">
			<LabelStyle>
				<color>00000000</color>
				<scale>0</scale>
			</LabelStyle>
			<LineStyle>
				<color>ff0000ff</color>
				<width>1.7</width>
			</LineStyle>
			<PolyStyle>
				<color>00000000</color>
				<outline>0</outline>
			</PolyStyle>
		</Style>
		<Folder id="FeatureLayer2">
			<name>LINEA ELECTRICA AEREA 693</name>
			<open>1</open>
			<Snippet maxLines="0"></Snippet>
			<Placemark id="ID_20000">
				<name>L693</name>
				<Snippet maxLines="0"></Snippet>
				<description><![CDATA[<html xmlns:fo="http://www.w3.org/1999/XSL/Format" xmlns:msxsl="urn:schemas-microsoft-com:xslt">

<head>

<META http-equiv="Content-Type" content="text/html">

<meta http-equiv="content-type" content="text/html; charset=UTF-8">

</head>

<body style="margin:0px 0px 0px 0px;overflow:auto;background:#FFFFFF;">

<table style="font-family:Arial,Verdana,Times;font-size:12px;text-align:left;width:100%;border-collapse:collapse;padding:3px 3px 3px 3px">

<tr style="text-align:center;font-weight:bold;background:#9CBCE2">

<td>L693</td>

</tr>

<tr>

<td>

<table style="font-family:Arial,Verdana,Times;font-size:12px;text-align:left;width:100%;border-spacing:0px; padding:3px 3px 3px 3px">

<tr>

<td>FID</td>

<td>0</td>

</tr>

<tr bgcolor="#D4E4F3">

<td>Id</td>

<td>0</td>

</tr>

<tr>

<td>LINEA</td>

<td>L693</td>

</tr>

<tr bgcolor="#D4E4F3">

<td>TIPO</td>

<td>LINEA ELECTRICA AEREA</td>

</tr>

<tr>

<td>RECORRIDO</td>

<td>SET MED. MUNDO - SET SUPE</td>

</tr>

</table>

</td>

</tr>

</table>

</body>

</html>]]></description>
				<styleUrl>#LineStyle2062</styleUrl>
				<MultiGeometry>
					<LineString>
						<tessellate>1</tessellate>
						<coordinates>
							-77.74078900000001,-10.79473,0 -77.74088230899997,-10.79453759999995,0 -77.74109262399998,-10.79455380399998,0 -77.74109309445701,-10.79472988811396,0 -77.741095,-10.795443,0 -77.74118199999999,-10.79652600000001,0 -77.74047,-10.796604,0 -77.739221,-10.79606299999999,0 -77.738764,-10.79599700000001,0 -77.737791,-10.795574,0 -77.73676640999997,-10.79511612799997,0 -77.736006,-10.79485999999999,0 -77.73528072499994,-10.79452396599993,0 -77.73370481799998,-10.79405907499995,0 -77.73277400000001,-10.793885,0 -77.73231328799994,-10.79377323699993,0 -77.730885,-10.79362799999999,0 -77.729568,-10.79351300000001,0 -77.729242,-10.793374,0 -77.72918,-10.793926,0 -77.728523,-10.79482299999999,0 -77.728059,-10.79575600000001,0 -77.727931,-10.797316,0 -77.72781999999999,-10.79896499999999,0 -77.727363,-10.800128,0 -77.7268508661782,-10.8016833150222,0 -77.7263851973993,-10.80306705597619,0 -77.725869,-10.804482,0 -77.725407929056,-10.80582204458279,0 -77.724874169462,-10.807329059819,0 -77.72434577428611,-10.8087702019269,0 -77.72393879289071,-10.8100853117324,0 -77.72335099999999,-10.811629,0 -77.7228785120451,-10.81305236842879,0 -77.722291,-10.814664,0 -77.721898,-10.81590399999999,0 -77.72077400000001,-10.81677,0 -77.719751,-10.81759999999999,0 -77.718712830862,-10.8184784579497,0 -77.717597,-10.81873,0 -77.7167341455517,-10.8189716848816,0 -77.71562,-10.819755,0 -77.7148823843127,-10.8209408205428,0 -77.71415014125169,-10.8221263503314,0 -77.7134044871455,-10.8233092409358,0 -77.71226299999999,-10.823445,0 -77.71118952499995,-10.82361087999993,0 -77.709767,-10.823915,0 -77.70843629999996,-10.82435784499995,0 -77.70717399999999,-10.824732,0 -77.705924,-10.825142,0 -77.70471789099997,-10.82550174699997,0 -77.703385,-10.825892,0 -77.70214199999999,-10.826111,0 -77.700872,-10.82648200000001,0 -77.700362,-10.82678999999999,0 -77.69985800000001,-10.82849500000001,0 -77.69959,-10.82971399999999,0 -77.69895699999999,-10.83172599999999,0 -77.69840000000001,-10.83341699999999,0 -77.697852,-10.83498300000001,0 -77.69731,-10.836614,0 -77.69681606799998,-10.83812923799995,0 -77.69627349999996,-10.83979637899995,0 -77.69567600000001,-10.84159,0 -77.695111,-10.84335,0 -77.69499500000001,-10.84499,0 -77.695009,-10.845843,0 -77.69494899999999,-10.847079,0 -77.69474099999999,-10.84768999999999,0 -77.694925,-10.848791,0 -77.69462300000001,-10.85079800000001,0 -77.694163,-10.85227,0 -77.693923,-10.852993,0 -77.6934196170578,-10.854548904704,0 -77.69292900000001,-10.85605599999999,0 -77.692509,-10.857422,0 -77.69190500000001,-10.85895400000001,0 -77.691457,-10.86049099999999,0 -77.691051,-10.861894,0 -77.69066063999998,-10.86314613599995,0 -77.69014,-10.864768,0 -77.689677,-10.866239,0 -77.68918434899996,-10.86772161699997,0 -77.688715,-10.869204,0 -77.68822461899998,-10.87078377099993,0 -77.68780678599995,-10.87209747099996,0 -77.687372,-10.87341,0 -77.68644999999999,-10.874738,0 -77.685503,-10.876117,0 -77.68503200000001,-10.87743599999999,0 -77.684594,-10.878626,0 -77.683843,-10.878495,0 -77.68225700000001,-10.880736,0 -77.68137400000001,-10.881987,0 -77.680503,-10.8833,0 -77.679739,-10.88442699999999,0 -77.678881,-10.88567399999999,0 -77.678032,-10.88692099999999,0 -77.67736499999999,-10.88785099999999,0 -77.67644900000001,-10.889213,0 -77.67544599999999,-10.890699,0 -77.674679,-10.891851,0 -77.67373578151062,-10.89315553092627,0 -77.672794,-10.89455600000001,0 -77.671893,-10.895814,0 -77.670941,-10.89725599999999,0 -77.670828,-10.897593,0 -77.66972024767681,-10.89691610239739,0 -77.66848643153,-10.8961127783421,0 -77.6672445687561,-10.8952699442158,0 -77.66639186011879,-10.8947093386544,0 -77.6652090059433,-10.8944775584148,0 -77.6647154794845,-10.89319486223489,0 -77.664148,-10.891792,0 -77.663569,-10.89041600000001,0 -77.66305813499997,-10.88901869799997,0 -77.66284837099994,-10.88804474599994,0 -77.662616,-10.88714100000001,0 -77.661109,-10.887422,0 -77.65957299999999,-10.887829,0 -77.657968,-10.88817,0 -77.656696,-10.888468,0 -77.6554866441802,-10.8887199462085,0 -77.6535873530939,-10.8891189316349,0 -77.65200169699995,-10.88952109499997,0 -77.6506671663704,-10.88983053362341,0 -77.6492429133834,-10.890151870286,0 -77.64822515799995,-10.89042109799994,0 -77.64696973699995,-10.89110956799994,0 -77.64569634799994,-10.89183432899995,0 -77.64309220299998,-10.89196521199994,0 -77.640433,-10.892098,0 -77.63854600000001,-10.891062,0 -77.636629,-10.88995800000001,0 -77.634698,-10.88890300000001,0 -77.63378262499998,-10.89051839599995,0 -77.63317781399996,-10.89243000599992,0 -77.632525,-10.894329,0 
						</coordinates>
					</LineString>
				</MultiGeometry>
			</Placemark>
		</Folder>
		<Folder id="FeatureLayer3">
			<name>LINEA_ELECTRICA_SUBTERRANEA_6932</name>
			<Snippet maxLines="0"></Snippet>
			<Placemark id="ID_30000">
				<name>L6932</name>
				<Snippet maxLines="0"></Snippet>
				<description><![CDATA[<html xmlns:fo="http://www.w3.org/1999/XSL/Format" xmlns:msxsl="urn:schemas-microsoft-com:xslt">

<head>

<META http-equiv="Content-Type" content="text/html">

<meta http-equiv="content-type" content="text/html; charset=UTF-8">

</head>

<body style="margin:0px 0px 0px 0px;overflow:auto;background:#FFFFFF;">

<table style="font-family:Arial,Verdana,Times;font-size:12px;text-align:left;width:100%;border-collapse:collapse;padding:3px 3px 3px 3px">

<tr style="text-align:center;font-weight:bold;background:#9CBCE2">

<td>L6932</td>

</tr>

<tr>

<td>

<table style="font-family:Arial,Verdana,Times;font-size:12px;text-align:left;width:100%;border-spacing:0px; padding:3px 3px 3px 3px">

<tr>

<td>FID</td>

<td>0</td>

</tr>

<tr bgcolor="#D4E4F3">

<td>LINEA</td>

<td>L6932</td>

</tr>

<tr>

<td>TIPO</td>

<td>LINEA ELECTRICA SUBTERRANEA</td>

</tr>

<tr bgcolor="#D4E4F3">

<td>RECORRIDO</td>

<td>SET MED. MUNDO - SET SUPE</td>

</tr>

</table>

</td>

</tr>

</table>

</body>

</html>]]></description>
				<styleUrl>#LineStyle3044</styleUrl>
				<MultiGeometry>
					<LineString>
						<tessellate>1</tessellate>
						<coordinates>
							-77.632254,-10.894801,0 -77.63235749293182,-10.89463873013436,0 -77.63245455417574,-10.89472270580949,0 -77.6324950837177,-10.89467026908396,0 -77.63262224080623,-10.89448028991183,0 -77.63249059998994,-10.89440249842954,0 -77.63250792550456,-10.89437498994538,0 -77.63253101385101,-10.89433690901156,0 -77.632525,-10.894329,0 
						</coordinates>
					</LineString>
				</MultiGeometry>
			</Placemark>
		</Folder>
	</Document>
	<Document id="LINEA_ELECTRICA__6755" xsi:schemaLocation="http://www.opengis.net/kml/2.2 http://schemas.opengis.net/kml/2.2.0/ogckml22.xsd http://www.google.com/kml/ext/2.2 http://code.google.com/apis/kml/schema/kml22gx.xsd">
		<name>LINEA ELECTRICA  6755</name>
		<open>1</open>
		<Snippet maxLines="0"></Snippet>
		<Style id="LineStyle2063">
			<LabelStyle>
				<color>00000000</color>
				<scale>0</scale>
			</LabelStyle>
			<LineStyle>
				<color>ffe65c00</color>
				<width>2</width>
			</LineStyle>
			<PolyStyle>
				<color>00000000</color>
				<outline>0</outline>
			</PolyStyle>
		</Style>
		<Style id="LineStyle3045">
			<LabelStyle>
				<color>00000000</color>
				<scale>0</scale>
			</LabelStyle>
			<LineStyle>
				<color>ff0000ff</color>
				<width>1.7</width>
			</LineStyle>
			<PolyStyle>
				<color>00000000</color>
				<outline>0</outline>
			</PolyStyle>
		</Style>
		<Folder id="FeatureLayer2">
			<name>LINEA ELECTRICA AEREA 6755</name>
			<open>1</open>
			<Snippet maxLines="0"></Snippet>
			<Placemark id="ID_20000">
				<name>L6755</name>
				<Snippet maxLines="0"></Snippet>
				<description><![CDATA[<html xmlns:fo="http://www.w3.org/1999/XSL/Format" xmlns:msxsl="urn:schemas-microsoft-com:xslt">

<head>

<META http-equiv="Content-Type" content="text/html">

<meta http-equiv="content-type" content="text/html; charset=UTF-8">

</head>

<body style="margin:0px 0px 0px 0px;overflow:auto;background:#FFFFFF;">

<table style="font-family:Arial,Verdana,Times;font-size:12px;text-align:left;width:100%;border-collapse:collapse;padding:3px 3px 3px 3px">

<tr style="text-align:center;font-weight:bold;background:#9CBCE2">

<td>L6755</td>

</tr>

<tr>

<td>

<table style="font-family:Arial,Verdana,Times;font-size:12px;text-align:left;width:100%;border-spacing:0px; padding:3px 3px 3px 3px">

<tr>

<td>FID</td>

<td>0</td>

</tr>

<tr bgcolor="#D4E4F3">

<td>Id</td>

<td>0</td>

</tr>

<tr>

<td>LINEA</td>

<td>L6755</td>

</tr>

<tr bgcolor="#D4E4F3">

<td>TIPO</td>

<td>LINEA ELECTRICA AEREA</td>

</tr>

<tr>

<td>RECORRIDO</td>

<td>SET HUARAL - SET LOMERA</td>

</tr>

</table>

</td>

</tr>

</table>

</body>

</html>]]></description>
				<styleUrl>#LineStyle2063</styleUrl>
				<MultiGeometry>
					<LineString>
						<tessellate>1</tessellate>
						<coordinates>
							-77.21389167399997,-11.48705743199996,0 -77.21460822999995,-11.48612113299993,0 -77.21528869699995,-11.48525740599996,0 -77.21609616099994,-11.48423003999994,0 -77.21689445699997,-11.48320274199994,0 -77.21766610899994,-11.48228409399997,0 -77.21834712399993,-11.48149265899996,0 -77.21927303799998,-11.48038304899996,0 -77.21986298899998,-11.47966460399994,0 -77.22048944399995,-11.47892780499995,0 -77.22109771299995,-11.47820921899996,0 -77.22173325299997,-11.47746331199995,0 -77.22228682699995,-11.47678129099995,0 -77.22295872499996,-11.47599895599996,0 -77.22366641799994,-11.47510789799998,0 -77.22413880099998,-11.47458916599994,0 -77.22512922999994,-11.47353327899998,0 -77.22567355599995,-11.47284228599995,0 -77.22626425599998,-11.47222323899996,0 -77.22689124499993,-11.47155872699994,0 -77.22750914099998,-11.47090332099998,0 -77.22812703399995,-11.47024791499996,0 -77.22879002399998,-11.46950178899993,0 -77.22932630699995,-11.46895545199994,0 -77.22991847999998,-11.46852617399997,0 -77.23108641399995,-11.46791174899994,0 -77.23172367999996,-11.46739174899994,0 -77.23264445499996,-11.46680631999992,0 -77.23352865099997,-11.46623020599998,0 -77.23447683099994,-11.46563552499998,0 -77.23497822699994,-11.46531538099993,0 -77.23537927099994,-11.46505022899993,0 -77.23623632599998,-11.46451950299997,0 -77.23705680299997,-11.46399809199994,0 -77.23788629599994,-11.46345853599997,0 -77.23868851499998,-11.46294629899995,0 -77.23936303999994,-11.46250733699998,0 -77.24010126599995,-11.46201366199994,0 -77.24044718999994,-11.46173085299995,0 -77.24079282799994,-11.46141189599997,0 -77.24136600199995,-11.46090140999996,0 -77.24193001199995,-11.46039099399997,0 -77.24251227199994,-11.45987139899995,0 -77.24309452999995,-11.45935180399993,0 -77.24375859499997,-11.45875024399992,0 -77.24442610481201,-11.4581456482848,0 -77.24521411599994,-11.45743769499996,0 -77.246020187753,-11.45670511247131,0 -77.24682183253999,-11.45598000183621,0 -77.247840435236,-11.4550637856188,0 -77.24866886449701,-11.45431825550319,0 -77.24950766699999,-11.45354576599993,0 -77.24988985699997,-11.45321748299995,0 -77.25089041899997,-11.45230605499996,0 -77.25185468699993,-11.45144009099993,0 -77.25263737699999,-11.45078337999996,0 -77.25317379199998,-11.45026412399994,0 -77.25387417099995,-11.44962611999995,0 -77.25443813599998,-11.44911568699996,0 -77.25504783199995,-11.44859586399997,0 -77.25553900699998,-11.44814925199995,0 -77.25584839799996,-11.44788478599997,0 -77.25664996299997,-11.44730021999993,0 -77.25744987599995,-11.44650780899998,0 -77.25790339799994,-11.44593496299997,0 -77.25836708199995,-11.44548855999995,0 -77.25884915799998,-11.44505105199993,0 -77.25962229399994,-11.44434921599998,0 -77.26040480199998,-11.44367441799995,0 -77.26119596399997,-11.44293629099997,0 -77.26203285399998,-11.44218877199995,0 -77.26274070099998,-11.44134283999995,0 -77.26333204299993,-11.44082314699995,0 -77.26389618899998,-11.44033981199993,0 -77.26471467099998,-11.43958339299996,0 -77.26555146899994,-11.43882683099997,0 -77.26637902999994,-11.43806130099994,0 -77.26723399599996,-11.43728652099998,0 -77.26800716199995,-11.43659370699993,0 -77.26879864399996,-11.43590074899993,0 -77.26990243699998,-11.43531381499997,0 -77.27107907499999,-11.43467208999993,0 -77.27170904499997,-11.43440512599995,0 -77.27309058699996,-11.43418654999994,0 -77.27384021399996,-11.43399094999994,0 -77.273871279396,-11.43357440635229,0 -77.273157146394,-11.43233936793541,0 -77.27415135823,-11.4316613196727,0 -77.27475802091131,-11.43252706519199,0 -77.27495999999999,-11.4329,0 
						</coordinates>
					</LineString>
				</MultiGeometry>
			</Placemark>
			<Placemark id="ID_20001">
				<name>L6755</name>
				<Snippet maxLines="0"></Snippet>
				<description><![CDATA[<html xmlns:fo="http://www.w3.org/1999/XSL/Format" xmlns:msxsl="urn:schemas-microsoft-com:xslt">

<head>

<META http-equiv="Content-Type" content="text/html">

<meta http-equiv="content-type" content="text/html; charset=UTF-8">

</head>

<body style="margin:0px 0px 0px 0px;overflow:auto;background:#FFFFFF;">

<table style="font-family:Arial,Verdana,Times;font-size:12px;text-align:left;width:100%;border-collapse:collapse;padding:3px 3px 3px 3px">

<tr style="text-align:center;font-weight:bold;background:#9CBCE2">

<td>L6755</td>

</tr>

<tr>

<td>

<table style="font-family:Arial,Verdana,Times;font-size:12px;text-align:left;width:100%;border-spacing:0px; padding:3px 3px 3px 3px">

<tr>

<td>FID</td>

<td>1</td>

</tr>

<tr bgcolor="#D4E4F3">

<td>Id</td>

<td>0</td>

</tr>

<tr>

<td>LINEA</td>

<td>L6755</td>

</tr>

<tr bgcolor="#D4E4F3">

<td>TIPO</td>

<td>LINEA ELECTRICA AEREA</td>

</tr>

<tr>

<td>RECORRIDO</td>

<td>SET HUARAL - SET LOMERA</td>

</tr>

</table>

</td>

</tr>

</table>

</body>

</html>]]></description>
				<styleUrl>#LineStyle2063</styleUrl>
				<MultiGeometry>
					<LineString>
						<tessellate>1</tessellate>
						<coordinates>
							-77.19709899999999,-11.493372,0 -77.19693719199995,-11.49375598099995,0 -77.19697433299996,-11.49381896299997,0 -77.19709414799996,-11.49390843499998,0 -77.19748386899994,-11.49335420599993,0 
						</coordinates>
					</LineString>
				</MultiGeometry>
			</Placemark>
		</Folder>
		<Folder id="FeatureLayer3">
			<name>LINEA_ELECTRICA_SUBTERRANEA_6755</name>
			<Snippet maxLines="0"></Snippet>
			<Placemark id="ID_30000">
				<Snippet maxLines="0"></Snippet>
				<description><![CDATA[<html xmlns:fo="http://www.w3.org/1999/XSL/Format" xmlns:msxsl="urn:schemas-microsoft-com:xslt">

<head>

<META http-equiv="Content-Type" content="text/html">

<meta http-equiv="content-type" content="text/html; charset=UTF-8">

</head>

<body style="margin:0px 0px 0px 0px;overflow:auto;background:#FFFFFF;">

<table style="font-family:Arial,Verdana,Times;font-size:12px;text-align:left;width:100%;border-collapse:collapse;padding:3px 3px 3px 3px">

<tr style="text-align:center;font-weight:bold;background:#9CBCE2">

<td></td>

</tr>

<tr>

<td>

<table style="font-family:Arial,Verdana,Times;font-size:12px;text-align:left;width:100%;border-spacing:0px; padding:3px 3px 3px 3px">

<tr>

<td>FID</td>

<td>0</td>

</tr>

<tr bgcolor="#D4E4F3">

<td>LINEA</td>

<td>L6755</td>

</tr>

<tr>

<td>TIPO</td>

<td>LINEA ELECTRICA SUBTERRANEA</td>

</tr>

<tr bgcolor="#D4E4F3">

<td>RECORRIDO</td>

<td>SET HUARAL - SET LOMERA</td>

</tr>

</table>

</td>

</tr>

</table>

</body>

</html>]]></description>
				<styleUrl>#LineStyle3045</styleUrl>
				<MultiGeometry>
					<LineString>
						<tessellate>1</tessellate>
						<coordinates>
							-77.19748386899994,-11.49335420599993,0 -77.19756542,-11.49330246999999,0 -77.19766951,-11.49332090999999,0 -77.19813904,-11.49343793999999,0 -77.19866327381426,-11.49342756916237,0 -77.19867162,-11.49173209,0 -77.19920183000001,-11.48968618999999,0 -77.20016647999999,-11.48993738,0 -77.2005409454481,-11.49004117952147,0 -77.20066455973497,-11.49006327672985,0 -77.20101369,-11.48858673,0 -77.20101611,-11.48854218,0 -77.20103065000001,-11.48848770000001,0 -77.20355879,-11.48896842,0 -77.20393138999999,-11.48908004,0 -77.20920787999999,-11.48986671,0 -77.20979648894586,-11.48995326997165,0 -77.20985294,-11.48999008,0 -77.21022421000001,-11.49004227,0 -77.21058607000001,-11.48923545000001,0 -77.21178562999999,-11.48665382999999,0 -77.21204135000001,-11.48675326999999,0 -77.21373526000001,-11.48707258999999,0 -77.21388368,-11.48707956,0 
						</coordinates>
					</LineString>
				</MultiGeometry>
			</Placemark>
		</Folder>
	</Document>
	<Document id="LINEA_ELECTRICA_2316" xsi:schemaLocation="http://www.opengis.net/kml/2.2 http://schemas.opengis.net/kml/2.2.0/ogckml22.xsd http://www.google.com/kml/ext/2.2 http://code.google.com/apis/kml/schema/kml22gx.xsd">
		<name>LINEA ELECTRICA_2316</name>
		<open>1</open>
		<Snippet maxLines="0"></Snippet>
		<Style id="LineStyle2064">
			<LabelStyle>
				<color>00000000</color>
				<scale>0</scale>
			</LabelStyle>
			<LineStyle>
				<color>ffe65c00</color>
				<width>2</width>
			</LineStyle>
			<PolyStyle>
				<color>00000000</color>
				<outline>0</outline>
			</PolyStyle>
		</Style>
		<Style id="LineStyle3046">
			<LabelStyle>
				<color>00000000</color>
				<scale>0</scale>
			</LabelStyle>
			<LineStyle>
				<color>ff0000e6</color>
				<width>1.5</width>
			</LineStyle>
			<PolyStyle>
				<color>00000000</color>
				<outline>0</outline>
			</PolyStyle>
		</Style>
		<Folder id="FeatureLayer2">
			<name>LINEA_ELECTRICA_AEREA_2316</name>
			<open>1</open>
			<Snippet maxLines="0"></Snippet>
			<Placemark id="ID_20000">
				<name>LINEA ELECTRICA AEREA</name>
				<Snippet maxLines="0"></Snippet>
				<description><![CDATA[<html xmlns:fo="http://www.w3.org/1999/XSL/Format" xmlns:msxsl="urn:schemas-microsoft-com:xslt">

<head>

<META http-equiv="Content-Type" content="text/html">

<meta http-equiv="content-type" content="text/html; charset=UTF-8">

</head>

<body style="margin:0px 0px 0px 0px;overflow:auto;background:#FFFFFF;">

<table style="font-family:Arial,Verdana,Times;font-size:12px;text-align:left;width:100%;border-collapse:collapse;padding:3px 3px 3px 3px">

<tr style="text-align:center;font-weight:bold;background:#9CBCE2">

<td>LINEA ELECTRICA AEREA</td>

</tr>

<tr>

<td>

<table style="font-family:Arial,Verdana,Times;font-size:12px;text-align:left;width:100%;border-spacing:0px; padding:3px 3px 3px 3px">

<tr>

<td>FID</td>

<td>0</td>

</tr>

<tr bgcolor="#D4E4F3">

<td>Id</td>

<td>0</td>

</tr>

<tr>

<td>LINEA</td>

<td>LINEA 2316</td>

</tr>

<tr bgcolor="#D4E4F3">

<td>TIPO</td>

<td>LINEA ELECTRICA AEREA</td>

</tr>

<tr>

<td>RECORRIDO</td>

<td>SET MALVINAS - SET BARSI</td>

</tr>

</table>

</td>

</tr>

</table>

</body>

</html>]]></description>
				<styleUrl>#LineStyle2064</styleUrl>
				<MultiGeometry>
					<LineString>
						<tessellate>1</tessellate>
						<coordinates>
							-77.08853066616746,-12.04757181730238,0 -77.08666062250157,-12.04740578772864,0 -77.08485931581779,-12.04724673258137,0 -77.08300315634507,-12.04708310447284,0 -77.08126327274989,-12.04693513488358,0 -77.07940792738415,-12.0467698492063,0 -77.077667717792,-12.04661526126896,0 -77.07586988980763,-12.04645467425372,0 -77.0741270012052,-12.04629791437733,0 -77.07220396245019,-12.04612982922571,0 -77.07040285038947,-12.04597194164897,0 -77.06878866349651,-12.04583470769377,0 -77.06687421865765,-12.04566164040034,0 -77.06508105953154,-12.0456551346384,0 -77.0632526622116,-12.04533914687469,0 -77.06144335310327,-12.0451658053626,0 -77.05933421742557,-12.04496493135355,0 -77.05721735372727,-12.04476201914372,0 -77.05535089063375,-12.04458318377123,0 -77.05336835585776,-12.04439118134088,0 
						</coordinates>
					</LineString>
				</MultiGeometry>
			</Placemark>
		</Folder>
		<Folder id="FeatureLayer3">
			<name>LINEA_ELECTRICA_SUBTERRANEA_2316</name>
			<Snippet maxLines="0"></Snippet>
			<Placemark id="ID_30000">
				<name>LINEA ELECTRICA SUBTERRANEA</name>
				<Snippet maxLines="0"></Snippet>
				<description><![CDATA[<html xmlns:fo="http://www.w3.org/1999/XSL/Format" xmlns:msxsl="urn:schemas-microsoft-com:xslt">

<head>

<META http-equiv="Content-Type" content="text/html">

<meta http-equiv="content-type" content="text/html; charset=UTF-8">

</head>

<body style="margin:0px 0px 0px 0px;overflow:auto;background:#FFFFFF;">

<table style="font-family:Arial,Verdana,Times;font-size:12px;text-align:left;width:100%;border-collapse:collapse;padding:3px 3px 3px 3px">

<tr style="text-align:center;font-weight:bold;background:#9CBCE2">

<td>LINEA ELECTRICA SUBTERRANEA</td>

</tr>

<tr>

<td>

<table style="font-family:Arial,Verdana,Times;font-size:12px;text-align:left;width:100%;border-spacing:0px; padding:3px 3px 3px 3px">

<tr>

<td>FID</td>

<td>0</td>

</tr>

<tr bgcolor="#D4E4F3">

<td>Id</td>

<td>0</td>

</tr>

<tr>

<td>LINEA</td>

<td>LINEA 2316</td>

</tr>

<tr bgcolor="#D4E4F3">

<td>TIPO</td>

<td>LINEA ELECTRICA SUBTERRANEA</td>

</tr>

<tr>

<td>RECORRIDO</td>

<td>SET MALVINAS - SET BARSI</td>

</tr>

</table>

</td>

</tr>

</table>

</body>

</html>]]></description>
				<styleUrl>#LineStyle3046</styleUrl>
				<MultiGeometry>
					<LineString>
						<tessellate>1</tessellate>
						<coordinates>
							-77.10455942133908,-12.04869682662956,0 -77.10455223976351,-12.04883275980203,0 -77.10444688212301,-12.04891360895076,0 -77.10307749214948,-12.04879395086844,0 -77.10226169979228,-12.048722376511,0 -77.10216841640553,-12.04871482676242,0 -77.10003916061572,-12.0485216407359,0 -77.09941235183187,-12.04846527064439,0 -77.09933463184693,-12.04845826245697,0 -77.09904553926805,-12.04842679283789,0 -77.09869115398368,-12.04840569732235,0 -77.09822342900185,-12.04835948264332,0 -77.09576294298395,-12.04816550876706,0 -77.09533232213911,-12.04811867210047,0 -77.09456050206479,-12.048035292168,0 -77.09399210956779,-12.04798104271348,0 -77.09339570862922,-12.04794004938143,0 -77.0930641556872,-12.04791125559927,0 -77.09238788264892,-12.04785237382677,0 -77.09218899334975,-12.04783714035788,0 -77.0912326758058,-12.04775100437918,0 -77.09002005046945,-12.04764802337126,0 -77.08882318020812,-12.04754031952217,0 -77.0887822968071,-12.04753739031973,0 -77.08872614658068,-12.04753973700981,0 -77.08867079711081,-12.04754565486385,0 -77.08857825259626,-12.04756703133266,0 -77.08854872062652,-12.04756949849485,0 -77.08850345742523,-12.04756658399017,0 
						</coordinates>
					</LineString>
				</MultiGeometry>
			</Placemark>
			<Placemark id="ID_30001">
				<name>LINEA ELECTRICA SUBTERRANEA</name>
				<Snippet maxLines="0"></Snippet>
				<description><![CDATA[<html xmlns:fo="http://www.w3.org/1999/XSL/Format" xmlns:msxsl="urn:schemas-microsoft-com:xslt">

<head>

<META http-equiv="Content-Type" content="text/html">

<meta http-equiv="content-type" content="text/html; charset=UTF-8">

</head>

<body style="margin:0px 0px 0px 0px;overflow:auto;background:#FFFFFF;">

<table style="font-family:Arial,Verdana,Times;font-size:12px;text-align:left;width:100%;border-collapse:collapse;padding:3px 3px 3px 3px">

<tr style="text-align:center;font-weight:bold;background:#9CBCE2">

<td>LINEA ELECTRICA SUBTERRANEA</td>

</tr>

<tr>

<td>

<table style="font-family:Arial,Verdana,Times;font-size:12px;text-align:left;width:100%;border-spacing:0px; padding:3px 3px 3px 3px">

<tr>

<td>FID</td>

<td>1</td>

</tr>

<tr bgcolor="#D4E4F3">

<td>Id</td>

<td>0</td>

</tr>

<tr>

<td>LINEA</td>

<td>LINEA 2316</td>

</tr>

<tr bgcolor="#D4E4F3">

<td>TIPO</td>

<td>LINEA ELECTRICA SUBTERRANEA</td>

</tr>

<tr>

<td>RECORRIDO</td>

<td>SET MALVINAS - SET BARSI</td>

</tr>

</table>

</td>

</tr>

</table>

</body>

</html>]]></description>
				<styleUrl>#LineStyle3046</styleUrl>
				<MultiGeometry>
					<LineString>
						<tessellate>1</tessellate>
						<coordinates>
							-77.05336835585776,-12.04439118134088,0 -77.05338809586679,-12.04436805413084,0 -77.05347653125719,-12.04437782771419,0 -77.05356575739762,-12.04438847761848,0 -77.05360139988223,-12.04398022354305,0 -77.05364464737269,-12.04360564061997,0 -77.05365630670579,-12.043496646609,0 -77.05365936066339,-12.04342730250193,0 -77.05366188588897,-12.04330048047888,0 -77.05366725108082,-12.04323319809522,0 -77.05368697954249,-12.04309856706241,0 -77.05370780525244,-12.04301164869699,0 -77.05374242316972,-12.04287889637642,0 -77.05375819915831,-12.04280412614694,0 -77.05375047112955,-12.04271759882597,0 -77.0537537590625,-12.0425944767756,0 -77.05375861654824,-12.04238792223768,0 -77.05375523208193,-12.0422325835896,0 -77.05375770972509,-12.04212365719609,0 -77.05385781551979,-12.04106321209878,0 -77.05418211111426,-12.04109706629292,0 
						</coordinates>
					</LineString>
				</MultiGeometry>
			</Placemark>
		</Folder>
	</Document>
	<Document id="LINEA_ELECTRICA_6352" xsi:schemaLocation="http://www.opengis.net/kml/2.2 http://schemas.opengis.net/kml/2.2.0/ogckml22.xsd http://www.google.com/kml/ext/2.2 http://code.google.com/apis/kml/schema/kml22gx.xsd">
		<name>LINEA ELECTRICA 6352</name>
		<open>1</open>
		<Snippet maxLines="0"></Snippet>
		<Style id="LineStyle2065">
			<LabelStyle>
				<color>00000000</color>
				<scale>0</scale>
			</LabelStyle>
			<LineStyle>
				<color>ff0000ff</color>
				<width>1.7</width>
			</LineStyle>
			<PolyStyle>
				<color>00000000</color>
				<outline>0</outline>
			</PolyStyle>
		</Style>
		<Style id="LineStyle3047">
			<LabelStyle>
				<color>00000000</color>
				<scale>0</scale>
			</LabelStyle>
			<LineStyle>
				<color>ffe65c00</color>
				<width>2</width>
			</LineStyle>
			<PolyStyle>
				<color>00000000</color>
				<outline>0</outline>
			</PolyStyle>
		</Style>
		<Folder id="FeatureLayer2">
			<name>LINEA_ELECTRICA_SUBTERRANEA 6352</name>
			<Snippet maxLines="0"></Snippet>
			<Placemark id="ID_20000">
				<name>L6352</name>
				<Snippet maxLines="0"></Snippet>
				<description><![CDATA[<html xmlns:fo="http://www.w3.org/1999/XSL/Format" xmlns:msxsl="urn:schemas-microsoft-com:xslt">

<head>

<META http-equiv="Content-Type" content="text/html">

<meta http-equiv="content-type" content="text/html; charset=UTF-8">

</head>

<body style="margin:0px 0px 0px 0px;overflow:auto;background:#FFFFFF;">

<table style="font-family:Arial,Verdana,Times;font-size:12px;text-align:left;width:100%;border-collapse:collapse;padding:3px 3px 3px 3px">

<tr style="text-align:center;font-weight:bold;background:#9CBCE2">

<td>L6352</td>

</tr>

<tr>

<td>

<table style="font-family:Arial,Verdana,Times;font-size:12px;text-align:left;width:100%;border-spacing:0px; padding:3px 3px 3px 3px">

<tr>

<td>FID</td>

<td>0</td>

</tr>

<tr bgcolor="#D4E4F3">

<td>Id</td>

<td>0</td>

</tr>

<tr>

<td>LINEA</td>

<td>L6352</td>

</tr>

<tr bgcolor="#D4E4F3">

<td>TIPO</td>

<td>LINEA ELECTRICA SUBTERRANEA</td>

</tr>

<tr>

<td>RECORRIDO</td>

<td>SET COMAS - SET ZAPALLAL</td>

</tr>

</table>

</td>

</tr>

</table>

</body>

</html>]]></description>
				<styleUrl>#LineStyle2065</styleUrl>
				<MultiGeometry>
					<LineString>
						<tessellate>1</tessellate>
						<coordinates>
							-77.06964358599997,-11.90773932199994,0 -77.07244199999998,-11.911655,0 
						</coordinates>
					</LineString>
				</MultiGeometry>
			</Placemark>
			<Placemark id="ID_20001">
				<name>L6352</name>
				<Snippet maxLines="0"></Snippet>
				<description><![CDATA[<html xmlns:fo="http://www.w3.org/1999/XSL/Format" xmlns:msxsl="urn:schemas-microsoft-com:xslt">

<head>

<META http-equiv="Content-Type" content="text/html">

<meta http-equiv="content-type" content="text/html; charset=UTF-8">

</head>

<body style="margin:0px 0px 0px 0px;overflow:auto;background:#FFFFFF;">

<table style="font-family:Arial,Verdana,Times;font-size:12px;text-align:left;width:100%;border-collapse:collapse;padding:3px 3px 3px 3px">

<tr style="text-align:center;font-weight:bold;background:#9CBCE2">

<td>L6352</td>

</tr>

<tr>

<td>

<table style="font-family:Arial,Verdana,Times;font-size:12px;text-align:left;width:100%;border-spacing:0px; padding:3px 3px 3px 3px">

<tr>

<td>FID</td>

<td>1</td>

</tr>

<tr bgcolor="#D4E4F3">

<td>Id</td>

<td>0</td>

</tr>

<tr>

<td>LINEA</td>

<td>L6352</td>

</tr>

<tr bgcolor="#D4E4F3">

<td>TIPO</td>

<td>LINEA ELECTRICA SUBTERRANEA</td>

</tr>

<tr>

<td>RECORRIDO</td>

<td>SET COMAS - SET ZAPALLAL</td>

</tr>

</table>

</td>

</tr>

</table>

</body>

</html>]]></description>
				<styleUrl>#LineStyle2065</styleUrl>
				<MultiGeometry>
					<LineString>
						<tessellate>1</tessellate>
						<coordinates>
							-77.06210552728091,-11.9134054621943,0 -77.06201621113223,-11.91326114722323,0 -77.05885441204747,-11.91520494588732,0 -77.05893127527708,-11.91535356262433,0 -77.05891798899995,-11.91544600699996,0 
						</coordinates>
					</LineString>
				</MultiGeometry>
			</Placemark>
		</Folder>
		<Folder id="FeatureLayer3">
			<name>LINEA_ELECTRICA_AEREA 6352</name>
			<open>1</open>
			<Snippet maxLines="0"></Snippet>
			<Placemark id="ID_30000">
				<name>L6352</name>
				<Snippet maxLines="0"></Snippet>
				<description><![CDATA[<html xmlns:fo="http://www.w3.org/1999/XSL/Format" xmlns:msxsl="urn:schemas-microsoft-com:xslt">

<head>

<META http-equiv="Content-Type" content="text/html">

<meta http-equiv="content-type" content="text/html; charset=UTF-8">

</head>

<body style="margin:0px 0px 0px 0px;overflow:auto;background:#FFFFFF;">

<table style="font-family:Arial,Verdana,Times;font-size:12px;text-align:left;width:100%;border-collapse:collapse;padding:3px 3px 3px 3px">

<tr style="text-align:center;font-weight:bold;background:#9CBCE2">

<td>L6352</td>

</tr>

<tr>

<td>

<table style="font-family:Arial,Verdana,Times;font-size:12px;text-align:left;width:100%;border-spacing:0px; padding:3px 3px 3px 3px">

<tr>

<td>FID</td>

<td>0</td>

</tr>

<tr bgcolor="#D4E4F3">

<td>Id</td>

<td>0</td>

</tr>

<tr>

<td>LINEA</td>

<td>L6352</td>

</tr>

<tr bgcolor="#D4E4F3">

<td>TIPO</td>

<td>LINEA ELECTRICA AEREA</td>

</tr>

<tr>

<td>RECORRIDO</td>

<td>SET COMAS - SET ZAPALLAL</td>

</tr>

</table>

</td>

</tr>

</table>

</body>

</html>]]></description>
				<styleUrl>#LineStyle3047</styleUrl>
				<MultiGeometry>
					<LineString>
						<tessellate>1</tessellate>
						<coordinates>
							-77.11094763313881,-11.8369561474822,0 -77.11078971099992,-11.83669520099994,0 -77.11043893299995,-11.83641763999998,0 -77.10936156358558,-11.8371125614809,0 -77.10845826699995,-11.83776094499995,0 -77.10740929599994,-11.83856407799994,0 -77.10617717399998,-11.83941375799998,0 -77.10501892499997,-11.84032615099994,0 -77.10385164611709,-11.84126574585978,0 -77.10268434456049,-11.84219627437506,0 -77.1017815116973,-11.84291696606559,0 -77.10148066737655,-11.84316319562065,0 -77.10025864599999,-11.84413931199994,0 -77.0990364915986,-11.8451064125825,0 -77.09782362706949,-11.84608245326229,0 -77.09660170299996,-11.84706756999996,0 -77.09568062499994,-11.84780645799997,0 -77.09437646899993,-11.84884642899994,0 -77.09309058299992,-11.84987722199998,0 -77.09174080699995,-11.85095367299993,0 -77.09057341999994,-11.85188416499995,0 -77.08928743599995,-11.85290590799996,0 -77.08864909699996,-11.85342578099994,0 -77.08735392299995,-11.85444758499995,0 -77.08608626499993,-11.85546918199998,0 -77.08480031499994,-11.85649994799993,0 -77.08457230599997,-11.85668238699997,0 -77.08356887189881,-11.85746706648009,0 -77.08238340599996,-11.85843379399994,0 -77.08100615399997,-11.85952848399994,0 -77.07974762199996,-11.86054999299994,0 -77.07845237899993,-11.86157176699993,0 -77.07767718699995,-11.86220108299995,0 -77.07639117099993,-11.86323182099994,0 -77.07518724799996,-11.86419868499996,0 -77.07394900399997,-11.86548212799994,0 -77.07268793399997,-11.86738935799996,0 -77.0721316444148,-11.8678543989605,0 -77.07150594799998,-11.86883506599998,0 -77.07050807999995,-11.87036076499992,0 -77.06948240099996,-11.87185051399993,0 -77.06908896199995,-11.87321813699998,0 -77.06906030699996,-11.87428483499994,0 -77.06899474399994,-11.87532468899997,0 -77.06892965899993,-11.87642780599995,0 -77.06886546099997,-11.87764841099993,0 -77.06881797799997,-11.87865197999997,0 -77.06875282599999,-11.87974605899995,0 -77.06862801199998,-11.88144612399998,0 -77.06854962599994,-11.88321815199988,0 -77.06840843999998,-11.88518043899996,0 -77.06833998299999,-11.88705181299997,0 -77.06824989699996,-11.88848951999994,0 -77.06818699999995,-11.88988183799993,0 -77.06809087899995,-11.89173533799993,0 -77.06797599699996,-11.89353474799998,0 -77.06782406599996,-11.89528923899994,0 -77.0677277563404,-11.8971246894708,0 -77.06763148899994,-11.89895105299995,0 -77.06751660799995,-11.90075046299996,0 -77.06742021799994,-11.90256781299997,0 -77.0677881082387,-11.9038937289786,0 -77.06860099999999,-11.905551,0 -77.06905500000001,-11.90661499999997,0 -77.06964358599997,-11.90773932199994,0 
						</coordinates>
					</LineString>
				</MultiGeometry>
			</Placemark>
			<Placemark id="ID_30001">
				<name>L6352</name>
				<Snippet maxLines="0"></Snippet>
				<description><![CDATA[<html xmlns:fo="http://www.w3.org/1999/XSL/Format" xmlns:msxsl="urn:schemas-microsoft-com:xslt">

<head>

<META http-equiv="Content-Type" content="text/html">

<meta http-equiv="content-type" content="text/html; charset=UTF-8">

</head>

<body style="margin:0px 0px 0px 0px;overflow:auto;background:#FFFFFF;">

<table style="font-family:Arial,Verdana,Times;font-size:12px;text-align:left;width:100%;border-collapse:collapse;padding:3px 3px 3px 3px">

<tr style="text-align:center;font-weight:bold;background:#9CBCE2">

<td>L6352</td>

</tr>

<tr>

<td>

<table style="font-family:Arial,Verdana,Times;font-size:12px;text-align:left;width:100%;border-spacing:0px; padding:3px 3px 3px 3px">

<tr>

<td>FID</td>

<td>1</td>

</tr>

<tr bgcolor="#D4E4F3">

<td>Id</td>

<td>0</td>

</tr>

<tr>

<td>LINEA</td>

<td>L6352</td>

</tr>

<tr bgcolor="#D4E4F3">

<td>TIPO</td>

<td>LINEA ELECTRICA AEREA</td>

</tr>

<tr>

<td>RECORRIDO</td>

<td>SET COMAS - SET ZAPALLAL</td>

</tr>

</table>

</td>

</tr>

</table>

</body>

</html>]]></description>
				<styleUrl>#LineStyle3047</styleUrl>
				<MultiGeometry>
					<LineString>
						<tessellate>1</tessellate>
						<coordinates>
							-77.07244199999998,-11.911655,0 -77.07334629499998,-11.91312586499992,0 -77.07377196099998,-11.91479475899995,0 -77.07349393099997,-11.91685746699991,0 -77.07335458899995,-11.91905472399998,0 -77.07317647899997,-11.92098112699992,0 -77.07300958699993,-11.92196749599996,0 -77.07299028999996,-11.92305219699995,0 -77.07273937599996,-11.92506047799996,0 -77.07260880099994,-11.92720344199993,0 -77.07241343399994,-11.92927457999995,0 -77.0722303934824,-11.9305593467599,0 -77.07046707499994,-11.93040962099997,0 -77.06869178299995,-11.92989847599995,0 -77.06710607999996,-11.92897017699993,0 -77.06582976099997,-11.92768711399995,0 -77.06487269099996,-11.92613959799994,0 -77.06405391299994,-11.92467240399997,0 -77.06325384099993,-11.92325026099997,0 -77.06246288799997,-11.92181900799994,0 -77.06165358899996,-11.92038788599994,0 -77.060853545,-11.91896573099996,0 -77.06005344199995,-11.91753453399997,0 -77.05926259299997,-11.91611230399997,0 -77.05891798899995,-11.91544600699996,0 
						</coordinates>
					</LineString>
				</MultiGeometry>
			</Placemark>
		</Folder>
	</Document>
	<Document id="LINEA_ELECTRICA_2114" xsi:schemaLocation="http://www.opengis.net/kml/2.2 http://schemas.opengis.net/kml/2.2.0/ogckml22.xsd http://www.google.com/kml/ext/2.2 http://code.google.com/apis/kml/schema/kml22gx.xsd">
		<name>LINEA ELECTRICA 2114</name>
		<open>1</open>
		<Snippet maxLines="0"></Snippet>
		<Style id="LineStyle2066">
			<LabelStyle>
				<color>00000000</color>
				<scale>0</scale>
			</LabelStyle>
			<LineStyle>
				<color>ffe65c00</color>
				<width>2</width>
			</LineStyle>
			<PolyStyle>
				<color>00000000</color>
				<outline>0</outline>
			</PolyStyle>
		</Style>
		<Style id="LineStyle3048">
			<LabelStyle>
				<color>00000000</color>
				<scale>0</scale>
			</LabelStyle>
			<LineStyle>
				<color>ff0000ff</color>
				<width>1.7</width>
			</LineStyle>
			<PolyStyle>
				<color>00000000</color>
				<outline>0</outline>
			</PolyStyle>
		</Style>
		<Folder id="FeatureLayer2">
			<name>LINEA_ELECTRICA_AEREA_2114</name>
			<open>1</open>
			<Snippet maxLines="0"></Snippet>
			<Placemark id="ID_20000">
				<name>L2114</name>
				<Snippet maxLines="0"></Snippet>
				<description><![CDATA[<html xmlns:fo="http://www.w3.org/1999/XSL/Format" xmlns:msxsl="urn:schemas-microsoft-com:xslt">

<head>

<META http-equiv="Content-Type" content="text/html">

<meta http-equiv="content-type" content="text/html; charset=UTF-8">

</head>

<body style="margin:0px 0px 0px 0px;overflow:auto;background:#FFFFFF;">

<table style="font-family:Arial,Verdana,Times;font-size:12px;text-align:left;width:100%;border-collapse:collapse;padding:3px 3px 3px 3px">

<tr style="text-align:center;font-weight:bold;background:#9CBCE2">

<td>L2114</td>

</tr>

<tr>

<td>

<table style="font-family:Arial,Verdana,Times;font-size:12px;text-align:left;width:100%;border-spacing:0px; padding:3px 3px 3px 3px">

<tr>

<td>FID</td>

<td>0</td>

</tr>

<tr bgcolor="#D4E4F3">

<td>Id</td>

<td>0</td>

</tr>

<tr>

<td>LINEA</td>

<td>L2114</td>

</tr>

<tr bgcolor="#D4E4F3">

<td>TIPO</td>

<td>LINEA ELECTRICA AEREA</td>

</tr>

<tr>

<td>RECORRIDO</td>

<td>SET MALVINAS - SET MIRADOR</td>

</tr>

</table>

</td>

</tr>

</table>

</body>

</html>]]></description>
				<styleUrl>#LineStyle2066</styleUrl>
				<MultiGeometry>
					<LineString>
						<tessellate>1</tessellate>
						<coordinates>
							-77.04230525720526,-12.02497160566618,0 -77.0432499955531,-12.0248721515247,0 -77.0445396018894,-12.024706444736,0 -77.0461631618751,-12.02227370666029,0 -77.0452513877824,-12.0201290510015,0 -77.0452167881829,-12.01816207627619,0 -77.0451326068093,-12.0133735945156,0 -77.041582842661,-12.011100251733,0 -77.0399304554204,-12.00703189587,0 -77.039228842581,-12.00530465906981,0 -77.03753520600969,-12.0036392548578,0 -77.03572303982909,-12.002702965398,0 -77.03469255859839,-12.00217050556961,0 -77.0340765812094,-12.0019354288163,0 -77.0341589621851,-12.0018779799159,0 -77.03403377545339,-12.0012690954623,0 -77.03323945118881,-11.9994824864212,0 -77.0325886399565,-11.9980187585043,0 -77.0316006864105,-11.9957967332425,0 -77.0299677615775,-11.99212388112251,0 -77.02994415574889,-11.9900259851417,0 -77.02987903414839,-11.98425109951399,0 -77.0298075111259,-11.9778964313371,0 -77.0297613164406,-11.9737853420642,0 -77.0297272388741,-11.970758375502,0 -77.0295579801794,-11.96950778451899,0 -77.0290545074037,-11.9657857224926,0 -77.02862913191881,-11.96264137387369,0 -77.0283378413011,-11.96048865565669,0 -77.0252563289597,-11.9558879235998,0 -77.0234936310224,-11.95325598402161,0 -77.0203637110512,-11.9485824904239,0 -77.0173310493107,-11.94405417766481,0 -77.0171062112761,-11.9375615076955,0 -77.01637872631009,-11.93695865752451,0 -77.0145872807407,-11.93547344745399,0 -77.00955034827361,-11.9312983727111,0 -77.00558061059159,-11.92800757242381,0 -77.00291270297809,-11.9257958741206,0 -76.9992998947595,-11.922800613574,0 -76.99345851619201,-11.9179576510005,0 -76.9911778264877,-11.9160667166336,0 -76.99159067433629,-11.91008853085799,0 -76.99182114318749,-11.9067520618707,0 -76.98980233299994,-11.90468990099992,0 -76.98944526899999,-11.90480991999993,0 -76.98738455499995,-11.90540291499997,0 -76.98697196399996,-11.90546005399994,0 -76.9864835524675,-11.90556981896199,0 
						</coordinates>
					</LineString>
				</MultiGeometry>
			</Placemark>
			<Placemark id="ID_20001">
				<name>L2114</name>
				<Snippet maxLines="0"></Snippet>
				<description><![CDATA[<html xmlns:fo="http://www.w3.org/1999/XSL/Format" xmlns:msxsl="urn:schemas-microsoft-com:xslt">

<head>

<META http-equiv="Content-Type" content="text/html">

<meta http-equiv="content-type" content="text/html; charset=UTF-8">

</head>

<body style="margin:0px 0px 0px 0px;overflow:auto;background:#FFFFFF;">

<table style="font-family:Arial,Verdana,Times;font-size:12px;text-align:left;width:100%;border-collapse:collapse;padding:3px 3px 3px 3px">

<tr style="text-align:center;font-weight:bold;background:#9CBCE2">

<td>L2114</td>

</tr>

<tr>

<td>

<table style="font-family:Arial,Verdana,Times;font-size:12px;text-align:left;width:100%;border-spacing:0px; padding:3px 3px 3px 3px">

<tr>

<td>FID</td>

<td>1</td>

</tr>

<tr bgcolor="#D4E4F3">

<td>Id</td>

<td>0</td>

</tr>

<tr>

<td>LINEA</td>

<td>L2114</td>

</tr>

<tr bgcolor="#D4E4F3">

<td>TIPO</td>

<td>LINEA ELECTRICA AEREA</td>

</tr>

<tr>

<td>RECORRIDO</td>

<td>SET MALVINAS - SET MIRADOR</td>

</tr>

</table>

</td>

</tr>

</table>

</body>

</html>]]></description>
				<styleUrl>#LineStyle2066</styleUrl>
				<MultiGeometry>
					<LineString>
						<tessellate>1</tessellate>
						<coordinates>
							-77.04826258799994,-12.03603753599998,0 -77.04885486499995,-12.03543667599997,0 
						</coordinates>
					</LineString>
				</MultiGeometry>
			</Placemark>
		</Folder>
		<Folder id="FeatureLayer3">
			<name>LINEA_ELECTRICA_SUBTERRANEA_2114</name>
			<Snippet maxLines="0"></Snippet>
			<Placemark id="ID_30000">
				<name>L2114</name>
				<Snippet maxLines="0"></Snippet>
				<description><![CDATA[<html xmlns:fo="http://www.w3.org/1999/XSL/Format" xmlns:msxsl="urn:schemas-microsoft-com:xslt">

<head>

<META http-equiv="Content-Type" content="text/html">

<meta http-equiv="content-type" content="text/html; charset=UTF-8">

</head>

<body style="margin:0px 0px 0px 0px;overflow:auto;background:#FFFFFF;">

<table style="font-family:Arial,Verdana,Times;font-size:12px;text-align:left;width:100%;border-collapse:collapse;padding:3px 3px 3px 3px">

<tr style="text-align:center;font-weight:bold;background:#9CBCE2">

<td>L2114</td>

</tr>

<tr>

<td>

<table style="font-family:Arial,Verdana,Times;font-size:12px;text-align:left;width:100%;border-spacing:0px; padding:3px 3px 3px 3px">

<tr>

<td>FID</td>

<td>0</td>

</tr>

<tr bgcolor="#D4E4F3">

<td>Id</td>

<td>0</td>

</tr>

<tr>

<td>LINEA</td>

<td>L2114</td>

</tr>

<tr bgcolor="#D4E4F3">

<td>TIPO</td>

<td>LINEA ELECTRICA SUBTERRANEA</td>

</tr>

<tr>

<td>RECORRIDO</td>

<td>SET MALVINAS - SET MIRADOR</td>

</tr>

</table>

</td>

</tr>

</table>

</body>

</html>]]></description>
				<styleUrl>#LineStyle3048</styleUrl>
				<MultiGeometry>
					<LineString>
						<tessellate>1</tessellate>
						<coordinates>
							-77.04826258799994,-12.03603753599998,0 -77.04804000490103,-12.03577462738268,0 -77.04790613,-12.03579672,0 -77.04771936,-12.03589429000001,0 -77.0476202,-12.03598068,0 -77.04749502154833,-12.03622941727398,0 -77.04828876587945,-12.03716911830422,0 -77.04858011088822,-12.03787910518505,0 -77.04944306,-12.03755361999999,0 -77.05035607000001,-12.03743417,0 -77.05118824,-12.03733923,0 -77.05138475,-12.0392601,0 -77.05143372573063,-12.03962793973738,0 -77.05145327490922,-12.03986644215288,0 -77.05149957197234,-12.039930795757,0 -77.05156275999954,-12.04033378616958,0 -77.05378717000001,-12.04000825,0 -77.05387039,-12.04034958,0 -77.05392894962846,-12.0406415910402,0 -77.05390614843402,-12.04108929446443,0 -77.05416548976602,-12.04107745955016,0 -77.0541681597733,-12.0410079156633,0 
						</coordinates>
					</LineString>
				</MultiGeometry>
			</Placemark>
			<Placemark id="ID_30001">
				<name>L2114</name>
				<Snippet maxLines="0"></Snippet>
				<description><![CDATA[<html xmlns:fo="http://www.w3.org/1999/XSL/Format" xmlns:msxsl="urn:schemas-microsoft-com:xslt">

<head>

<META http-equiv="Content-Type" content="text/html">

<meta http-equiv="content-type" content="text/html; charset=UTF-8">

</head>

<body style="margin:0px 0px 0px 0px;overflow:auto;background:#FFFFFF;">

<table style="font-family:Arial,Verdana,Times;font-size:12px;text-align:left;width:100%;border-collapse:collapse;padding:3px 3px 3px 3px">

<tr style="text-align:center;font-weight:bold;background:#9CBCE2">

<td>L2114</td>

</tr>

<tr>

<td>

<table style="font-family:Arial,Verdana,Times;font-size:12px;text-align:left;width:100%;border-spacing:0px; padding:3px 3px 3px 3px">

<tr>

<td>FID</td>

<td>1</td>

</tr>

<tr bgcolor="#D4E4F3">

<td>Id</td>

<td>0</td>

</tr>

<tr>

<td>LINEA</td>

<td>L2114</td>

</tr>

<tr bgcolor="#D4E4F3">

<td>TIPO</td>

<td>LINEA ELECTRICA SUBTERRANEA</td>

</tr>

<tr>

<td>RECORRIDO</td>

<td>SET MALVINAS - SET MIRADOR</td>

</tr>

</table>

</td>

</tr>

</table>

</body>

</html>]]></description>
				<styleUrl>#LineStyle3048</styleUrl>
				<MultiGeometry>
					<LineString>
						<tessellate>1</tessellate>
						<coordinates>
							-77.04230525720526,-12.02497160566618,0 -77.04220919308928,-12.02495973329964,0 -77.04211105605101,-12.02504694125335,0 -77.0415908944891,-12.02550230421489,0 -77.04376232,-12.02780598000001,0 -77.04401467,-12.02807898000001,0 -77.04442352,-12.0285512,0 -77.04433937,-12.02950568000001,0 -77.04593561,-12.02964541,0 -77.04605582000001,-12.02977438,0 -77.04589772999999,-12.03136618,0 -77.04577666,-12.0327747,0 -77.04719005,-12.03289462,0 -77.04746781999999,-12.03454252,0 -77.04844722,-12.03433193000001,0 -77.04870682000001,-12.03505631999999,0 -77.04885486499995,-12.03543667599997,0 
						</coordinates>
					</LineString>
				</MultiGeometry>
			</Placemark>
		</Folder>
	</Document>
	<Document id="LINEA_ELECTRICA_2115" xsi:schemaLocation="http://www.opengis.net/kml/2.2 http://schemas.opengis.net/kml/2.2.0/ogckml22.xsd http://www.google.com/kml/ext/2.2 http://code.google.com/apis/kml/schema/kml22gx.xsd">
		<name>LINEA ELECTRICA 2115</name>
		<open>1</open>
		<Snippet maxLines="0"></Snippet>
		<Style id="LineStyle3049">
			<LabelStyle>
				<color>00000000</color>
				<scale>0</scale>
			</LabelStyle>
			<LineStyle>
				<color>ffff7000</color>
				<width>2</width>
			</LineStyle>
			<PolyStyle>
				<color>00000000</color>
				<outline>0</outline>
			</PolyStyle>
		</Style>
		<Style id="LineStyle400">
			<LabelStyle>
				<color>00000000</color>
				<scale>0</scale>
			</LabelStyle>
			<LineStyle>
				<color>ff1134fa</color>
				<width>1.7</width>
			</LineStyle>
			<PolyStyle>
				<color>00000000</color>
				<outline>0</outline>
			</PolyStyle>
		</Style>
		<Folder id="FeatureLayer3">
			<name>LINEA ELECTRICA AEREA_2115</name>
			<open>1</open>
			<Snippet maxLines="0"></Snippet>
			<Placemark id="ID_30000">
				<name>L2115</name>
				<Snippet maxLines="0"></Snippet>
				<description><![CDATA[<html xmlns:fo="http://www.w3.org/1999/XSL/Format" xmlns:msxsl="urn:schemas-microsoft-com:xslt">

<head>

<META http-equiv="Content-Type" content="text/html">

<meta http-equiv="content-type" content="text/html; charset=UTF-8">

</head>

<body style="margin:0px 0px 0px 0px;overflow:auto;background:#FFFFFF;">

<table style="font-family:Arial,Verdana,Times;font-size:12px;text-align:left;width:100%;border-collapse:collapse;padding:3px 3px 3px 3px">

<tr style="text-align:center;font-weight:bold;background:#9CBCE2">

<td>L2115</td>

</tr>

<tr>

<td>

<table style="font-family:Arial,Verdana,Times;font-size:12px;text-align:left;width:100%;border-spacing:0px; padding:3px 3px 3px 3px">

<tr>

<td>FID</td>

<td>0</td>

</tr>

<tr bgcolor="#D4E4F3">

<td>Id</td>

<td>0</td>

</tr>

<tr>

<td>LINEA</td>

<td>L2115</td>

</tr>

<tr bgcolor="#D4E4F3">

<td>TIPO</td>

<td>LINEA ELECTRICA AEREA</td>

</tr>

<tr>

<td>RECORRIDO</td>

<td>SET MALVINAS - SET MIRADOR</td>

</tr>

</table>

</td>

</tr>

</table>

</body>

</html>]]></description>
				<styleUrl>#LineStyle3049</styleUrl>
				<MultiGeometry>
					<LineString>
						<tessellate>1</tessellate>
						<coordinates>
							-77.04236336299994,-12.02502392999997,0 -77.0432499955531,-12.0248721515247,0 -77.0445396018894,-12.024706444736,0 -77.04616316187509,-12.02227370666029,0 -77.0452513877824,-12.0201290510015,0 -77.04521678818288,-12.01816207627619,0 -77.0451326068093,-12.0133735945156,0 -77.04158284266099,-12.01110025173297,0 -77.0399304554204,-12.00703189587,0 -77.039228842581,-12.00530465906977,0 -77.03753520600969,-12.0036392548578,0 -77.03572303982909,-12.00270296539797,0 -77.03469255859839,-12.00217050556959,0 -77.0340765812094,-12.0019354288163,0 -77.0341589621851,-12.00187797991587,0 -77.03403377545338,-12.00126909546228,0 -77.03323945118881,-11.9994824864212,0 -77.0325886399565,-11.99801875850428,0 -77.03160068641048,-11.9957967332425,0 -77.0299677615775,-11.99212388112249,0 -77.02994415574889,-11.9900259851417,0 -77.02987903414839,-11.98425109951399,0 -77.0298075111259,-11.9778964313371,0 -77.0297613164406,-11.9737853420642,0 -77.02972723887409,-11.97075837550197,0 -77.02955798017938,-11.96950778451897,0 -77.02905450740369,-11.96578572249258,0 -77.02862913191879,-11.96264137387366,0 -77.0283378413011,-11.96048865565669,0 -77.0252563289597,-11.9558879235998,0 -77.0234936310224,-11.95325598402161,0 -77.0203637110512,-11.9485824904239,0 -77.0173310493107,-11.94405417766481,0 -77.01710621127609,-11.93756150769549,0 -77.01637872631008,-11.93695865752451,0 -77.01458728074071,-11.93547344745399,0 -77.00955034827359,-11.93129837271107,0 -77.00558061059159,-11.92800757242381,0 -77.00291270297808,-11.9257958741206,0 -76.99929989475949,-11.922800613574,0 -76.99345851619199,-11.9179576510005,0 -76.99117782648769,-11.9160667166336,0 -76.99159067433629,-11.91008853085799,0 -76.99182114318748,-11.90675206187068,0 -76.98980233299994,-11.90468990099991,0 -76.98944526899999,-11.90480991999993,0 -76.98738455499995,-11.90540291499997,0 -76.98697196399996,-11.90546005399992,0 -76.9864835524675,-11.90556981896199,0 
						</coordinates>
					</LineString>
				</MultiGeometry>
			</Placemark>
			<Placemark id="ID_30001">
				<name>L2115</name>
				<Snippet maxLines="0"></Snippet>
				<description><![CDATA[<html xmlns:fo="http://www.w3.org/1999/XSL/Format" xmlns:msxsl="urn:schemas-microsoft-com:xslt">

<head>

<META http-equiv="Content-Type" content="text/html">

<meta http-equiv="content-type" content="text/html; charset=UTF-8">

</head>

<body style="margin:0px 0px 0px 0px;overflow:auto;background:#FFFFFF;">

<table style="font-family:Arial,Verdana,Times;font-size:12px;text-align:left;width:100%;border-collapse:collapse;padding:3px 3px 3px 3px">

<tr style="text-align:center;font-weight:bold;background:#9CBCE2">

<td>L2115</td>

</tr>

<tr>

<td>

<table style="font-family:Arial,Verdana,Times;font-size:12px;text-align:left;width:100%;border-spacing:0px; padding:3px 3px 3px 3px">

<tr>

<td>FID</td>

<td>1</td>

</tr>

<tr bgcolor="#D4E4F3">

<td>Id</td>

<td>0</td>

</tr>

<tr>

<td>LINEA</td>

<td>L2115</td>

</tr>

<tr bgcolor="#D4E4F3">

<td>TIPO</td>

<td>LINEA ELECTRICA AEREA</td>

</tr>

<tr>

<td>RECORRIDO</td>

<td>SET MALVINAS - SET MIRADOR</td>

</tr>

</table>

</td>

</tr>

</table>

</body>

</html>]]></description>
				<styleUrl>#LineStyle3049</styleUrl>
				<MultiGeometry>
					<LineString>
						<tessellate>1</tessellate>
						<coordinates>
							-77.04840430199994,-12.03603375099994,0 -77.04888788399994,-12.03546636899996,0 
						</coordinates>
					</LineString>
				</MultiGeometry>
			</Placemark>
		</Folder>
		<Folder id="FeatureLayer4">
			<name>LINEA_ELECTRICA_SUBTERRANEA_2115</name>
			<Snippet maxLines="0"></Snippet>
			<Placemark id="ID_40000">
				<Snippet maxLines="0"></Snippet>
				<description><![CDATA[<html xmlns:fo="http://www.w3.org/1999/XSL/Format" xmlns:msxsl="urn:schemas-microsoft-com:xslt">

<head>

<META http-equiv="Content-Type" content="text/html">

<meta http-equiv="content-type" content="text/html; charset=UTF-8">

</head>

<body style="margin:0px 0px 0px 0px;overflow:auto;background:#FFFFFF;">

<table style="font-family:Arial,Verdana,Times;font-size:12px;text-align:left;width:100%;border-collapse:collapse;padding:3px 3px 3px 3px">

<tr style="text-align:center;font-weight:bold;background:#9CBCE2">

<td> </td>

</tr>

<tr>

<td>

<table style="font-family:Arial,Verdana,Times;font-size:12px;text-align:left;width:100%;border-spacing:0px; padding:3px 3px 3px 3px">

<tr>

<td>FID</td>

<td>0</td>

</tr>

<tr bgcolor="#D4E4F3">

<td>Id</td>

<td>0</td>

</tr>

<tr>

<td>LINEA</td>

<td></td>

</tr>

<tr bgcolor="#D4E4F3">

<td>TIPO</td>

<td>LINEA ELECTRICA SUBTERRANEA</td>

</tr>

<tr>

<td>RECORRIDO</td>

<td>SET MALVINAS - SET MIRADOR</td>

</tr>

</table>

</td>

</tr>

</table>

</body>

</html>]]></description>
				<styleUrl>#LineStyle400</styleUrl>
				<MultiGeometry>
					<LineString>
						<tessellate>1</tessellate>
						<coordinates>
							-77.04840430199994,-12.03603375099994,0 -77.04828255448415,-12.0359150088625,0 -77.04814974930088,-12.03577025858856,0 -77.04791061,-12.03580971999999,0 -77.04772725999999,-12.03590550999997,0 -77.04763053999999,-12.03598977999997,0 -77.04751147402972,-12.03622501807219,0 -77.04830252348769,-12.03716342814129,0 -77.04858488888337,-12.03786278570938,0 -77.04943813,-12.03754096999999,0 -77.05035436999999,-12.03742071,0 -77.05120053999998,-12.03732418000001,0 -77.05139946842444,-12.03919589200757,0 -77.05144374055686,-12.03962623979189,0 -77.05146083253781,-12.03986503029209,0 -77.05150722383564,-12.03992758075801,0 -77.05157551697661,-12.04031026712387,0 -77.05379758999999,-12.03999289,0 -77.05388410999998,-12.04034775999996,0 -77.0539464744664,-12.04063642210487,0 -77.05392376471306,-12.0410686599865,0 -77.05414918323896,-12.04106413030985,0 -77.05414984231975,-12.0410229948547,0 -77.0541681597733,-12.04100791566327,0 
						</coordinates>
					</LineString>
				</MultiGeometry>
			</Placemark>
			<Placemark id="ID_40001">
				<Snippet maxLines="0"></Snippet>
				<description><![CDATA[<html xmlns:fo="http://www.w3.org/1999/XSL/Format" xmlns:msxsl="urn:schemas-microsoft-com:xslt">

<head>

<META http-equiv="Content-Type" content="text/html">

<meta http-equiv="content-type" content="text/html; charset=UTF-8">

</head>

<body style="margin:0px 0px 0px 0px;overflow:auto;background:#FFFFFF;">

<table style="font-family:Arial,Verdana,Times;font-size:12px;text-align:left;width:100%;border-collapse:collapse;padding:3px 3px 3px 3px">

<tr style="text-align:center;font-weight:bold;background:#9CBCE2">

<td> </td>

</tr>

<tr>

<td>

<table style="font-family:Arial,Verdana,Times;font-size:12px;text-align:left;width:100%;border-spacing:0px; padding:3px 3px 3px 3px">

<tr>

<td>FID</td>

<td>1</td>

</tr>

<tr bgcolor="#D4E4F3">

<td>Id</td>

<td>0</td>

</tr>

<tr>

<td>LINEA</td>

<td></td>

</tr>

<tr bgcolor="#D4E4F3">

<td>TIPO</td>

<td>LINEA ELECTRICA SUBTERRANEA</td>

</tr>

<tr>

<td>RECORRIDO</td>

<td>SET MALVINAS - SET MIRADOR</td>

</tr>

</table>

</td>

</tr>

</table>

</body>

</html>]]></description>
				<styleUrl>#LineStyle400</styleUrl>
				<MultiGeometry>
					<LineString>
						<tessellate>1</tessellate>
						<coordinates>
							-77.04888788399994,-12.03546636899996,0 -77.04869582711262,-12.03498189807549,0 -77.04845331437225,-12.03431798778513,0 -77.04749640983623,-12.03451512068477,0 -77.04721202464506,-12.03286769501453,0 -77.04581595489783,-12.03273624605658,0 -77.0460854486405,-12.02977584082875,0 -77.04594871446868,-12.02962037846811,0 -77.04436641125021,-12.0294836683347,0 -77.04445497531501,-12.02853895917232,0 -77.0434105202973,-12.02735855647888,0 -77.04164440830823,-12.02551006239787,0 -77.04220848735399,-12.02500973620803,0 -77.04236336299994,-12.02502392999997,0 
						</coordinates>
					</LineString>
				</MultiGeometry>
			</Placemark>
		</Folder>
	</Document>
	<Document id="LINEA_ELECTRICA_646" xsi:schemaLocation="http://www.opengis.net/kml/2.2 http://schemas.opengis.net/kml/2.2.0/ogckml22.xsd http://www.google.com/kml/ext/2.2 http://code.google.com/apis/kml/schema/kml22gx.xsd">
		<name>LINEA ELECTRICA 646</name>
		<open>1</open>
		<Snippet maxLines="0"></Snippet>
		<Style id="LineStyle2067">
			<LabelStyle>
				<color>00000000</color>
				<scale>0</scale>
			</LabelStyle>
			<LineStyle>
				<color>ffe65c00</color>
				<width>2</width>
			</LineStyle>
			<PolyStyle>
				<color>00000000</color>
				<outline>0</outline>
			</PolyStyle>
		</Style>
		<Style id="LineStyle3050">
			<LabelStyle>
				<color>00000000</color>
				<scale>0</scale>
			</LabelStyle>
			<LineStyle>
				<color>ff0000ff</color>
				<width>2</width>
			</LineStyle>
			<PolyStyle>
				<color>00000000</color>
				<outline>0</outline>
			</PolyStyle>
		</Style>
		<Folder id="FeatureLayer2">
			<name>LINEA ELECTRICA AEREA_646</name>
			<open>1</open>
			<Snippet maxLines="0"></Snippet>
			<Placemark id="ID_20000">
				<name>L646</name>
				<Snippet maxLines="0"></Snippet>
				<description><![CDATA[<html xmlns:fo="http://www.w3.org/1999/XSL/Format" xmlns:msxsl="urn:schemas-microsoft-com:xslt">

<head>

<META http-equiv="Content-Type" content="text/html">

<meta http-equiv="content-type" content="text/html; charset=UTF-8">

</head>

<body style="margin:0px 0px 0px 0px;overflow:auto;background:#FFFFFF;">

<table style="font-family:Arial,Verdana,Times;font-size:12px;text-align:left;width:100%;border-collapse:collapse;padding:3px 3px 3px 3px">

<tr style="text-align:center;font-weight:bold;background:#9CBCE2">

<td>L646</td>

</tr>

<tr>

<td>

<table style="font-family:Arial,Verdana,Times;font-size:12px;text-align:left;width:100%;border-spacing:0px; padding:3px 3px 3px 3px">

<tr>

<td>FID</td>

<td>0</td>

</tr>

<tr bgcolor="#D4E4F3">

<td>Id</td>

<td>0</td>

</tr>

<tr>

<td>LINEA</td>

<td>L646</td>

</tr>

<tr bgcolor="#D4E4F3">

<td>TIPO</td>

<td>LINEA ELECTRICA AEREA</td>

</tr>

<tr>

<td>RECORRIDO</td>

<td>SET MARANGA - SET PERSHING</td>

</tr>

</table>

</td>

</tr>

</table>

</body>

</html>]]></description>
				<styleUrl>#LineStyle2067</styleUrl>
				<MultiGeometry>
					<LineString>
						<tessellate>1</tessellate>
						<coordinates>
							-77.07045910039,-12.0819220952944,0 -77.07174660521,-12.0814535394479,0 -77.07321040434999,-12.08091957331809,0 -77.07476305820001,-12.08036156325339,0 -77.07631232631,-12.07979452474671,0 -77.07786336623001,-12.0792322103836,0 -77.07938945405,-12.07873665401249,0 -77.08053587249999,-12.07840901517451,0 -77.08169613222999,-12.07813257671091,0 -77.08334900199,-12.0781202029905,0 -77.08495442938001,-12.07805022181769,0 -77.08642343836,-12.0780236675906,0 -77.08825960441,-12.0779858147776,0 -77.09009567562001,-12.0779438399755,0 -77.091196597818,-12.077897268138,0 -77.09228148216999,-12.0777072139636,0 -77.09314210932,-12.07726785986431,0 -77.09315327176,-12.07687921394091,0 -77.09249257673,-12.07532824711349,0 -77.09219805051001,-12.0743773302902,0 -77.09207264411,-12.07311812674389,0 -77.09193563357,-12.07186009479781,0 -77.09177321581269,-12.07055945554,0 -77.09292121704,-12.070100349675,0 -77.09455586906,-12.0698485122337,0 -77.09619851412,-12.06966799639279,0 -77.0971768486,-12.06957844295989,0 -77.097184,-12.06983199999999,0 
						</coordinates>
					</LineString>
				</MultiGeometry>
			</Placemark>
		</Folder>
		<Folder id="FeatureLayer3">
			<name>LINEA ELECTRICA SUBTERRANEA_646</name>
			<Snippet maxLines="0"></Snippet>
			<Placemark id="ID_30000">
				<Snippet maxLines="0"></Snippet>
				<description><![CDATA[<html xmlns:fo="http://www.w3.org/1999/XSL/Format" xmlns:msxsl="urn:schemas-microsoft-com:xslt">

<head>

<META http-equiv="Content-Type" content="text/html">

<meta http-equiv="content-type" content="text/html; charset=UTF-8">

</head>

<body style="margin:0px 0px 0px 0px;overflow:auto;background:#FFFFFF;">

<table style="font-family:Arial,Verdana,Times;font-size:12px;text-align:left;width:100%;border-collapse:collapse;padding:3px 3px 3px 3px">

<tr style="text-align:center;font-weight:bold;background:#9CBCE2">

<td></td>

</tr>

<tr>

<td>

<table style="font-family:Arial,Verdana,Times;font-size:12px;text-align:left;width:100%;border-spacing:0px; padding:3px 3px 3px 3px">

<tr>

<td>FID</td>

<td>0</td>

</tr>

<tr bgcolor="#D4E4F3">

<td>LINEA</td>

<td>L646</td>

</tr>

<tr>

<td>TIPO</td>

<td>LINEA ELECTRICA SUBTERRANEA</td>

</tr>

<tr bgcolor="#D4E4F3">

<td>RECORRIDO</td>

<td>SET MARANGA - SET PERSHING</td>

</tr>

</table>

</td>

</tr>

</table>

</body>

</html>]]></description>
				<styleUrl>#LineStyle3050</styleUrl>
				<MultiGeometry>
					<LineString>
						<tessellate>1</tessellate>
						<coordinates>
							-77.060069,-12.088291,0 -77.06032258050433,-12.08852819634736,0 -77.06096672923275,-12.09017286811942,0 -77.06396804561763,-12.08780198297789,0 -77.06420524426751,-12.08744246044662,0 -77.07140079953739,-12.08492269587851,0 -77.07139895876479,-12.08478354998313,0 -77.07035848405265,-12.08217353741628,0 -77.07045910039,-12.0819220952944,0 
						</coordinates>
					</LineString>
				</MultiGeometry>
			</Placemark>
		</Folder>
	</Document>
	<Document id="LINEA_ELECTRICA_6470" xsi:schemaLocation="http://www.opengis.net/kml/2.2 http://schemas.opengis.net/kml/2.2.0/ogckml22.xsd http://www.google.com/kml/ext/2.2 http://code.google.com/apis/kml/schema/kml22gx.xsd">
		<name>LINEA ELECTRICA 6470</name>
		<open>1</open>
		<Snippet maxLines="0"></Snippet>
		<Style id="LineStyle2068">
			<LabelStyle>
				<color>00000000</color>
				<scale>0</scale>
			</LabelStyle>
			<LineStyle>
				<color>ffe65c00</color>
				<width>1.7</width>
			</LineStyle>
			<PolyStyle>
				<color>00000000</color>
				<outline>0</outline>
			</PolyStyle>
		</Style>
		<Style id="LineStyle3051">
			<LabelStyle>
				<color>00000000</color>
				<scale>0</scale>
			</LabelStyle>
			<LineStyle>
				<color>ff0000ff</color>
				<width>2</width>
			</LineStyle>
			<PolyStyle>
				<color>00000000</color>
				<outline>0</outline>
			</PolyStyle>
		</Style>
		<Folder id="FeatureLayer2">
			<name>LINEA_ELECTRICA_AEREA_6470</name>
			<open>1</open>
			<Snippet maxLines="0"></Snippet>
			<Placemark id="ID_20000">
				<name>L6470</name>
				<Snippet maxLines="0"></Snippet>
				<description><![CDATA[<html xmlns:fo="http://www.w3.org/1999/XSL/Format" xmlns:msxsl="urn:schemas-microsoft-com:xslt">

<head>

<META http-equiv="Content-Type" content="text/html">

<meta http-equiv="content-type" content="text/html; charset=UTF-8">

</head>

<body style="margin:0px 0px 0px 0px;overflow:auto;background:#FFFFFF;">

<table style="font-family:Arial,Verdana,Times;font-size:12px;text-align:left;width:100%;border-collapse:collapse;padding:3px 3px 3px 3px">

<tr style="text-align:center;font-weight:bold;background:#9CBCE2">

<td>L6470</td>

</tr>

<tr>

<td>

<table style="font-family:Arial,Verdana,Times;font-size:12px;text-align:left;width:100%;border-spacing:0px; padding:3px 3px 3px 3px">

<tr>

<td>FID</td>

<td>0</td>

</tr>

<tr bgcolor="#D4E4F3">

<td>LINEA</td>

<td>L6470</td>

</tr>

<tr>

<td>TIPO</td>

<td>LINEA ELECTRICA AEREA</td>

</tr>

<tr bgcolor="#D4E4F3">

<td>RECORRIDO</td>

<td>SET CUSCO - SET PERSHING</td>

</tr>

</table>

</td>

</tr>

</table>

</body>

</html>]]></description>
				<styleUrl>#LineStyle2068</styleUrl>
				<MultiGeometry>
					<LineString>
						<tessellate>1</tessellate>
						<coordinates>
							-77.07045132112999,-12.0819011801246,0 -77.07174660521299,-12.08145353944789,0 -77.07321040435198,-12.0809195733181,0 -77.07483299999996,-12.08030833299993,0 -77.07625999999993,-12.07977777799992,0 
						</coordinates>
					</LineString>
				</MultiGeometry>
			</Placemark>
		</Folder>
		<Folder id="FeatureLayer3">
			<name>LINEA_ELECTRICA_SUBTERRANEA_6470</name>
			<Snippet maxLines="0"></Snippet>
			<Placemark id="ID_30000">
				<name>L6470</name>
				<Snippet maxLines="0"></Snippet>
				<description><![CDATA[<html xmlns:fo="http://www.w3.org/1999/XSL/Format" xmlns:msxsl="urn:schemas-microsoft-com:xslt">

<head>

<META http-equiv="Content-Type" content="text/html">

<meta http-equiv="content-type" content="text/html; charset=UTF-8">

</head>

<body style="margin:0px 0px 0px 0px;overflow:auto;background:#FFFFFF;">

<table style="font-family:Arial,Verdana,Times;font-size:12px;text-align:left;width:100%;border-collapse:collapse;padding:3px 3px 3px 3px">

<tr style="text-align:center;font-weight:bold;background:#9CBCE2">

<td>L6470</td>

</tr>

<tr>

<td>

<table style="font-family:Arial,Verdana,Times;font-size:12px;text-align:left;width:100%;border-spacing:0px; padding:3px 3px 3px 3px">

<tr>

<td>FID</td>

<td>0</td>

</tr>

<tr bgcolor="#D4E4F3">

<td>LINEA</td>

<td>L6470</td>

</tr>

<tr>

<td>TIPO</td>

<td>LINEA ELECTRICA SUBTERRANEA</td>

</tr>

<tr bgcolor="#D4E4F3">

<td>RECORRIDO</td>

<td>SET CUSCO - SET PERSHING</td>

</tr>

</table>

</td>

</tr>

</table>

</body>

</html>]]></description>
				<styleUrl>#LineStyle3051</styleUrl>
				<MultiGeometry>
					<LineString>
						<tessellate>1</tessellate>
						<coordinates>
							-77.060069,-12.088291,0 -77.06032258050431,-12.08852819634735,0 -77.06096672923273,-12.0901728681194,0 -77.06396804561761,-12.08780198297789,0 -77.06420524426751,-12.08744246044662,0 -77.07140079953739,-12.08492269587849,0 -77.0713989587648,-12.08478354998313,0 -77.07035848405265,-12.08217353741628,0 -77.07045132112999,-12.0819011801246,0 
						</coordinates>
					</LineString>
				</MultiGeometry>
			</Placemark>
			<Placemark id="ID_30001">
				<name>L6470</name>
				<Snippet maxLines="0"></Snippet>
				<description><![CDATA[<html xmlns:fo="http://www.w3.org/1999/XSL/Format" xmlns:msxsl="urn:schemas-microsoft-com:xslt">

<head>

<META http-equiv="Content-Type" content="text/html">

<meta http-equiv="content-type" content="text/html; charset=UTF-8">

</head>

<body style="margin:0px 0px 0px 0px;overflow:auto;background:#FFFFFF;">

<table style="font-family:Arial,Verdana,Times;font-size:12px;text-align:left;width:100%;border-collapse:collapse;padding:3px 3px 3px 3px">

<tr style="text-align:center;font-weight:bold;background:#9CBCE2">

<td>L6470</td>

</tr>

<tr>

<td>

<table style="font-family:Arial,Verdana,Times;font-size:12px;text-align:left;width:100%;border-spacing:0px; padding:3px 3px 3px 3px">

<tr>

<td>FID</td>

<td>1</td>

</tr>

<tr bgcolor="#D4E4F3">

<td>LINEA</td>

<td>L6470</td>

</tr>

<tr>

<td>TIPO</td>

<td>LINEA ELECTRICA SUBTERRANEA</td>

</tr>

<tr bgcolor="#D4E4F3">

<td>RECORRIDO</td>

<td>SET CUSCO - SET PERSHING</td>

</tr>

</table>

</td>

</tr>

</table>

</body>

</html>]]></description>
				<styleUrl>#LineStyle3051</styleUrl>
				<MultiGeometry>
					<LineString>
						<tessellate>1</tessellate>
						<coordinates>
							-77.07625999999993,-12.0797777779999,0 -77.07617599999998,-12.07986111099996,0 -77.07577147272582,-12.0800315435135,0 -77.07605421357374,-12.08095879812198,0 -77.07643935449103,-12.08208882036369,0 -77.07689012881252,-12.0832146456148,0 -77.07710766947959,-12.08372447363937,0 -77.07732486942059,-12.08419001831341,0 -77.07818451973705,-12.08577000978666,0 -77.07886560516781,-12.08544136080149,0 -77.07883328621206,-12.0853709264219,0 -77.07882666997033,-12.08535850365259,0 
						</coordinates>
					</LineString>
				</MultiGeometry>
			</Placemark>
		</Folder>
	</Document>
	<Document id="LINEA_ELECTRICA_613" xsi:schemaLocation="http://www.opengis.net/kml/2.2 http://schemas.opengis.net/kml/2.2.0/ogckml22.xsd http://www.google.com/kml/ext/2.2 http://code.google.com/apis/kml/schema/kml22gx.xsd">
		<name>LINEA ELECTRICA 613</name>
		<open>1</open>
		<Snippet maxLines="0"></Snippet>
		<Style id="LineStyle100">
			<LabelStyle>
				<color>00000000</color>
				<scale>0</scale>
			</LabelStyle>
			<LineStyle>
				<color>ff1134fa</color>
				<width>1.7</width>
			</LineStyle>
			<PolyStyle>
				<color>00000000</color>
				<outline>0</outline>
			</PolyStyle>
		</Style>
		<Folder id="FeatureLayer1">
			<name>LINEA_ELECTRICA_SUBTERRANEA_613</name>
			<Snippet maxLines="0"></Snippet>
			<Placemark id="ID_10000">
				<name>CU400-XLPE-PIRELLI</name>
				<Snippet maxLines="0"></Snippet>
				<description><![CDATA[<html xmlns:fo="http://www.w3.org/1999/XSL/Format" xmlns:msxsl="urn:schemas-microsoft-com:xslt">

<head>

<META http-equiv="Content-Type" content="text/html">

<meta http-equiv="content-type" content="text/html; charset=UTF-8">

</head>

<body style="margin:0px 0px 0px 0px;overflow:auto;background:#FFFFFF;">

<table style="font-family:Arial,Verdana,Times;font-size:12px;text-align:left;width:100%;border-collapse:collapse;padding:3px 3px 3px 3px">

<tr style="text-align:center;font-weight:bold;background:#9CBCE2">

<td>CU400-XLPE-PIRELLI</td>

</tr>

<tr>

<td>

<table style="font-family:Arial,Verdana,Times;font-size:12px;text-align:left;width:100%;border-spacing:0px; padding:3px 3px 3px 3px">

<tr>

<td>FID</td>

<td>0</td>

</tr>

<tr bgcolor="#D4E4F3">

<td>CONDUCTOR_</td>

<td>CU400-XLPE-PIRELLI</td>

</tr>

<tr>

<td>TIPO</td>

<td>LINEA ELECTRICA SUBTERRANEA</td>

</tr>

<tr bgcolor="#D4E4F3">

<td>RECORRIDO</td>

<td>SET TACNA - SET SANTA ROSA_A</td>

</tr>

</table>

</td>

</tr>

</table>

</body>

</html>]]></description>
				<styleUrl>#LineStyle100</styleUrl>
				<MultiGeometry>
					<LineString>
						<tessellate>1</tessellate>
						<coordinates>
							-77.03395467999998,-12.04302381999998,0 -77.033612574738,-12.04325217737619,0 -77.03292020999999,-12.04233114499993,0 -77.03186732987228,-12.04282876526024,0 -77.03056920599994,-12.04344228699995,0 -77.03039085199997,-12.04354932899997,0 -77.03019397299992,-12.04362192699994,0 -77.03003954799992,-12.04368294899996,0 -77.02990658799995,-12.04374909499995,0 -77.02961631599999,-12.04381481799991,0 -77.02912011699995,-12.04399868499996,0 -77.02909144000002,-12.04423172,0 -77.02907494999999,-12.04433416,0 -77.02907112,-12.04439615999998,0 -77.02906858999999,-12.04443983999997,0 -77.02904758,-12.04450055999999,0 -77.02896522,-12.04458566999998,0 -77.02893293999999,-12.04467041,0 -77.02888704,-12.04476166000001,0 -77.02794476,-12.04534327000001,0 -77.02753637799997,-12.04476490799994,0 -77.02543021099996,-12.04499174299996,0 -77.02499092701743,-12.04479845890894,0 -77.02473557203474,-12.0447644429796,0 -77.02390556,-12.04466134,0 -77.02321766999998,-12.04458730999996,0 -77.02280691999999,-12.04457706000001,0 -77.02204389968787,-12.04463451566429,0 -77.02132257599999,-12.0446590239999,0 -77.02082909000001,-12.04475726999999,0 -77.01960955999994,-12.04516069199996,0 -77.01940069099999,-12.04523170199996,0 -77.01906316699994,-12.04523469599997,0 -77.01856450354546,-12.04516191164163,0 -77.01792249199995,-12.04508655499995,0 -77.01711985999998,-12.04497441499993,0 -77.01689752625576,-12.04479434575035,0 -77.01595443135065,-12.04392694500081,0 -77.01549453199993,-12.04340211999994,0 -77.01459964739979,-12.04271258176157,0 -77.01403941823698,-12.04230107890889,0 -77.01310933000001,-12.04165859,0 -77.01290015999997,-12.04150279,0 -77.01236325399998,-12.04111728599997,0 -77.0120611066546,-12.04093176404305,0 -77.01156662047542,-12.04157951825158,0 -77.011379227929,-12.04141704617743,0 -77.011308,-12.04134699999999,0 
						</coordinates>
					</LineString>
				</MultiGeometry>
			</Placemark>
		</Folder>
	</Document>
	<Document id="LINEA_ELECTRICA_6152" xsi:schemaLocation="http://www.opengis.net/kml/2.2 http://schemas.opengis.net/kml/2.2.0/ogckml22.xsd http://www.google.com/kml/ext/2.2 http://code.google.com/apis/kml/schema/kml22gx.xsd">
		<name>LINEA ELECTRICA 6152</name>
		<open>1</open>
		<Snippet maxLines="0"></Snippet>
		<Style id="LineStyle101">
			<LabelStyle>
				<color>00000000</color>
				<scale>0</scale>
			</LabelStyle>
			<LineStyle>
				<color>ff1134fa</color>
				<width>1.7</width>
			</LineStyle>
			<PolyStyle>
				<color>00000000</color>
				<outline>0</outline>
			</PolyStyle>
		</Style>
		<Folder id="FeatureLayer1">
			<name>LINEA_ELECTRICA_SUBTERRANEA_6152</name>
			<Snippet maxLines="0"></Snippet>
			<Placemark id="ID_10000">
				<Snippet maxLines="0"></Snippet>
				<description><![CDATA[<html xmlns:fo="http://www.w3.org/1999/XSL/Format" xmlns:msxsl="urn:schemas-microsoft-com:xslt">

<head>

<META http-equiv="Content-Type" content="text/html">

<meta http-equiv="content-type" content="text/html; charset=UTF-8">

</head>

<body style="margin:0px 0px 0px 0px;overflow:auto;background:#FFFFFF;">

<table style="font-family:Arial,Verdana,Times;font-size:12px;text-align:left;width:100%;border-collapse:collapse;padding:3px 3px 3px 3px">

<tr style="text-align:center;font-weight:bold;background:#9CBCE2">

<td></td>

</tr>

<tr>

<td>

<table style="font-family:Arial,Verdana,Times;font-size:12px;text-align:left;width:100%;border-spacing:0px; padding:3px 3px 3px 3px">

<tr>

<td>FID</td>

<td>0</td>

</tr>

<tr bgcolor="#D4E4F3">

<td>LINEA</td>

<td>L6152</td>

</tr>

<tr>

<td>TIPO</td>

<td>LINEA ELECTRICA SUBTERRANEA</td>

</tr>

<tr bgcolor="#D4E4F3">

<td>RECORRIDO</td>

<td>SET PANDO - SET PERSHING</td>

</tr>

</table>

</td>

</tr>

</table>

</body>

</html>]]></description>
				<styleUrl>#LineStyle101</styleUrl>
				<MultiGeometry>
					<LineString>
						<tessellate>1</tessellate>
						<coordinates>
							-77.06303,-12.062299,0 -77.06306207550158,-12.06229511269847,0 -77.06307596423474,-12.0623025887956,0 -77.06308625,-12.06231463,0 -77.06310553,-12.06242109000001,0 -77.06315062,-12.06263079,0 -77.06314676,-12.06264996000001,0 -77.06314313,-12.06266184,0 -77.06313673,-12.06267758999999,0 -77.06312395,-12.06270013,0 -77.06311201,-12.06271573000001,0 -77.06309636,-12.06273159,0 -77.06306932,-12.06275115999999,0 -77.06141186000001,-12.06305082999999,0 -77.06081223,-12.06317509,0 -77.05976981000001,-12.06352287000001,0 -77.05975479999999,-12.06353557,0 -77.05975143000001,-12.06355291,0 -77.05984155,-12.0638107,0 -77.05983806,-12.06383059000001,0 -77.05982026,-12.06384153,0 -77.05944176,-12.06396944,0 -77.05911340125087,-12.06431347358097,0 -77.05907109455063,-12.06437309081716,0 -77.05840945999999,-12.0649012,0 -77.05783178,-12.06537195,0 -77.05713854,-12.06592644000001,0 -77.05698372000001,-12.06600996000001,0 -77.05662270000001,-12.06623172,0 -77.05604232,-12.0666527,0 -77.05597799,-12.06671036,0 -77.05587851,-12.06687470000001,0 -77.05569563,-12.06704052000001,0 -77.05507183,-12.06758437,0 -77.05458967,-12.06766347,0 -77.05457506,-12.06767317,0 -77.05457238,-12.06769046,0 -77.05473067,-12.06849521,0 -77.05561793,-12.07360014999999,0 -77.05477248,-12.07427282999999,0 -77.05476476,-12.07437195,0 -77.05379325,-12.07514491999999,0 -77.05378459000001,-12.07518360000001,0 -77.05378973000001,-12.07522904999999,0 -77.05660876,-12.07864302,0 -77.06148808839724,-12.08456837573219,0 -77.06149044229439,-12.08462192333675,0 -77.05901528160615,-12.08657435305538,0 -77.05837346938098,-12.08708364189597,0 -77.05866804,-12.08744141,0 -77.05875725,-12.08752082999999,0 -77.05934145000001,-12.08823001999999,0 -77.05939160328845,-12.08824930077906,0 -77.0598139825358,-12.08789309853308,0 -77.06009534,-12.08822748,0 -77.06004766950801,-12.08825908083953,0 -77.060069,-12.088291,0 
						</coordinates>
					</LineString>
				</MultiGeometry>
			</Placemark>
		</Folder>
	</Document>
	<Document id="LINEA_ELECTRICA_6153" xsi:schemaLocation="http://www.opengis.net/kml/2.2 http://schemas.opengis.net/kml/2.2.0/ogckml22.xsd http://www.google.com/kml/ext/2.2 http://code.google.com/apis/kml/schema/kml22gx.xsd">
		<name>LINEA ELECTRICA 6153</name>
		<open>1</open>
		<Snippet maxLines="0"></Snippet>
		<Style id="LineStyle102">
			<LabelStyle>
				<color>00000000</color>
				<scale>0</scale>
			</LabelStyle>
			<LineStyle>
				<color>ff0000ff</color>
				<width>1.7</width>
			</LineStyle>
			<PolyStyle>
				<color>00000000</color>
				<outline>0</outline>
			</PolyStyle>
		</Style>
		<Folder id="FeatureLayer1">
			<name>LINEA_ELECTRICA_SUBTERRANEA_6153</name>
			<Snippet maxLines="0"></Snippet>
			<Placemark id="ID_10000">
				<Snippet maxLines="0"></Snippet>
				<description><![CDATA[<html xmlns:fo="http://www.w3.org/1999/XSL/Format" xmlns:msxsl="urn:schemas-microsoft-com:xslt">

<head>

<META http-equiv="Content-Type" content="text/html">

<meta http-equiv="content-type" content="text/html; charset=UTF-8">

</head>

<body style="margin:0px 0px 0px 0px;overflow:auto;background:#FFFFFF;">

<table style="font-family:Arial,Verdana,Times;font-size:12px;text-align:left;width:100%;border-collapse:collapse;padding:3px 3px 3px 3px">

<tr style="text-align:center;font-weight:bold;background:#9CBCE2">

<td></td>

</tr>

<tr>

<td>

<table style="font-family:Arial,Verdana,Times;font-size:12px;text-align:left;width:100%;border-spacing:0px; padding:3px 3px 3px 3px">

<tr>

<td>FID</td>

<td>0</td>

</tr>

<tr bgcolor="#D4E4F3">

<td>LINEA</td>

<td>L6153</td>

</tr>

<tr>

<td>TIPO</td>

<td>LINEA ELECTRICA SUBTERRANEA</td>

</tr>

<tr bgcolor="#D4E4F3">

<td>RECORRIDO</td>

<td>SET MALVINAS - SET PERSHING</td>

</tr>

</table>

</td>

</tr>

</table>

</body>

</html>]]></description>
				<styleUrl>#LineStyle102</styleUrl>
				<MultiGeometry>
					<LineString>
						<tessellate>1</tessellate>
						<coordinates>
							-77.05423296004658,-12.0413376691518,0 -77.05391849999999,-12.04131561,0 -77.05389022,-12.04137914999999,0 -77.05359108,-12.04429302000001,0 -77.05353688,-12.04458385,0 -77.05339205,-12.04602235,0 -77.05324749,-12.047343,0 -77.05344166,-12.04748737999999,0 -77.0538433069998,-12.04759641829116,0 -77.05371342689564,-12.04891890854744,0 -77.05371817133073,-12.04904544297949,0 -77.05373290999999,-12.04919197,0 -77.05459336,-12.05094681,0 -77.05468944,-12.05131419,0 -77.05473872,-12.05142594,0 -77.05529006,-12.05252338999999,0 -77.05585178,-12.0532787,0 -77.05670845,-12.05445053,0 -77.05716972,-12.05509934000001,0 -77.05758074000001,-12.05582465000001,0 -77.05773182,-12.05652389999999,0 -77.05783491,-12.05712059000001,0 -77.0579111,-12.05739535,0 -77.05798441,-12.05760671000001,0 -77.05811378999999,-12.05793041000001,0 -77.05834738,-12.05845539000001,0 -77.05840908,-12.05867448000001,0 -77.05849008,-12.05903197,0 -77.05855135,-12.05964434999999,0 -77.05858897,-12.05978089,0 -77.05885511,-12.06073119,0 -77.05897206,-12.06119343,0 -77.05927891,-12.06210377,0 -77.06031007,-12.06506029000001,0 -77.06034667999999,-12.06518454,0 -77.06088217999999,-12.06675846000001,0 -77.06086492,-12.06681652999999,0 -77.06080939,-12.06686334999999,0 -77.06067245,-12.06696147000001,0 -77.06055273,-12.0671039,0 -77.06046576,-12.06729890999999,0 -77.06044285999999,-12.06753347000001,0 -77.06048062000001,-12.06772082,0 -77.06053740999999,-12.06782711,0 -77.06050466000001,-12.06789797,0 -77.06029838000001,-12.06808045999999,0 -77.05984856000001,-12.06852096000001,0 -77.05971998,-12.06867476,0 -77.05947897,-12.06904246,0 -77.05934837,-12.06931397000001,0 -77.05927268000001,-12.06951661000001,0 -77.05913885,-12.06993375,0 -77.05899171,-12.07082061,0 -77.0588959,-12.07176801,0 -77.05891747,-12.07297759000001,0 -77.05892355,-12.07389372999999,0 -77.05926682,-12.07596676,0 -77.05923652,-12.07605051,0 -77.05915337,-12.0761123,0 -77.05860065,-12.0762243,0 -77.05850673,-12.07626273,0 -77.05793975,-12.07669882,0 -77.05786007,-12.07677570999999,0 -77.05633406,-12.07796472000001,0 -77.06174495,-12.08453053,0 -77.05845148119144,-12.08715955125531,0 -77.05869287055451,-12.08744408125454,0 -77.05918269310534,-12.08706748957437,0 -77.05983153,-12.08785104,0 -77.05988958,-12.08790509,0 -77.0599505,-12.08795365000001,0 -77.06016203999999,-12.08820505999999,0 -77.06005793807317,-12.08827406619897,0 
						</coordinates>
					</LineString>
				</MultiGeometry>
			</Placemark>
		</Folder>
	</Document>
	<Document id="LINEA_ELECTRICA_6556" xsi:schemaLocation="http://www.opengis.net/kml/2.2 http://schemas.opengis.net/kml/2.2.0/ogckml22.xsd http://www.google.com/kml/ext/2.2 http://code.google.com/apis/kml/schema/kml22gx.xsd">
		<name>LINEA ELECTRICA 6556</name>
		<open>1</open>
		<Snippet maxLines="0"></Snippet>
		<Style id="LineStyle2069">
			<LabelStyle>
				<color>00000000</color>
				<scale>0</scale>
			</LabelStyle>
			<LineStyle>
				<color>ff0000ff</color>
				<width>1.7</width>
			</LineStyle>
			<PolyStyle>
				<color>00000000</color>
				<outline>0</outline>
			</PolyStyle>
		</Style>
		<Folder id="FeatureLayer2">
			<name>LINEA_ELECTRICA_SUBTERRANEA_6556</name>
			<Snippet maxLines="0"></Snippet>
			<Placemark id="ID_20000">
				<Snippet maxLines="0"></Snippet>
				<description><![CDATA[<html xmlns:fo="http://www.w3.org/1999/XSL/Format" xmlns:msxsl="urn:schemas-microsoft-com:xslt">

<head>

<META http-equiv="Content-Type" content="text/html">

<meta http-equiv="content-type" content="text/html; charset=UTF-8">

</head>

<body style="margin:0px 0px 0px 0px;overflow:auto;background:#FFFFFF;">

<table style="font-family:Arial,Verdana,Times;font-size:12px;text-align:left;width:100%;border-collapse:collapse;padding:3px 3px 3px 3px">

<tr style="text-align:center;font-weight:bold;background:#9CBCE2">

<td></td>

</tr>

<tr>

<td>

<table style="font-family:Arial,Verdana,Times;font-size:12px;text-align:left;width:100%;border-spacing:0px; padding:3px 3px 3px 3px">

<tr>

<td>FID</td>

<td>0</td>

</tr>

<tr bgcolor="#D4E4F3">

<td>LINEA</td>

<td>L6556</td>

</tr>

<tr>

<td>TIPO</td>

<td>LINEA ELECTRICA SUBTERRANEA</td>

</tr>

<tr bgcolor="#D4E4F3">

<td>RECORRIDO</td>

<td>SET CHAVARRIA - SET UNI</td>

</tr>

</table>

</td>

</tr>

</table>

</body>

</html>]]></description>
				<styleUrl>#LineStyle2069</styleUrl>
				<MultiGeometry>
					<LineString>
						<tessellate>1</tessellate>
						<coordinates>
							-77.04674976422366,-12.0280852581936,0 -77.04685071965582,-12.02799234751897,0 -77.04681358648644,-12.02795053381358,0 -77.04660773170305,-12.02772831743075,0 -77.04687324817652,-12.02750218419579,0 -77.04619741068835,-12.02687642547707,0 -77.0467309363941,-12.02635240166735,0 -77.04706255329322,-12.02603312006913,0 -77.04868217023345,-12.02457150205205,0 -77.04992499809266,-12.02348030872139,0 -77.0501902133278,-12.02321531657066,0 -77.05041602218083,-12.0229595809911,0 -77.05048497726386,-12.02284249783811,0 -77.0506343536382,-12.0225185727647,0 -77.05075812468242,-12.02202146484517,0 -77.05089596784433,-12.02137778517212,0 -77.05141676858268,-12.01877638866878,0 -77.0516043938692,-12.01789022226786,0 -77.05219371,-12.01547051,0 -77.05321485690658,-12.01082400096074,0 -77.05340052457461,-12.01088242030858,0 -77.05356500613529,-12.0109499625912,0 -77.05370814299037,-12.01100570496879,0 -77.05385440683932,-12.01107338088519,0 -77.05399468878355,-12.01115305725674,0 -77.05412588454267,-12.01123578945522,0 -77.05425721636416,-12.01133645546647,0 -77.05439468889747,-12.01144604371624,0 -77.05465760238945,-12.01168025412429,0 -77.05525070588727,-12.01221095141487,0 -77.05546114000001,-12.01228079000001,0 -77.05638874,-12.01130671,0 -77.05663636,-12.01092908,0 -77.05696058127403,-12.01025543160751,0 -77.05761483467877,-12.00871935531955,0 -77.05768558652815,-12.00849139440074,0 -77.05773772759748,-12.00819890604615,0 -77.05784434610061,-12.00792162544027,0 -77.06056133609282,-12.00831540580241,0 -77.06099629000001,-12.00777542,0 -77.06194188889837,-12.00240269152917,0 -77.06263669925256,-11.99794375763889,0 -77.06267449013443,-11.99774525881589,0 -77.06296190199033,-11.99778208768079,0 -77.06301615713068,-11.99747402029714,0 -77.06312698519729,-11.99735840760205,0 -77.06345835473138,-11.99728631945403,0 -77.06482117,-11.99753841999999,0 -77.06512993,-11.99764866999999,0 -77.06585724999999,-11.99837385999999,0 -77.0658553360982,-11.99837526313779,0 -77.06576843517766,-11.99843897277979,0 
						</coordinates>
					</LineString>
				</MultiGeometry>
			</Placemark>
		</Folder>
	</Document>
	<Document id="LINEA_ELECTRICA_6557" xsi:schemaLocation="http://www.opengis.net/kml/2.2 http://schemas.opengis.net/kml/2.2.0/ogckml22.xsd http://www.google.com/kml/ext/2.2 http://code.google.com/apis/kml/schema/kml22gx.xsd">
		<name>LINEA ELECTRICA 6557</name>
		<open>1</open>
		<Snippet maxLines="0"></Snippet>
		<Style id="LineStyle103">
			<LabelStyle>
				<color>00000000</color>
				<scale>0</scale>
			</LabelStyle>
			<LineStyle>
				<color>ff0000ff</color>
				<width>1.7</width>
			</LineStyle>
			<PolyStyle>
				<color>00000000</color>
				<outline>0</outline>
			</PolyStyle>
		</Style>
		<Folder id="FeatureLayer1">
			<name>LINEA_ELECTRICA_SUBTERRANEA_6557</name>
			<Snippet maxLines="0"></Snippet>
			<Placemark id="ID_10000">
				<Snippet maxLines="0"></Snippet>
				<description><![CDATA[<html xmlns:fo="http://www.w3.org/1999/XSL/Format" xmlns:msxsl="urn:schemas-microsoft-com:xslt">

<head>

<META http-equiv="Content-Type" content="text/html">

<meta http-equiv="content-type" content="text/html; charset=UTF-8">

</head>

<body style="margin:0px 0px 0px 0px;overflow:auto;background:#FFFFFF;">

<table style="font-family:Arial,Verdana,Times;font-size:12px;text-align:left;width:100%;border-collapse:collapse;padding:3px 3px 3px 3px">

<tr style="text-align:center;font-weight:bold;background:#9CBCE2">

<td></td>

</tr>

<tr>

<td>

<table style="font-family:Arial,Verdana,Times;font-size:12px;text-align:left;width:100%;border-spacing:0px; padding:3px 3px 3px 3px">

<tr>

<td>FID</td>

<td>0</td>

</tr>

<tr bgcolor="#D4E4F3">

<td>LINEA</td>

<td>L6557</td>

</tr>

<tr>

<td>TIPO</td>

<td>LINEA ELECTRICA SUBTERRANEA</td>

</tr>

<tr bgcolor="#D4E4F3">

<td>RECORRIDO</td>

<td>SET CHAVARRIA - SET UNI</td>

</tr>

</table>

</td>

</tr>

</table>

</body>

</html>]]></description>
				<styleUrl>#LineStyle103</styleUrl>
				<MultiGeometry>
					<LineString>
						<tessellate>1</tessellate>
						<coordinates>
							-77.06575387696303,-11.99842716923409,0 -77.0658273588411,-11.99837313018639,0 -77.06582929,-11.99837171,0 -77.06511978,-11.99766427,0 -77.06481491,-11.99755541,0 -77.06345920062238,-11.99730650815159,0 -77.06314043934815,-11.99737434199202,0 -77.06303340540337,-11.99748370336982,0 -77.06297637790659,-11.99780296993967,0 -77.06269124131094,-11.99776550454819,0 -77.06265542288527,-11.99793930707188,0 -77.06198471074119,-12.00242649007244,0 -77.0611265276133,-12.00725225993968,0 -77.06102855772792,-12.00778528750469,0 -77.06057938620489,-12.00837321324989,0 -77.0578754518924,-12.00798215521442,0 -77.05778236,-12.00820331,0 -77.05772937,-12.00850051,0 -77.05766084,-12.00872499999999,0 -77.05699741816956,-12.01026839887905,0 -77.05666989898796,-12.01096459188266,0 -77.05641701643685,-12.01135017313201,0 -77.05547736914052,-12.01231994180541,0 -77.05522794359364,-12.01223817820277,0 -77.05462647542278,-12.0117058151774,0 -77.05436762139138,-12.0114822031604,0 -77.05424667139218,-12.01137622316558,0 -77.05410617956538,-12.0112681846741,0 -77.05396600640213,-12.01118093871948,0 -77.05382538641419,-12.01110259871442,0 -77.0536962388137,-12.01104093631715,0 -77.05354979738357,-12.01098334703086,0 -77.05338992591064,-12.01092292304922,0 -77.05324211708391,-12.01088147650569,0 -77.05222948041471,-12.01546478564555,0 -77.05165452262406,-12.01784200867326,0 -77.0514530396802,-12.01877919567136,0 -77.05093186095131,-12.02137308466088,0 -77.05079522801775,-12.02202087015526,0 -77.05066520384818,-12.02252928155417,0 -77.05051820381593,-12.02286541154656,0 -77.05044936098867,-12.02297671675533,0 -77.05023666945577,-12.02322173818279,0 -77.04994388194652,-12.02351427946993,0 -77.048690162477,-12.02460291703281,0 -77.04806113070937,-12.0251560499607,0 -77.04708606783092,-12.02605491002265,0 -77.04675474839813,-12.02637559735649,0 -77.04624296348221,-12.0268692026935,0 -77.0469003695252,-12.02750530123516,0 -77.0466353598748,-12.02772870500676,0 -77.04683567775011,-12.02795731029141,0 -77.04686916683339,-12.02799693314973,0 -77.04677087284584,-12.028090125739,0 
						</coordinates>
					</LineString>
				</MultiGeometry>
			</Placemark>
		</Folder>
	</Document>
	<Document id="LINEA_ELECTRICA_6708" xsi:schemaLocation="http://www.opengis.net/kml/2.2 http://schemas.opengis.net/kml/2.2.0/ogckml22.xsd http://www.google.com/kml/ext/2.2 http://code.google.com/apis/kml/schema/kml22gx.xsd">
		<name>LINEA ELECTRICA 6708</name>
		<open>1</open>
		<Snippet maxLines="0"></Snippet>
		<Style id="LineStyle104">
			<LabelStyle>
				<color>00000000</color>
				<scale>0</scale>
			</LabelStyle>
			<LineStyle>
				<color>ff0000ff</color>
				<width>1.7</width>
			</LineStyle>
			<PolyStyle>
				<color>00000000</color>
				<outline>0</outline>
			</PolyStyle>
		</Style>
		<Folder id="FeatureLayer1">
			<name>LINEA_ELECTRICA_SUBTERRANEA</name>
			<Snippet maxLines="0"></Snippet>
			<Placemark id="ID_10000">
				<Snippet maxLines="0"></Snippet>
				<description><![CDATA[<html xmlns:fo="http://www.w3.org/1999/XSL/Format" xmlns:msxsl="urn:schemas-microsoft-com:xslt">

<head>

<META http-equiv="Content-Type" content="text/html">

<meta http-equiv="content-type" content="text/html; charset=UTF-8">

</head>

<body style="margin:0px 0px 0px 0px;overflow:auto;background:#FFFFFF;">

<table style="font-family:Arial,Verdana,Times;font-size:12px;text-align:left;width:100%;border-collapse:collapse;padding:3px 3px 3px 3px">

<tr style="text-align:center;font-weight:bold;background:#9CBCE2">

<td></td>

</tr>

<tr>

<td>

<table style="font-family:Arial,Verdana,Times;font-size:12px;text-align:left;width:100%;border-spacing:0px; padding:3px 3px 3px 3px">

<tr>

<td>FID</td>

<td>0</td>

</tr>

<tr bgcolor="#D4E4F3">

<td>LINEA</td>

<td>L6708</td>

</tr>

<tr>

<td>TIPO</td>

<td>LINEA ELECTRICA SUBTERRANEA</td>

</tr>

<tr bgcolor="#D4E4F3">

<td>RECORRIDO</td>

<td>SANTA ROSA _A - SANTA ROSA .N</td>

</tr>

</table>

</td>

</tr>

</table>

</body>

</html>]]></description>
				<styleUrl>#LineStyle104</styleUrl>
				<MultiGeometry>
					<LineString>
						<tessellate>1</tessellate>
						<coordinates>
							-77.01216758,-12.03984103999999,0 -77.01228244000001,-12.03990465,0 -77.01194192,-12.04063134999999,0 -77.01160433,-12.0410116,0 -77.01140313000001,-12.04131123000001,0 -77.01129797999999,-12.04142478000001,0 -77.0112288,-12.04137125999999,0 
						</coordinates>
					</LineString>
				</MultiGeometry>
			</Placemark>
		</Folder>
	</Document>
	<Document id="LINEA_ELECTRICA_6745" xsi:schemaLocation="http://www.opengis.net/kml/2.2 http://schemas.opengis.net/kml/2.2.0/ogckml22.xsd http://www.google.com/kml/ext/2.2 http://code.google.com/apis/kml/schema/kml22gx.xsd">
		<name>LINEA ELECTRICA 6745</name>
		<open>1</open>
		<Snippet maxLines="0"></Snippet>
		<Style id="LineStyle105">
			<LabelStyle>
				<color>00000000</color>
				<scale>0</scale>
			</LabelStyle>
			<LineStyle>
				<color>ff0000ff</color>
				<width>1.7</width>
			</LineStyle>
			<PolyStyle>
				<color>00000000</color>
				<outline>0</outline>
			</PolyStyle>
		</Style>
		<Folder id="FeatureLayer1">
			<name>LINEA_ELECTRICA_SUBTERRANEA_6745</name>
			<Snippet maxLines="0"></Snippet>
			<Placemark id="ID_10000">
				<Snippet maxLines="0"></Snippet>
				<description><![CDATA[<html xmlns:fo="http://www.w3.org/1999/XSL/Format" xmlns:msxsl="urn:schemas-microsoft-com:xslt">

<head>

<META http-equiv="Content-Type" content="text/html">

<meta http-equiv="content-type" content="text/html; charset=UTF-8">

</head>

<body style="margin:0px 0px 0px 0px;overflow:auto;background:#FFFFFF;">

<table style="font-family:Arial,Verdana,Times;font-size:12px;text-align:left;width:100%;border-collapse:collapse;padding:3px 3px 3px 3px">

<tr style="text-align:center;font-weight:bold;background:#9CBCE2">

<td></td>

</tr>

<tr>

<td>

<table style="font-family:Arial,Verdana,Times;font-size:12px;text-align:left;width:100%;border-spacing:0px; padding:3px 3px 3px 3px">

<tr>

<td>FID</td>

<td>0</td>

</tr>

<tr bgcolor="#D4E4F3">

<td>LINEA</td>

<td>L6745</td>

</tr>

<tr>

<td>TIPO</td>

<td>LINEA ELECTRICA SUBTERRANEA</td>

</tr>

<tr bgcolor="#D4E4F3">

<td>RECORRIDO</td>

<td>SET MALVINAS - SET TACNA</td>

</tr>

</table>

</td>

</tr>

</table>

</body>

</html>]]></description>
				<styleUrl>#LineStyle105</styleUrl>
				<MultiGeometry>
					<LineString>
						<tessellate>1</tessellate>
						<coordinates>
							-77.03396601,-12.04304636,0 -77.03361932999999,-12.04327946999999,0 -77.03365712999999,-12.04333797,0 -77.03469724999999,-12.04269566,0 -77.03404818,-12.04161204,0 -77.03813832018501,-12.03973057064285,0 -77.03969648,-12.03907442999999,0 -77.04322560999999,-12.03906137,0 -77.04314363,-12.04014009000001,0 -77.0434952,-12.04014959000001,0 -77.04517042000001,-12.04031333,0 -77.04604104000001,-12.04044898,0 -77.04728385999999,-12.04059933999999,0 -77.04870264269954,-12.04069527648874,0 -77.05047927,-12.04057191999999,0 -77.05122726,-12.04046260000001,0 -77.05153993692477,-12.04042689832064,0 -77.05377869223351,-12.04007802111143,0 -77.05382205746311,-12.04024282268351,0 -77.0538894777046,-12.04075554774908,0 -77.05382820260269,-12.04123901202467,0 -77.05444074,-12.0412707,0 -77.05444437,-12.04122062999999,0 
						</coordinates>
					</LineString>
				</MultiGeometry>
			</Placemark>
		</Folder>
	</Document>
	<Document id="LINEA_ELECTRICA_6746" xsi:schemaLocation="http://www.opengis.net/kml/2.2 http://schemas.opengis.net/kml/2.2.0/ogckml22.xsd http://www.google.com/kml/ext/2.2 http://code.google.com/apis/kml/schema/kml22gx.xsd">
		<name>LINEA ELECTRICA 6746</name>
		<open>1</open>
		<Snippet maxLines="0"></Snippet>
		<Style id="LineStyle106">
			<LabelStyle>
				<color>00000000</color>
				<scale>0</scale>
			</LabelStyle>
			<LineStyle>
				<color>ff0000ff</color>
				<width>1.7</width>
			</LineStyle>
			<PolyStyle>
				<color>00000000</color>
				<outline>0</outline>
			</PolyStyle>
		</Style>
		<Folder id="FeatureLayer1">
			<name>LINEA_ELECTRICA_6746</name>
			<Snippet maxLines="0"></Snippet>
			<Placemark id="ID_10000">
				<Snippet maxLines="0"></Snippet>
				<description><![CDATA[<html xmlns:fo="http://www.w3.org/1999/XSL/Format" xmlns:msxsl="urn:schemas-microsoft-com:xslt">

<head>

<META http-equiv="Content-Type" content="text/html">

<meta http-equiv="content-type" content="text/html; charset=UTF-8">

</head>

<body style="margin:0px 0px 0px 0px;overflow:auto;background:#FFFFFF;">

<table style="font-family:Arial,Verdana,Times;font-size:12px;text-align:left;width:100%;border-collapse:collapse;padding:3px 3px 3px 3px">

<tr style="text-align:center;font-weight:bold;background:#9CBCE2">

<td></td>

</tr>

<tr>

<td>

<table style="font-family:Arial,Verdana,Times;font-size:12px;text-align:left;width:100%;border-spacing:0px; padding:3px 3px 3px 3px">

<tr>

<td>FID</td>

<td>0</td>

</tr>

<tr bgcolor="#D4E4F3">

<td>LINEA</td>

<td>L6746</td>

</tr>

<tr>

<td>TIPO</td>

<td>LINEA ELECTRICA SUBTERRANEA</td>

</tr>

<tr bgcolor="#D4E4F3">

<td>RECORRIDO</td>

<td>SET MALVINAS - SET MIRONES</td>

</tr>

</table>

</td>

</tr>

</table>

</body>

</html>]]></description>
				<styleUrl>#LineStyle106</styleUrl>
				<MultiGeometry>
					<LineString>
						<tessellate>1</tessellate>
						<coordinates>
							-77.05450805,-12.04122515000001,0 -77.0545012,-12.04131571,0 -77.05389235,-12.04127300000001,0 -77.05384977,-12.04136869999999,0 -77.05354616,-12.04432609,0 -77.05369611,-12.04443277000001,0 -77.05517922,-12.04457662999999,0 -77.05748849,-12.0448001,0 -77.06045779999999,-12.04508745,0 -77.06076421,-12.04511669999999,0 -77.06094265999999,-12.04512462999999,0 -77.06117654000001,-12.04511403,0 -77.06130537999999,-12.04511727,0 -77.06358457,-12.04533077999999,0 -77.06425392,-12.04539485999999,0 -77.06492347243064,-12.04544336182972,0 -77.06526607329502,-12.04520010017391,0 -77.06531056242947,-12.04471154146596,0 -77.06530919273756,-12.04461511598031,0 -77.06538641,-12.0446235,0 -77.065465,-12.04463204,0 
						</coordinates>
					</LineString>
				</MultiGeometry>
			</Placemark>
		</Folder>
	</Document>
	<Document id="LINEA_ELECTRICA_6747" xsi:schemaLocation="http://www.opengis.net/kml/2.2 http://schemas.opengis.net/kml/2.2.0/ogckml22.xsd http://www.google.com/kml/ext/2.2 http://code.google.com/apis/kml/schema/kml22gx.xsd">
		<name>LINEA ELECTRICA 6747</name>
		<open>1</open>
		<Snippet maxLines="0"></Snippet>
		<Style id="LineStyle107">
			<LabelStyle>
				<color>00000000</color>
				<scale>0</scale>
			</LabelStyle>
			<LineStyle>
				<color>ff0000ff</color>
				<width>1.7</width>
			</LineStyle>
			<PolyStyle>
				<color>00000000</color>
				<outline>0</outline>
			</PolyStyle>
		</Style>
		<Folder id="FeatureLayer1">
			<name>LINEA_ELECTRICA_SUBTERRANEA_6747</name>
			<Snippet maxLines="0"></Snippet>
			<Placemark id="ID_10000">
				<Snippet maxLines="0"></Snippet>
				<description><![CDATA[<html xmlns:fo="http://www.w3.org/1999/XSL/Format" xmlns:msxsl="urn:schemas-microsoft-com:xslt">

<head>

<META http-equiv="Content-Type" content="text/html">

<meta http-equiv="content-type" content="text/html; charset=UTF-8">

</head>

<body style="margin:0px 0px 0px 0px;overflow:auto;background:#FFFFFF;">

<table style="font-family:Arial,Verdana,Times;font-size:12px;text-align:left;width:100%;border-collapse:collapse;padding:3px 3px 3px 3px">

<tr style="text-align:center;font-weight:bold;background:#9CBCE2">

<td></td>

</tr>

<tr>

<td>

<table style="font-family:Arial,Verdana,Times;font-size:12px;text-align:left;width:100%;border-spacing:0px; padding:3px 3px 3px 3px">

<tr>

<td>FID</td>

<td>0</td>

</tr>

<tr bgcolor="#D4E4F3">

<td>LINEA</td>

<td>L6747</td>

</tr>

<tr>

<td>TIPO</td>

<td>LINEA ELECTRICA SUBTERRANEA</td>

</tr>

<tr bgcolor="#D4E4F3">

<td>RECORRIDO</td>

<td>SET MALVINAS - SET MIRONES</td>

</tr>

</table>

</td>

</tr>

</table>

</body>

</html>]]></description>
				<styleUrl>#LineStyle107</styleUrl>
				<MultiGeometry>
					<LineString>
						<tessellate>1</tessellate>
						<coordinates>
							-77.05452909,-12.04122684,0 -77.05452128,-12.04133071000001,0 -77.05390106999999,-12.04128719999999,0 -77.05386325000001,-12.04137219,0 -77.05356066,-12.04431968000001,0 -77.05370117,-12.04441964,0 -77.05518058,-12.04456313,0 -77.05748984,-12.04478661000001,0 -77.06045914000001,-12.04507396000001,0 -77.06075686,-12.0451028,0 -77.06094265999999,-12.04511106,0 -77.06117639999999,-12.04510047,0 -77.06130621,-12.04510373,0 -77.06358589,-12.04531728000001,0 -77.06425486000001,-12.04538133,0 -77.06492139874358,-12.04542980621134,0 -77.06525100644184,-12.04519223362696,0 -77.06529415008681,-12.0447189989825,0 -77.06529555777369,-12.04459922937396,0 -77.0653892,-12.04460562,0 -77.06546661,-12.04461403,0 
						</coordinates>
					</LineString>
				</MultiGeometry>
			</Placemark>
		</Folder>
	</Document>
	<Document id="LINEA_ELECTRICA_6748" xsi:schemaLocation="http://www.opengis.net/kml/2.2 http://schemas.opengis.net/kml/2.2.0/ogckml22.xsd http://www.google.com/kml/ext/2.2 http://code.google.com/apis/kml/schema/kml22gx.xsd">
		<name>LINEA ELECTRICA 6748</name>
		<open>1</open>
		<Snippet maxLines="0"></Snippet>
		<Style id="LineStyle108">
			<LabelStyle>
				<color>00000000</color>
				<scale>0</scale>
			</LabelStyle>
			<LineStyle>
				<color>ff0000e6</color>
				<width>1.7</width>
			</LineStyle>
			<PolyStyle>
				<color>00000000</color>
				<outline>0</outline>
			</PolyStyle>
		</Style>
		<Folder id="FeatureLayer1">
			<name>LINEA_ELECTRICA_SUBTERRANEA_6748</name>
			<Snippet maxLines="0"></Snippet>
			<Placemark id="ID_10000">
				<Snippet maxLines="0"></Snippet>
				<description><![CDATA[<html xmlns:fo="http://www.w3.org/1999/XSL/Format" xmlns:msxsl="urn:schemas-microsoft-com:xslt">

<head>

<META http-equiv="Content-Type" content="text/html">

<meta http-equiv="content-type" content="text/html; charset=UTF-8">

</head>

<body style="margin:0px 0px 0px 0px;overflow:auto;background:#FFFFFF;">

<table style="font-family:Arial,Verdana,Times;font-size:12px;text-align:left;width:100%;border-collapse:collapse;padding:3px 3px 3px 3px">

<tr style="text-align:center;font-weight:bold;background:#9CBCE2">

<td></td>

</tr>

<tr>

<td>

<table style="font-family:Arial,Verdana,Times;font-size:12px;text-align:left;width:100%;border-spacing:0px; padding:3px 3px 3px 3px">

<tr>

<td>FID</td>

<td>0</td>

</tr>

<tr bgcolor="#D4E4F3">

<td>LINEA</td>

<td>L6748</td>

</tr>

<tr>

<td>TIPO</td>

<td>LINEA ELECTRICA SUBTERRANEA</td>

</tr>

<tr bgcolor="#D4E4F3">

<td>RECORRIDO</td>

<td>SET MALVINAS - SET MIRONES</td>

</tr>

</table>

</td>

</tr>

</table>

</body>

</html>]]></description>
				<styleUrl>#LineStyle108</styleUrl>
				<MultiGeometry>
					<LineString>
						<tessellate>1</tessellate>
						<coordinates>
							-77.05455016000001,-12.04122834,0 -77.05454137,-12.04134571000001,0 -77.05390978,-12.0413014,0 -77.05387674000001,-12.04137566999999,0 -77.05357515999999,-12.04431326,0 -77.05370622,-12.04440651,0 -77.05518193,-12.04454963999999,0 -77.05749118999999,-12.04477312,0 -77.06046049,-12.04506047,0 -77.06075783999999,-12.04508927,0 -77.06094265,-12.04509749000001,0 -77.06117626,-12.04508690999999,0 -77.06130702999999,-12.04509019000001,0 -77.06359686,-12.04530471,0 -77.06425579,-12.04536780000001,0 -77.06491365986402,-12.04541526238973,0 -77.06523784995878,-12.04517510961566,0 -77.06528062960577,-12.04470885593356,0 -77.06528165715923,-12.04458113434613,0 -77.06538639,-12.04458713,0 -77.06546822,-12.04459602,0 
						</coordinates>
					</LineString>
				</MultiGeometry>
			</Placemark>
		</Folder>
	</Document>
	<Document id="LINEA_ELECTRICA_6753" xsi:schemaLocation="http://www.opengis.net/kml/2.2 http://schemas.opengis.net/kml/2.2.0/ogckml22.xsd http://www.google.com/kml/ext/2.2 http://code.google.com/apis/kml/schema/kml22gx.xsd">
		<name>LINEA ELECTRICA 6753</name>
		<open>1</open>
		<Snippet maxLines="0"></Snippet>
		<Style id="LineStyle109">
			<LabelStyle>
				<color>00000000</color>
				<scale>0</scale>
			</LabelStyle>
			<LineStyle>
				<color>ff0000ff</color>
				<width>1.7</width>
			</LineStyle>
			<PolyStyle>
				<color>00000000</color>
				<outline>0</outline>
			</PolyStyle>
		</Style>
		<Folder id="FeatureLayer1">
			<name>LINEA_ELECTRICA_SUBTERRANEA_6753</name>
			<Snippet maxLines="0"></Snippet>
			<Placemark id="ID_10000">
				<Snippet maxLines="0"></Snippet>
				<description><![CDATA[<html xmlns:fo="http://www.w3.org/1999/XSL/Format" xmlns:msxsl="urn:schemas-microsoft-com:xslt">

<head>

<META http-equiv="Content-Type" content="text/html">

<meta http-equiv="content-type" content="text/html; charset=UTF-8">

</head>

<body style="margin:0px 0px 0px 0px;overflow:auto;background:#FFFFFF;">

<table style="font-family:Arial,Verdana,Times;font-size:12px;text-align:left;width:100%;border-collapse:collapse;padding:3px 3px 3px 3px">

<tr style="text-align:center;font-weight:bold;background:#9CBCE2">

<td></td>

</tr>

<tr>

<td>

<table style="font-family:Arial,Verdana,Times;font-size:12px;text-align:left;width:100%;border-spacing:0px; padding:3px 3px 3px 3px">

<tr>

<td>FID</td>

<td>0</td>

</tr>

<tr bgcolor="#D4E4F3">

<td>LINEA</td>

<td>L6753</td>

</tr>

<tr>

<td>TIPO</td>

<td>LINEA ELECTRICA SUBTERRANEA</td>

</tr>

<tr bgcolor="#D4E4F3">

<td>RECORRIDO</td>

<td>SET CHAVARRIA - SET IZAGUIRRE</td>

</tr>

</table>

</td>

</tr>

</table>

</body>

</html>]]></description>
				<styleUrl>#LineStyle109</styleUrl>
				<MultiGeometry>
					<LineString>
						<tessellate>1</tessellate>
						<coordinates>
							-77.06597671,-11.99826354,0 -77.06631676000001,-11.9985576,0 -77.06602731,-11.9986914,0 -77.06581242,-11.9985976,0 -77.06525877484599,-11.99883503202962,0 -77.06517109073849,-11.99888350525926,0 -77.06518974008715,-11.99894016111958,0 -77.0653543891554,-11.99942916340892,0 -77.06457297269984,-11.99968601711149,0 -77.06438527696305,-11.99975914112701,0 -77.06376110181775,-11.99993113694433,0 -77.06366367563285,-11.99997575007589,0 -77.06365814131615,-12.00001852935053,0 -77.06360300784981,-12.00044470088912,0 -77.06353785138135,-12.00080998740554,0 -77.06352042805142,-12.00086087118428,0 -77.06347739,-12.00087635,0 -77.06342395869899,-12.00087173371673,0 -77.0625699145957,-12.00072943956266,0 -77.06194103999999,-12.00079978,0 -77.05796073,-12.0002019,0 -77.05807127999999,-11.99979131,0 -77.05848533,-11.99714299,0 -77.05916394,-11.99311278000001,0 -77.05811133,-11.99295214,0 -77.05813987000001,-11.99278353,0 
						</coordinates>
					</LineString>
				</MultiGeometry>
			</Placemark>
		</Folder>
	</Document>
	<atom:link rel="app" href="https://www.google.com/earth/about/versions/#earth-pro" title="Google Earth Pro 7.3.6.10441"></atom:link>
</Folder>
</kml>
