<?xml version="1.0" encoding="UTF-8"?>
<kml xmlns="http://www.opengis.net/kml/2.2">
  <Document>
    <name>Lugares temporales</name>
    <Style id="line-005CE6-2000-normal">
      <LineStyle>
        <color>ffe65c00</color>
        <width>2</width>
      </LineStyle>
    </Style>
    <Style id="line-005CE6-2000-highlight">
      <LineStyle>
        <color>ffe65c00</color>
        <width>3</width>
      </LineStyle>
    </Style>
    <StyleMap id="line-005CE6-2000">
      <Pair>
        <key>normal</key>
        <styleUrl>#line-005CE6-2000-normal</styleUrl>
      </Pair>
      <Pair>
        <key>highlight</key>
        <styleUrl>#line-005CE6-2000-highlight</styleUrl>
      </Pair>
    </StyleMap>
    <Style id="line-0070FF-2000-normal">
      <LineStyle>
        <color>ffff7000</color>
        <width>2</width>
      </LineStyle>
    </Style>
    <Style id="line-0070FF-2000-highlight">
      <LineStyle>
        <color>ffff7000</color>
        <width>3</width>
      </LineStyle>
    </Style>
    <StyleMap id="line-0070FF-2000">
      <Pair>
        <key>normal</key>
        <styleUrl>#line-0070FF-2000-normal</styleUrl>
      </Pair>
      <Pair>
        <key>highlight</key>
        <styleUrl>#line-0070FF-2000-highlight</styleUrl>
      </Pair>
    </StyleMap>
    <Style id="line-E60000-2000-normal">
      <LineStyle>
        <color>ff0000e6</color>
        <width>2</width>
      </LineStyle>
    </Style>
    <Style id="line-E60000-2000-highlight">
      <LineStyle>
        <color>ff0000e6</color>
        <width>3</width>
      </LineStyle>
    </Style>
    <StyleMap id="line-E60000-2000">
      <Pair>
        <key>normal</key>
        <styleUrl>#line-E60000-2000-normal</styleUrl>
      </Pair>
      <Pair>
        <key>highlight</key>
        <styleUrl>#line-E60000-2000-highlight</styleUrl>
      </Pair>
    </StyleMap>
    <Style id="line-FA3411-2000-normal">
      <LineStyle>
        <color>ff1134fa</color>
        <width>2</width>
      </LineStyle>
    </Style>
    <Style id="line-FA3411-2000-highlight">
      <LineStyle>
        <color>ff1134fa</color>
        <width>3</width>
      </LineStyle>
    </Style>
    <StyleMap id="line-FA3411-2000">
      <Pair>
        <key>normal</key>
        <styleUrl>#line-FA3411-2000-normal</styleUrl>
      </Pair>
      <Pair>
        <key>highlight</key>
        <styleUrl>#line-FA3411-2000-highlight</styleUrl>
      </Pair>
    </StyleMap>
    <Style id="line-FF0000-2000-normal">
      <LineStyle>
        <color>ff0000ff</color>
        <width>2</width>
      </LineStyle>
    </Style>
    <Style id="line-FF0000-2000-highlight">
      <LineStyle>
        <color>ff0000ff</color>
        <width>3</width>
      </LineStyle>
    </Style>
    <StyleMap id="line-FF0000-2000">
      <Pair>
        <key>normal</key>
        <styleUrl>#line-FF0000-2000-normal</styleUrl>
      </Pair>
      <Pair>
        <key>highlight</key>
        <styleUrl>#line-FF0000-2000-highlight</styleUrl>
      </Pair>
    </StyleMap>
    <Placemark>
      <name>L6748_SUB</name>
      <description>SET MALVINAS - SET MIRONES</description>
      <styleUrl>#line-E60000-2000</styleUrl>
      <LineString>
        <tessellate>1</tessellate>
        <coordinates>
          -77.05455,-12.041228,0
          -77.054541,-12.041346,0
          -77.05391,-12.041301,0
          -77.053877,-12.041376,0
          -77.053575,-12.044313,0
          -77.053706,-12.044407,0
          -77.055182,-12.04455,0
          -77.057491,-12.044773,0
          -77.06046,-12.04506,0
          -77.060758,-12.045089,0
          -77.060943,-12.045097,0
          -77.061176,-12.045087,0
          -77.061307,-12.04509,0
          -77.063597,-12.045305,0
          -77.064256,-12.045368,0
          -77.064914,-12.045415,0
          -77.065238,-12.045175,0
          -77.065281,-12.044709,0
          -77.065282,-12.044581,0
          -77.065386,-12.044587,0
          -77.065468,-12.044596,0
        </coordinates>
      </LineString>
    </Placemark>
    <Placemark>
      <name>L6747_SUB</name>
      <description>SET MALVINAS - SET MIRONES</description>
      <styleUrl>#line-FF0000-2000</styleUrl>
      <LineString>
        <tessellate>1</tessellate>
        <coordinates>
          -77.054529,-12.041227,0
          -77.054521,-12.041331,0
          -77.053901,-12.041287,0
          -77.053863,-12.041372,0
          -77.053561,-12.04432,0
          -77.053701,-12.04442,0
          -77.055181,-12.044563,0
          -77.05749,-12.044787,0
          -77.060459,-12.045074,0
          -77.060757,-12.045103,0
          -77.060943,-12.045111,0
          -77.061176,-12.0451,0
          -77.061306,-12.045104,0
          -77.063586,-12.045317,0
          -77.064255,-12.045381,0
          -77.064921,-12.04543,0
          -77.065251,-12.045192,0
          -77.065294,-12.044719,0
          -77.065296,-12.044599,0
          -77.065389,-12.044606,0
          -77.065467,-12.044614,0
        </coordinates>
      </LineString>
    </Placemark>
    <Placemark>
      <name>L6746_SUB</name>
      <description><![CDATA[FID   0    <br>   LINEA   L6746    <br>   TIPO   LINEA ELECTRICA SUBTERRANEA    <br>   RECORRIDO   SET MALVINAS - SET MIRONES]]></description>
      <styleUrl>#line-FF0000-2000</styleUrl>
      <LineString>
        <tessellate>1</tessellate>
        <coordinates>
          -77.054508,-12.041225,0
          -77.054501,-12.041316,0
          -77.053892,-12.041273,0
          -77.05385,-12.041369,0
          -77.053546,-12.044326,0
          -77.053696,-12.044433,0
          -77.055179,-12.044577,0
          -77.057488,-12.0448,0
          -77.060458,-12.045087,0
          -77.060764,-12.045117,0
          -77.060943,-12.045125,0
          -77.061177,-12.045114,0
          -77.061305,-12.045117,0
          -77.063585,-12.045331,0
          -77.064254,-12.045395,0
          -77.064923,-12.045443,0
          -77.065266,-12.0452,0
          -77.065311,-12.044712,0
          -77.065309,-12.044615,0
          -77.065386,-12.044624,0
          -77.065465,-12.044632,0
        </coordinates>
      </LineString>
    </Placemark>
    <Placemark>
      <name>L6745_SUB</name>
      <description><![CDATA[FID   0    <br>   LINEA   L6745    <br>   TIPO   LINEA ELECTRICA SUBTERRANEA    <br>   RECORRIDO   SET MALVINAS - SET TACNA]]></description>
      <styleUrl>#line-FF0000-2000</styleUrl>
      <LineString>
        <tessellate>1</tessellate>
        <coordinates>
          -77.033966,-12.043046,0
          -77.033619,-12.043279,0
          -77.033657,-12.043338,0
          -77.034697,-12.042696,0
          -77.034048,-12.041612,0
          -77.038138,-12.039731,0
          -77.039696,-12.039074,0
          -77.043226,-12.039061,0
          -77.043144,-12.04014,0
          -77.043495,-12.04015,0
          -77.04517,-12.040313,0
          -77.046041,-12.040449,0
          -77.047284,-12.040599,0
          -77.048703,-12.040695,0
          -77.050479,-12.040572,0
          -77.051227,-12.040463,0
          -77.05154,-12.040427,0
          -77.053779,-12.040078,0
          -77.053822,-12.040243,0
          -77.053889,-12.040756,0
          -77.053828,-12.041239,0
          -77.054441,-12.041271,0
          -77.054444,-12.041221,0
        </coordinates>
      </LineString>
    </Placemark>
    <Placemark>
      <name>L6708_SUB</name>
      <description><![CDATA[FID   0    <br>   LINEA   L6708    <br>   TIPO   LINEA ELECTRICA SUBTERRANEA    <br>   RECORRIDO   SANTA ROSA _A - SANTA ROSA .N]]></description>
      <styleUrl>#line-FF0000-2000</styleUrl>
      <LineString>
        <tessellate>1</tessellate>
        <coordinates>
          -77.012168,-12.039841,0
          -77.012282,-12.039905,0
          -77.011942,-12.040631,0
          -77.011604,-12.041012,0
          -77.011403,-12.041311,0
          -77.011298,-12.041425,0
          -77.011229,-12.041371,0
        </coordinates>
      </LineString>
    </Placemark>
    <Placemark>
      <name>L6557_SUB</name>
      <description><![CDATA[FID   0    <br>   LINEA   L6557    <br>   TIPO   LINEA ELECTRICA SUBTERRANEA    <br>   RECORRIDO   SET CHAVARRIA - SET UNI]]></description>
      <styleUrl>#line-FF0000-2000</styleUrl>
      <LineString>
        <tessellate>1</tessellate>
        <coordinates>
          -77.065754,-11.998427,0
          -77.065827,-11.998373,0
          -77.065829,-11.998372,0
          -77.06512,-11.997664,0
          -77.064815,-11.997555,0
          -77.063459,-11.997307,0
          -77.06314,-11.997374,0
          -77.063033,-11.997484,0
          -77.062976,-11.997803,0
          -77.062691,-11.997766,0
          -77.062655,-11.997939,0
          -77.061985,-12.002426,0
          -77.061127,-12.007252,0
          -77.061029,-12.007785,0
          -77.060579,-12.008373,0
          -77.057875,-12.007982,0
          -77.057782,-12.008203,0
          -77.057729,-12.008501,0
          -77.057661,-12.008725,0
          -77.056997,-12.010268,0
          -77.05667,-12.010965,0
          -77.056417,-12.01135,0
          -77.055477,-12.01232,0
          -77.055228,-12.012238,0
          -77.054626,-12.011706,0
          -77.054368,-12.011482,0
          -77.054247,-12.011376,0
          -77.054106,-12.011268,0
          -77.053966,-12.011181,0
          -77.053825,-12.011103,0
          -77.053696,-12.011041,0
          -77.05355,-12.010983,0
          -77.05339,-12.010923,0
          -77.053242,-12.010881,0
          -77.052229,-12.015465,0
          -77.051655,-12.017842,0
          -77.051453,-12.018779,0
          -77.050932,-12.021373,0
          -77.050795,-12.022021,0
          -77.050665,-12.022529,0
          -77.050518,-12.022865,0
          -77.050449,-12.022977,0
          -77.050237,-12.023222,0
          -77.049944,-12.023514,0
          -77.04869,-12.024603,0
          -77.048061,-12.025156,0
          -77.047086,-12.026055,0
          -77.046755,-12.026376,0
          -77.046243,-12.026869,0
          -77.0469,-12.027505,0
          -77.046635,-12.027729,0
          -77.046836,-12.027957,0
          -77.046869,-12.027997,0
          -77.046771,-12.02809,0
        </coordinates>
      </LineString>
    </Placemark>
    <Placemark>
      <name>L6556_SUB</name>
      <description><![CDATA[FID   0    <br>   LINEA   L6556    <br>   TIPO   LINEA ELECTRICA SUBTERRANEA    <br>   RECORRIDO   SET CHAVARRIA - SET UNI]]></description>
      <styleUrl>#line-FF0000-2000</styleUrl>
      <LineString>
        <tessellate>1</tessellate>
        <coordinates>
          -77.04675,-12.028085,0
          -77.046851,-12.027992,0
          -77.046814,-12.027951,0
          -77.046608,-12.027728,0
          -77.046873,-12.027502,0
          -77.046197,-12.026876,0
          -77.046731,-12.026352,0
          -77.047063,-12.026033,0
          -77.048682,-12.024572,0
          -77.049925,-12.02348,0
          -77.05019,-12.023215,0
          -77.050416,-12.02296,0
          -77.050485,-12.022842,0
          -77.050634,-12.022519,0
          -77.050758,-12.022021,0
          -77.050896,-12.021378,0
          -77.051417,-12.018776,0
          -77.051604,-12.01789,0
          -77.052194,-12.015471,0
          -77.053215,-12.010824,0
          -77.053401,-12.010882,0
          -77.053565,-12.01095,0
          -77.053708,-12.011006,0
          -77.053854,-12.011073,0
          -77.053995,-12.011153,0
          -77.054126,-12.011236,0
          -77.054257,-12.011336,0
          -77.054395,-12.011446,0
          -77.054658,-12.01168,0
          -77.055251,-12.012211,0
          -77.055461,-12.012281,0
          -77.056389,-12.011307,0
          -77.056636,-12.010929,0
          -77.056961,-12.010255,0
          -77.057615,-12.008719,0
          -77.057686,-12.008491,0
          -77.057738,-12.008199,0
          -77.057844,-12.007922,0
          -77.060561,-12.008315,0
          -77.060996,-12.007775,0
          -77.061942,-12.002403,0
          -77.062637,-11.997944,0
          -77.062674,-11.997745,0
          -77.062962,-11.997782,0
          -77.063016,-11.997474,0
          -77.063127,-11.997358,0
          -77.063458,-11.997286,0
          -77.064821,-11.997538,0
          -77.06513,-11.997649,0
          -77.065857,-11.998374,0
          -77.065855,-11.998375,0
          -77.065768,-11.998439,0
        </coordinates>
      </LineString>
    </Placemark>
    <Placemark>
      <name>L6153_SUB</name>
      <description><![CDATA[FID   0    <br>   LINEA   L6153    <br>   TIPO   LINEA ELECTRICA SUBTERRANEA    <br>   RECORRIDO   SET MALVINAS - SET PERSHING]]></description>
      <styleUrl>#line-FF0000-2000</styleUrl>
      <LineString>
        <tessellate>1</tessellate>
        <coordinates>
          -77.054233,-12.041338,0
          -77.053918,-12.041316,0
          -77.05389,-12.041379,0
          -77.053591,-12.044293,0
          -77.053537,-12.044584,0
          -77.053392,-12.046022,0
          -77.053247,-12.047343,0
          -77.053442,-12.047487,0
          -77.053843,-12.047596,0
          -77.053713,-12.048919,0
          -77.053718,-12.049045,0
          -77.053733,-12.049192,0
          -77.054593,-12.050947,0
          -77.054689,-12.051314,0
          -77.054739,-12.051426,0
          -77.05529,-12.052523,0
          -77.055852,-12.053279,0
          -77.056708,-12.054451,0
          -77.05717,-12.055099,0
          -77.057581,-12.055825,0
          -77.057732,-12.056524,0
          -77.057835,-12.057121,0
          -77.057911,-12.057395,0
          -77.057984,-12.057607,0
          -77.058114,-12.05793,0
          -77.058347,-12.058455,0
          -77.058409,-12.058674,0
          -77.05849,-12.059032,0
          -77.058551,-12.059644,0
          -77.058589,-12.059781,0
          -77.058855,-12.060731,0
          -77.058972,-12.061193,0
          -77.059279,-12.062104,0
          -77.06031,-12.06506,0
          -77.060347,-12.065185,0
          -77.060882,-12.066758,0
          -77.060865,-12.066817,0
          -77.060809,-12.066863,0
          -77.060672,-12.066961,0
          -77.060553,-12.067104,0
          -77.060466,-12.067299,0
          -77.060443,-12.067533,0
          -77.060481,-12.067721,0
          -77.060537,-12.067827,0
          -77.060505,-12.067898,0
          -77.060298,-12.06808,0
          -77.059849,-12.068521,0
          -77.05972,-12.068675,0
          -77.059479,-12.069042,0
          -77.059348,-12.069314,0
          -77.059273,-12.069517,0
          -77.059139,-12.069934,0
          -77.058992,-12.070821,0
          -77.058896,-12.071768,0
          -77.058917,-12.072978,0
          -77.058924,-12.073894,0
          -77.059267,-12.075967,0
          -77.059237,-12.076051,0
          -77.059153,-12.076112,0
          -77.058601,-12.076224,0
          -77.058507,-12.076263,0
          -77.05794,-12.076699,0
          -77.05786,-12.076776,0
          -77.056334,-12.077965,0
          -77.061745,-12.084531,0
          -77.058451,-12.08716,0
          -77.058693,-12.087444,0
          -77.059183,-12.087067,0
          -77.059832,-12.087851,0
          -77.05989,-12.087905,0
          -77.05995,-12.087954,0
          -77.060162,-12.088205,0
          -77.060058,-12.088274,0
        </coordinates>
      </LineString>
    </Placemark>
    <Placemark>
      <name>L6152_SUB</name>
      <description><![CDATA[FID   0    <br>   LINEA   L6152    <br>   TIPO   LINEA ELECTRICA SUBTERRANEA    <br>   RECORRIDO   SET PANDO - SET PERSHING]]></description>
      <styleUrl>#line-FA3411-2000</styleUrl>
      <LineString>
        <tessellate>1</tessellate>
        <coordinates>
          -77.06303,-12.062299,0
          -77.063062,-12.062295,0
          -77.063076,-12.062303,0
          -77.063086,-12.062315,0
          -77.063106,-12.062421,0
          -77.063151,-12.062631,0
          -77.063147,-12.06265,0
          -77.063143,-12.062662,0
          -77.063137,-12.062678,0
          -77.063124,-12.0627,0
          -77.063112,-12.062716,0
          -77.063096,-12.062732,0
          -77.063069,-12.062751,0
          -77.061412,-12.063051,0
          -77.060812,-12.063175,0
          -77.05977,-12.063523,0
          -77.059755,-12.063536,0
          -77.059751,-12.063553,0
          -77.059842,-12.063811,0
          -77.059838,-12.063831,0
          -77.05982,-12.063842,0
          -77.059442,-12.063969,0
          -77.059113,-12.064313,0
          -77.059071,-12.064373,0
          -77.058409,-12.064901,0
          -77.057832,-12.065372,0
          -77.057139,-12.065926,0
          -77.056984,-12.06601,0
          -77.056623,-12.066232,0
          -77.056042,-12.066653,0
          -77.055978,-12.06671,0
          -77.055879,-12.066875,0
          -77.055696,-12.067041,0
          -77.055072,-12.067584,0
          -77.05459,-12.067663,0
          -77.054575,-12.067673,0
          -77.054572,-12.06769,0
          -77.054731,-12.068495,0
          -77.055618,-12.0736,0
          -77.054772,-12.074273,0
          -77.054765,-12.074372,0
          -77.053793,-12.075145,0
          -77.053785,-12.075184,0
          -77.05379,-12.075229,0
          -77.056609,-12.078643,0
          -77.061488,-12.084568,0
          -77.06149,-12.084622,0
          -77.059015,-12.086574,0
          -77.058373,-12.087084,0
          -77.058668,-12.087441,0
          -77.058757,-12.087521,0
          -77.059341,-12.08823,0
          -77.059392,-12.088249,0
          -77.059814,-12.087893,0
          -77.060095,-12.088227,0
          -77.060048,-12.088259,0
          -77.060069,-12.088291,0
        </coordinates>
      </LineString>
    </Placemark>
    <Placemark>
      <name>L613_SUB</name>
      <description><![CDATA[CU400-XLPE-PIRELLI    <br>       <br>   FID   0    <br>   CONDUCTOR_   CU400-XLPE-PIRELLI    <br>   TIPO   LINEA ELECTRICA SUBTERRANEA    <br>   RECORRIDO   SET TACNA - SET SANTA ROSA_A]]></description>
      <styleUrl>#line-FA3411-2000</styleUrl>
      <LineString>
        <tessellate>1</tessellate>
        <coordinates>
          -77.033955,-12.043024,0
          -77.033613,-12.043252,0
          -77.03292,-12.042331,0
          -77.031867,-12.042829,0
          -77.030569,-12.043442,0
          -77.030391,-12.043549,0
          -77.030194,-12.043622,0
          -77.03004,-12.043683,0
          -77.029907,-12.043749,0
          -77.029616,-12.043815,0
          -77.02912,-12.043999,0
          -77.029091,-12.044232,0
          -77.029075,-12.044334,0
          -77.029071,-12.044396,0
          -77.029069,-12.04444,0
          -77.029048,-12.044501,0
          -77.028965,-12.044586,0
          -77.028933,-12.04467,0
          -77.028887,-12.044762,0
          -77.027945,-12.045343,0
          -77.027536,-12.044765,0
          -77.02543,-12.044992,0
          -77.024991,-12.044798,0
          -77.024736,-12.044764,0
          -77.023906,-12.044661,0
          -77.023218,-12.044587,0
          -77.022807,-12.044577,0
          -77.022044,-12.044635,0
          -77.021323,-12.044659,0
          -77.020829,-12.044757,0
          -77.01961,-12.045161,0
          -77.019401,-12.045232,0
          -77.019063,-12.045235,0
          -77.018565,-12.045162,0
          -77.017922,-12.045087,0
          -77.01712,-12.044974,0
          -77.016898,-12.044794,0
          -77.015954,-12.043927,0
          -77.015495,-12.043402,0
          -77.0146,-12.042713,0
          -77.014039,-12.042301,0
          -77.013109,-12.041659,0
          -77.0129,-12.041503,0
          -77.012363,-12.041117,0
          -77.012061,-12.040932,0
          -77.011567,-12.04158,0
          -77.011379,-12.041417,0
          -77.011308,-12.041347,0
        </coordinates>
      </LineString>
    </Placemark>
    <Placemark>
      <name>L6470_SUB</name>
      <description><![CDATA[L6470    <br>       <br>   FID   0    <br>   LINEA   L6470    <br>   TIPO   LINEA ELECTRICA SUBTERRANEA    <br>   RECORRIDO   SET CUSCO - SET PERSHING]]></description>
      <styleUrl>#line-FF0000-2000</styleUrl>
      <MultiGeometry>
        <LineString>
          <tessellate>1</tessellate>
          <coordinates>
            -77.060069,-12.088291,0
            -77.060323,-12.088528,0
            -77.060967,-12.090173,0
            -77.063968,-12.087802,0
            -77.064205,-12.087442,0
            -77.071401,-12.084923,0
            -77.071399,-12.084784,0
            -77.070358,-12.082174,0
            -77.070451,-12.081901,0
          </coordinates>
        </LineString>
        <LineString>
          <tessellate>1</tessellate>
          <coordinates>
            -77.07626,-12.079778,0
            -77.076176,-12.079861,0
            -77.075771,-12.080032,0
            -77.076054,-12.080959,0
            -77.076439,-12.082089,0
            -77.07689,-12.083215,0
            -77.077108,-12.083724,0
            -77.077325,-12.08419,0
            -77.078185,-12.08577,0
            -77.078866,-12.085441,0
            -77.078833,-12.085371,0
            -77.078827,-12.085359,0
          </coordinates>
        </LineString>
      </MultiGeometry>
    </Placemark>
    <Placemark>
      <name>L6470</name>
      <description><![CDATA[L6470    <br>       <br>   FID   0    <br>   LINEA   L6470    <br>   TIPO   LINEA ELECTRICA AEREA    <br>   RECORRIDO   SET CUSCO - SET PERSHING]]></description>
      <styleUrl>#line-005CE6-2000</styleUrl>
      <LineString>
        <tessellate>1</tessellate>
        <coordinates>
          -77.070451,-12.081901,0
          -77.071747,-12.081454,0
          -77.07321,-12.08092,0
          -77.074833,-12.080308,0
          -77.07626,-12.079778,0
        </coordinates>
      </LineString>
    </Placemark>
    <Placemark>
      <name>L646_SUB</name>
      <description><![CDATA[FID   0    <br>   LINEA   L646    <br>   TIPO   LINEA ELECTRICA SUBTERRANEA    <br>   RECORRIDO   SET MARANGA - SET PERSHING]]></description>
      <styleUrl>#line-FF0000-2000</styleUrl>
      <LineString>
        <tessellate>1</tessellate>
        <coordinates>
          -77.060069,-12.088291,0
          -77.060323,-12.088528,0
          -77.060967,-12.090173,0
          -77.063968,-12.087802,0
          -77.064205,-12.087442,0
          -77.071401,-12.084923,0
          -77.071399,-12.084784,0
          -77.070358,-12.082174,0
          -77.070459,-12.081922,0
        </coordinates>
      </LineString>
    </Placemark>
    <Placemark>
      <name>L646</name>
      <description><![CDATA[L646    <br>       <br>   FID   0    <br>   Id   0    <br>   LINEA   L646    <br>   TIPO   LINEA ELECTRICA AEREA    <br>   RECORRIDO   SET MARANGA - SET PERSHING]]></description>
      <styleUrl>#line-005CE6-2000</styleUrl>
      <LineString>
        <tessellate>1</tessellate>
        <coordinates>
          -77.070459,-12.081922,0
          -77.071747,-12.081454,0
          -77.07321,-12.08092,0
          -77.074763,-12.080362,0
          -77.076312,-12.079795,0
          -77.077863,-12.079232,0
          -77.079389,-12.078737,0
          -77.080536,-12.078409,0
          -77.081696,-12.078133,0
          -77.083349,-12.07812,0
          -77.084954,-12.07805,0
          -77.086423,-12.078024,0
          -77.08826,-12.077986,0
          -77.090096,-12.077944,0
          -77.091197,-12.077897,0
          -77.092281,-12.077707,0
          -77.093142,-12.077268,0
          -77.093153,-12.076879,0
          -77.092493,-12.075328,0
          -77.092198,-12.074377,0
          -77.092073,-12.073118,0
          -77.091936,-12.07186,0
          -77.091773,-12.070559,0
          -77.092921,-12.0701,0
          -77.094556,-12.069849,0
          -77.096199,-12.069668,0
          -77.097177,-12.069578,0
          -77.097184,-12.069832,0
        </coordinates>
      </LineString>
    </Placemark>
    <Placemark>
      <name>L2115</name>
      <description><![CDATA[L2115    <br>       <br>   FID   0    <br>   Id   0    <br>   LINEA   L2115    <br>   TIPO   LINEA ELECTRICA AEREA    <br>   RECORRIDO   SET MALVINAS - SET MIRADOR]]></description>
      <styleUrl>#line-0070FF-2000</styleUrl>
      <MultiGeometry>
        <LineString>
          <tessellate>1</tessellate>
          <coordinates>
            -77.042363,-12.025024,0
            -77.04325,-12.024872,0
            -77.04454,-12.024706,0
            -77.046163,-12.022274,0
            -77.045251,-12.020129,0
            -77.045217,-12.018162,0
            -77.045133,-12.013374,0
            -77.041583,-12.0111,0
            -77.03993,-12.007032,0
            -77.039229,-12.005305,0
            -77.037535,-12.003639,0
            -77.035723,-12.002703,0
            -77.034693,-12.002171,0
            -77.034077,-12.001935,0
            -77.034159,-12.001878,0
            -77.034034,-12.001269,0
            -77.033239,-11.999482,0
            -77.032589,-11.998019,0
            -77.031601,-11.995797,0
            -77.029968,-11.992124,0
            -77.029944,-11.990026,0
            -77.029879,-11.984251,0
            -77.029808,-11.977896,0
            -77.029761,-11.973785,0
            -77.029727,-11.970758,0
            -77.029558,-11.969508,0
            -77.029055,-11.965786,0
            -77.028629,-11.962641,0
            -77.028338,-11.960489,0
            -77.025256,-11.955888,0
            -77.023494,-11.953256,0
            -77.020364,-11.948582,0
            -77.017331,-11.944054,0
            -77.017106,-11.937562,0
            -77.016379,-11.936959,0
            -77.014587,-11.935473,0
            -77.00955,-11.931298,0
            -77.005581,-11.928008,0
            -77.002913,-11.925796,0
            -76.9993,-11.922801,0
            -76.993459,-11.917958,0
            -76.991178,-11.916067,0
            -76.991591,-11.910089,0
            -76.991821,-11.906752,0
            -76.989802,-11.90469,0
            -76.989445,-11.90481,0
            -76.987385,-11.905403,0
            -76.986972,-11.90546,0
            -76.986484,-11.90557,0
          </coordinates>
        </LineString>
        <LineString>
          <tessellate>1</tessellate>
          <coordinates>
            -77.048404,-12.036034,0
            -77.048888,-12.035466,0
          </coordinates>
        </LineString>
      </MultiGeometry>
    </Placemark>
    <Placemark>
      <name>L2115_SUB</name>
      <description><![CDATA[FID   0    <br>   Id   0    <br>   LINEA       <br>   TIPO   LINEA ELECTRICA SUBTERRANEA    <br>   RECORRIDO   SET MALVINAS - SET MIRADOR]]></description>
      <styleUrl>#line-FA3411-2000</styleUrl>
      <MultiGeometry>
        <LineString>
          <tessellate>1</tessellate>
          <coordinates>
            -77.048404,-12.036034,0
            -77.048283,-12.035915,0
            -77.04815,-12.03577,0
            -77.047911,-12.03581,0
            -77.047727,-12.035906,0
            -77.047631,-12.03599,0
            -77.047511,-12.036225,0
            -77.048303,-12.037163,0
            -77.048585,-12.037863,0
            -77.049438,-12.037541,0
            -77.050354,-12.037421,0
            -77.051201,-12.037324,0
            -77.051399,-12.039196,0
            -77.051444,-12.039626,0
            -77.051461,-12.039865,0
            -77.051507,-12.039928,0
            -77.051576,-12.04031,0
            -77.053798,-12.039993,0
            -77.053884,-12.040348,0
            -77.053946,-12.040636,0
            -77.053924,-12.041069,0
            -77.054149,-12.041064,0
            -77.05415,-12.041023,0
            -77.054168,-12.041008,0
          </coordinates>
        </LineString>
        <LineString>
          <tessellate>1</tessellate>
          <coordinates>
            -77.048888,-12.035466,0
            -77.048696,-12.034982,0
            -77.048453,-12.034318,0
            -77.047496,-12.034515,0
            -77.047212,-12.032868,0
            -77.045816,-12.032736,0
            -77.046085,-12.029776,0
            -77.045949,-12.02962,0
            -77.044366,-12.029484,0
            -77.044455,-12.028539,0
            -77.043411,-12.027359,0
            -77.041644,-12.02551,0
            -77.042208,-12.02501,0
            -77.042363,-12.025024,0
          </coordinates>
        </LineString>
      </MultiGeometry>
    </Placemark>
    <Placemark>
      <name>L2114_SUB</name>
      <description><![CDATA[L2114    <br>       <br>   FID   0    <br>   Id   0    <br>   LINEA   L2114    <br>   TIPO   LINEA ELECTRICA SUBTERRANEA    <br>   RECORRIDO   SET MALVINAS - SET MIRADOR]]></description>
      <styleUrl>#line-FF0000-2000</styleUrl>
      <MultiGeometry>
        <LineString>
          <tessellate>1</tessellate>
          <coordinates>
            -77.048263,-12.036038,0
            -77.04804,-12.035775,0
            -77.047906,-12.035797,0
            -77.047719,-12.035894,0
            -77.04762,-12.035981,0
            -77.047495,-12.036229,0
            -77.048289,-12.037169,0
            -77.04858,-12.037879,0
            -77.049443,-12.037554,0
            -77.050356,-12.037434,0
            -77.051188,-12.037339,0
            -77.051385,-12.03926,0
            -77.051434,-12.039628,0
            -77.051453,-12.039866,0
            -77.0515,-12.039931,0
            -77.051563,-12.040334,0
            -77.053787,-12.040008,0
            -77.05387,-12.04035,0
            -77.053929,-12.040642,0
            -77.053906,-12.041089,0
            -77.054165,-12.041077,0
            -77.054168,-12.041008,0
          </coordinates>
        </LineString>
        <LineString>
          <tessellate>1</tessellate>
          <coordinates>
            -77.042305,-12.024972,0
            -77.042209,-12.02496,0
            -77.042111,-12.025047,0
            -77.041591,-12.025502,0
            -77.043762,-12.027806,0
            -77.044015,-12.028079,0
            -77.044424,-12.028551,0
            -77.044339,-12.029506,0
            -77.045936,-12.029645,0
            -77.046056,-12.029774,0
            -77.045898,-12.031366,0
            -77.045777,-12.032775,0
            -77.04719,-12.032895,0
            -77.047468,-12.034543,0
            -77.048447,-12.034332,0
            -77.048707,-12.035056,0
            -77.048855,-12.035437,0
          </coordinates>
        </LineString>
      </MultiGeometry>
    </Placemark>
    <Placemark>
      <name>L2114</name>
      <description><![CDATA[L2114    <br>       <br>   FID   0    <br>   Id   0    <br>   LINEA   L2114    <br>   TIPO   LINEA ELECTRICA AEREA    <br>   RECORRIDO   SET MALVINAS - SET MIRADOR]]></description>
      <styleUrl>#line-005CE6-2000</styleUrl>
      <MultiGeometry>
        <LineString>
          <tessellate>1</tessellate>
          <coordinates>
            -77.042305,-12.024972,0
            -77.04325,-12.024872,0
            -77.04454,-12.024706,0
            -77.046163,-12.022274,0
            -77.045251,-12.020129,0
            -77.045217,-12.018162,0
            -77.045133,-12.013374,0
            -77.041583,-12.0111,0
            -77.03993,-12.007032,0
            -77.039229,-12.005305,0
            -77.037535,-12.003639,0
            -77.035723,-12.002703,0
            -77.034693,-12.002171,0
            -77.034077,-12.001935,0
            -77.034159,-12.001878,0
            -77.034034,-12.001269,0
            -77.033239,-11.999482,0
            -77.032589,-11.998019,0
            -77.031601,-11.995797,0
            -77.029968,-11.992124,0
            -77.029944,-11.990026,0
            -77.029879,-11.984251,0
            -77.029808,-11.977896,0
            -77.029761,-11.973785,0
            -77.029727,-11.970758,0
            -77.029558,-11.969508,0
            -77.029055,-11.965786,0
            -77.028629,-11.962641,0
            -77.028338,-11.960489,0
            -77.025256,-11.955888,0
            -77.023494,-11.953256,0
            -77.020364,-11.948582,0
            -77.017331,-11.944054,0
            -77.017106,-11.937562,0
            -77.016379,-11.936959,0
            -77.014587,-11.935473,0
            -77.00955,-11.931298,0
            -77.005581,-11.928008,0
            -77.002913,-11.925796,0
            -76.9993,-11.922801,0
            -76.993459,-11.917958,0
            -76.991178,-11.916067,0
            -76.991591,-11.910089,0
            -76.991821,-11.906752,0
            -76.989802,-11.90469,0
            -76.989445,-11.90481,0
            -76.987385,-11.905403,0
            -76.986972,-11.90546,0
            -76.986484,-11.90557,0
          </coordinates>
        </LineString>
        <LineString>
          <tessellate>1</tessellate>
          <coordinates>
            -77.048263,-12.036038,0
            -77.048855,-12.035437,0
          </coordinates>
        </LineString>
      </MultiGeometry>
    </Placemark>
    <Placemark>
      <name>L6352</name>
      <description><![CDATA[L6352    <br>       <br>   FID   0    <br>   Id   0    <br>   LINEA   L6352    <br>   TIPO   LINEA ELECTRICA AEREA    <br>   RECORRIDO   SET COMAS - SET ZAPALLAL]]></description>
      <styleUrl>#line-005CE6-2000</styleUrl>
      <MultiGeometry>
        <LineString>
          <tessellate>1</tessellate>
          <coordinates>
            -77.110948,-11.836956,0
            -77.11079,-11.836695,0
            -77.110439,-11.836418,0
            -77.109362,-11.837113,0
            -77.108458,-11.837761,0
            -77.107409,-11.838564,0
            -77.106177,-11.839414,0
            -77.105019,-11.840326,0
            -77.103852,-11.841266,0
            -77.102684,-11.842196,0
            -77.101782,-11.842917,0
            -77.101481,-11.843163,0
            -77.100259,-11.844139,0
            -77.099036,-11.845106,0
            -77.097824,-11.846082,0
            -77.096602,-11.847068,0
            -77.095681,-11.847806,0
            -77.094376,-11.848846,0
            -77.093091,-11.849877,0
            -77.091741,-11.850954,0
            -77.090573,-11.851884,0
            -77.089287,-11.852906,0
            -77.088649,-11.853426,0
            -77.087354,-11.854448,0
            -77.086086,-11.855469,0
            -77.0848,-11.8565,0
            -77.084572,-11.856682,0
            -77.083569,-11.857467,0
            -77.082383,-11.858434,0
            -77.081006,-11.859528,0
            -77.079748,-11.86055,0
            -77.078452,-11.861572,0
            -77.077677,-11.862201,0
            -77.076391,-11.863232,0
            -77.075187,-11.864199,0
            -77.073949,-11.865482,0
            -77.072688,-11.867389,0
            -77.072132,-11.867854,0
            -77.071506,-11.868835,0
            -77.070508,-11.870361,0
            -77.069482,-11.871851,0
            -77.069089,-11.873218,0
            -77.06906,-11.874285,0
            -77.068995,-11.875325,0
            -77.06893,-11.876428,0
            -77.068865,-11.877648,0
            -77.068818,-11.878652,0
            -77.068753,-11.879746,0
            -77.068628,-11.881446,0
            -77.06855,-11.883218,0
            -77.068408,-11.88518,0
            -77.06834,-11.887052,0
            -77.06825,-11.88849,0
            -77.068187,-11.889882,0
            -77.068091,-11.891735,0
            -77.067976,-11.893535,0
            -77.067824,-11.895289,0
            -77.067728,-11.897125,0
            -77.067631,-11.898951,0
            -77.067517,-11.90075,0
            -77.06742,-11.902568,0
            -77.067788,-11.903894,0
            -77.068601,-11.905551,0
            -77.069055,-11.906615,0
            -77.069644,-11.907739,0
          </coordinates>
        </LineString>
        <LineString>
          <tessellate>1</tessellate>
          <coordinates>
            -77.072442,-11.911655,0
            -77.073346,-11.913126,0
            -77.073772,-11.914795,0
            -77.073494,-11.916857,0
            -77.073355,-11.919055,0
            -77.073176,-11.920981,0
            -77.07301,-11.921967,0
            -77.07299,-11.923052,0
            -77.072739,-11.92506,0
            -77.072609,-11.927203,0
            -77.072413,-11.929275,0
            -77.07223,-11.930559,0
            -77.0713485,-11.9305002,0
            -77.070467,-11.93041,0
            -77.068692,-11.929898,0
            -77.067106,-11.92897,0
            -77.06583,-11.927687,0
            -77.064873,-11.92614,0
            -77.064054,-11.924672,0
            -77.063254,-11.92325,0
            -77.062463,-11.921819,0
            -77.061654,-11.920388,0
            -77.060854,-11.918966,0
            -77.060053,-11.917535,0
            -77.059263,-11.916112,0
            -77.058918,-11.915446,0
          </coordinates>
        </LineString>
      </MultiGeometry>
    </Placemark>
    <Placemark>
      <name>L6352_SUB</name>
      <description><![CDATA[L6352    <br>       <br>   FID   0    <br>   Id   0    <br>   LINEA   L6352    <br>   TIPO   LINEA ELECTRICA SUBTERRANEA    <br>   RECORRIDO   SET COMAS - SET ZAPALLAL]]></description>
      <styleUrl>#line-FF0000-2000</styleUrl>
      <MultiGeometry>
        <LineString>
          <tessellate>1</tessellate>
          <coordinates>
            -77.069644,-11.907739,0
            -77.072442,-11.911655,0
          </coordinates>
        </LineString>
        <LineString>
          <tessellate>1</tessellate>
          <coordinates>
            -77.062106,-11.913405,0
            -77.062016,-11.913261,0
            -77.058854,-11.915205,0
            -77.058931,-11.915354,0
            -77.058918,-11.915446,0
          </coordinates>
        </LineString>
      </MultiGeometry>
    </Placemark>
    <Placemark>
      <name>L2316_SUB</name>
      <description><![CDATA[LINEA ELECTRICA SUBTERRANEA    <br>       <br>   FID   0    <br>   Id   0    <br>   LINEA   LINEA 2316    <br>   TIPO   LINEA ELECTRICA SUBTERRANEA    <br>   RECORRIDO   SET MALVINAS - SET BARSI]]></description>
      <styleUrl>#line-E60000-2000</styleUrl>
      <MultiGeometry>
        <LineString>
          <tessellate>1</tessellate>
          <coordinates>
            -77.104559,-12.048697,0
            -77.104552,-12.048833,0
            -77.104447,-12.048914,0
            -77.103077,-12.048794,0
            -77.102262,-12.048722,0
            -77.102168,-12.048715,0
            -77.100039,-12.048522,0
            -77.099412,-12.048465,0
            -77.099335,-12.048458,0
            -77.099046,-12.048427,0
            -77.098691,-12.048406,0
            -77.098223,-12.048359,0
            -77.095763,-12.048166,0
            -77.095332,-12.048119,0
            -77.094561,-12.048035,0
            -77.093992,-12.047981,0
            -77.093396,-12.04794,0
            -77.093064,-12.047911,0
            -77.092388,-12.047852,0
            -77.092189,-12.047837,0
            -77.091233,-12.047751,0
            -77.09002,-12.047648,0
            -77.088823,-12.04754,0
            -77.088782,-12.047537,0
            -77.088726,-12.04754,0
            -77.088671,-12.047546,0
            -77.088578,-12.047567,0
            -77.088549,-12.047569,0
            -77.088503,-12.047567,0
          </coordinates>
        </LineString>
        <LineString>
          <tessellate>1</tessellate>
          <coordinates>
            -77.053368,-12.044391,0
            -77.053388,-12.044368,0
            -77.053477,-12.044378,0
            -77.053566,-12.044388,0
            -77.053601,-12.04398,0
            -77.053645,-12.043606,0
            -77.053656,-12.043497,0
            -77.053659,-12.043427,0
            -77.053662,-12.0433,0
            -77.053667,-12.043233,0
            -77.053687,-12.043099,0
            -77.053708,-12.043012,0
            -77.053742,-12.042879,0
            -77.053758,-12.042804,0
            -77.05375,-12.042718,0
            -77.053754,-12.042594,0
            -77.053759,-12.042388,0
            -77.053755,-12.042233,0
            -77.053758,-12.042124,0
            -77.053858,-12.041063,0
            -77.054182,-12.041097,0
          </coordinates>
        </LineString>
      </MultiGeometry>
    </Placemark>
    <Placemark>
      <name>L2316</name>
      <description><![CDATA[LINEA ELECTRICA AEREA    <br>       <br>   FID   0    <br>   Id   0    <br>   LINEA   LINEA 2316    <br>   TIPO   LINEA ELECTRICA AEREA    <br>   RECORRIDO   SET MALVINAS - SET BARSI]]></description>
      <styleUrl>#line-005CE6-2000</styleUrl>
      <LineString>
        <tessellate>1</tessellate>
        <coordinates>
          -77.088531,-12.047572,0
          -77.086661,-12.047406,0
          -77.084859,-12.047247,0
          -77.083003,-12.047083,0
          -77.081263,-12.046935,0
          -77.079408,-12.04677,0
          -77.077668,-12.046615,0
          -77.07587,-12.046455,0
          -77.074127,-12.046298,0
          -77.072204,-12.04613,0
          -77.070403,-12.045972,0
          -77.068789,-12.045835,0
          -77.066874,-12.045662,0
          -77.065081,-12.045655,0
          -77.063253,-12.045339,0
          -77.061443,-12.045166,0
          -77.059334,-12.044965,0
          -77.057217,-12.044762,0
          -77.055351,-12.044583,0
          -77.053368,-12.044391,0
        </coordinates>
      </LineString>
    </Placemark>
    <Placemark>
      <name>L6755_SUB</name>
      <description><![CDATA[FID   0    <br>   LINEA   L6755    <br>   TIPO   LINEA ELECTRICA SUBTERRANEA    <br>   RECORRIDO   SET HUARAL - SET LOMERA]]></description>
      <styleUrl>#line-FF0000-2000</styleUrl>
      <LineString>
        <tessellate>1</tessellate>
        <coordinates>
          -77.197484,-11.493354,0
          -77.197565,-11.493302,0
          -77.19767,-11.493321,0
          -77.198139,-11.493438,0
          -77.198663,-11.493428,0
          -77.198672,-11.491732,0
          -77.199202,-11.489686,0
          -77.200166,-11.489937,0
          -77.200541,-11.490041,0
          -77.200665,-11.490063,0
          -77.201014,-11.488587,0
          -77.201016,-11.488542,0
          -77.201031,-11.488488,0
          -77.203559,-11.488968,0
          -77.203931,-11.48908,0
          -77.209208,-11.489867,0
          -77.209796,-11.489953,0
          -77.209853,-11.48999,0
          -77.210224,-11.490042,0
          -77.210586,-11.489235,0
          -77.211786,-11.486654,0
          -77.212041,-11.486753,0
          -77.213735,-11.487073,0
          -77.213884,-11.48708,0
        </coordinates>
      </LineString>
    </Placemark>
    <Placemark>
      <name>L6755</name>
      <description><![CDATA[L6755    <br>       <br>   FID   0    <br>   Id   0    <br>   LINEA   L6755    <br>   TIPO   LINEA ELECTRICA AEREA    <br>   RECORRIDO   SET HUARAL - SET LOMERA]]></description>
      <styleUrl>#line-005CE6-2000</styleUrl>
      <MultiGeometry>
        <LineString>
          <tessellate>1</tessellate>
          <coordinates>
            -77.213892,-11.487057,0
            -77.214608,-11.486121,0
            -77.215289,-11.485257,0
            -77.216096,-11.48423,0
            -77.216894,-11.483203,0
            -77.217666,-11.482284,0
            -77.218347,-11.481493,0
            -77.219273,-11.480383,0
            -77.219863,-11.479665,0
            -77.220489,-11.478928,0
            -77.221098,-11.478209,0
            -77.221733,-11.477463,0
            -77.222287,-11.476781,0
            -77.222959,-11.475999,0
            -77.223666,-11.475108,0
            -77.224139,-11.474589,0
            -77.225129,-11.473533,0
            -77.225674,-11.472842,0
            -77.226264,-11.472223,0
            -77.226891,-11.471559,0
            -77.227509,-11.470903,0
            -77.228127,-11.470248,0
            -77.22879,-11.469502,0
            -77.229326,-11.468955,0
            -77.229918,-11.468526,0
            -77.231086,-11.467912,0
            -77.231724,-11.467392,0
            -77.232644,-11.466806,0
            -77.233529,-11.46623,0
            -77.234477,-11.465636,0
            -77.234978,-11.465315,0
            -77.235379,-11.46505,0
            -77.236236,-11.46452,0
            -77.237057,-11.463998,0
            -77.237886,-11.463459,0
            -77.238689,-11.462946,0
            -77.239363,-11.462507,0
            -77.240101,-11.462014,0
            -77.240447,-11.461731,0
            -77.240793,-11.461412,0
            -77.241366,-11.460901,0
            -77.24193,-11.460391,0
            -77.242512,-11.459871,0
            -77.243095,-11.459352,0
            -77.243759,-11.45875,0
            -77.244426,-11.458146,0
            -77.245214,-11.457438,0
            -77.24602,-11.456705,0
            -77.246822,-11.45598,0
            -77.24784,-11.455064,0
            -77.248669,-11.454318,0
            -77.249508,-11.453546,0
            -77.24989,-11.453217,0
            -77.25089,-11.452306,0
            -77.251855,-11.45144,0
            -77.252637,-11.450783,0
            -77.253174,-11.450264,0
            -77.253874,-11.449626,0
            -77.254438,-11.449116,0
            -77.255048,-11.448596,0
            -77.255539,-11.448149,0
            -77.255848,-11.447885,0
            -77.25665,-11.4473,0
            -77.25745,-11.446508,0
            -77.257903,-11.445935,0
            -77.258367,-11.445489,0
            -77.258849,-11.445051,0
            -77.259622,-11.444349,0
            -77.260405,-11.443674,0
            -77.261196,-11.442936,0
            -77.262033,-11.442189,0
            -77.262741,-11.441343,0
            -77.263332,-11.440823,0
            -77.263896,-11.44034,0
            -77.264715,-11.439583,0
            -77.265551,-11.438827,0
            -77.266379,-11.438061,0
            -77.267234,-11.437287,0
            -77.268007,-11.436594,0
            -77.268799,-11.435901,0
            -77.269902,-11.435314,0
            -77.271079,-11.434672,0
            -77.271709,-11.434405,0
            -77.273091,-11.434187,0
            -77.27384,-11.433991,0
            -77.273871,-11.433574,0
            -77.273157,-11.432339,0
            -77.274151,-11.431661,0
            -77.274758,-11.432527,0
            -77.27496,-11.4329,0
          </coordinates>
        </LineString>
        <LineString>
          <tessellate>1</tessellate>
          <coordinates>
            -77.197099,-11.493372,0
            -77.196937,-11.493756,0
            -77.196974,-11.493819,0
            -77.197094,-11.493908,0
            -77.197484,-11.493354,0
          </coordinates>
        </LineString>
      </MultiGeometry>
    </Placemark>
    <Placemark>
      <name>L6932_SUB</name>
      <description><![CDATA[L6932    <br>       <br>   FID   0    <br>   LINEA   L6932    <br>   TIPO   LINEA ELECTRICA SUBTERRANEA    <br>   RECORRIDO   SET MED. MUNDO - SET SUPE]]></description>
      <styleUrl>#line-FF0000-2000</styleUrl>
      <LineString>
        <tessellate>1</tessellate>
        <coordinates>
          -77.632254,-10.894801,0
          -77.632357,-10.894639,0
          -77.632455,-10.894723,0
          -77.632495,-10.89467,0
          -77.632622,-10.89448,0
          -77.632491,-10.894402,0
          -77.632508,-10.894375,0
          -77.632531,-10.894337,0
          -77.632525,-10.894329,0
        </coordinates>
      </LineString>
    </Placemark>
    <Placemark>
      <name>L693</name>
      <description><![CDATA[L693    <br>       <br>   FID   0    <br>   Id   0    <br>   LINEA   L693    <br>   TIPO   LINEA ELECTRICA AEREA    <br>   RECORRIDO   SET MED. MUNDO - SET SUPE]]></description>
      <styleUrl>#line-005CE6-2000</styleUrl>
      <LineString>
        <tessellate>1</tessellate>
        <coordinates>
          -77.740789,-10.79473,0
          -77.740882,-10.794538,0
          -77.741093,-10.794554,0
          -77.741093,-10.79473,0
          -77.741095,-10.795443,0
          -77.741182,-10.796526,0
          -77.74047,-10.796604,0
          -77.739221,-10.796063,0
          -77.738764,-10.795997,0
          -77.737791,-10.795574,0
          -77.736766,-10.795116,0
          -77.736006,-10.79486,0
          -77.735281,-10.794524,0
          -77.733705,-10.794059,0
          -77.732774,-10.793885,0
          -77.732313,-10.793773,0
          -77.730885,-10.793628,0
          -77.729568,-10.793513,0
          -77.729242,-10.793374,0
          -77.72918,-10.793926,0
          -77.728523,-10.794823,0
          -77.728059,-10.795756,0
          -77.727931,-10.797316,0
          -77.72782,-10.798965,0
          -77.727363,-10.800128,0
          -77.726851,-10.801683,0
          -77.726385,-10.803067,0
          -77.725869,-10.804482,0
          -77.725408,-10.805822,0
          -77.724874,-10.807329,0
          -77.724346,-10.80877,0
          -77.723939,-10.810085,0
          -77.723351,-10.811629,0
          -77.722879,-10.813052,0
          -77.722291,-10.814664,0
          -77.721898,-10.815904,0
          -77.720774,-10.81677,0
          -77.719751,-10.8176,0
          -77.718713,-10.818478,0
          -77.717597,-10.81873,0
          -77.716734,-10.818972,0
          -77.71562,-10.819755,0
          -77.714882,-10.820941,0
          -77.71415,-10.822126,0
          -77.713404,-10.823309,0
          -77.712263,-10.823445,0
          -77.71119,-10.823611,0
          -77.709767,-10.823915,0
          -77.708436,-10.824358,0
          -77.707174,-10.824732,0
          -77.705924,-10.825142,0
          -77.704718,-10.825502,0
          -77.703385,-10.825892,0
          -77.702142,-10.826111,0
          -77.700872,-10.826482,0
          -77.700362,-10.82679,0
          -77.699858,-10.828495,0
          -77.69959,-10.829714,0
          -77.698957,-10.831726,0
          -77.6984,-10.833417,0
          -77.697852,-10.834983,0
          -77.69731,-10.836614,0
          -77.696816,-10.838129,0
          -77.696273,-10.839796,0
          -77.695676,-10.84159,0
          -77.695111,-10.84335,0
          -77.694995,-10.84499,0
          -77.695009,-10.845843,0
          -77.694949,-10.847079,0
          -77.694741,-10.84769,0
          -77.694925,-10.848791,0
          -77.694623,-10.850798,0
          -77.694163,-10.85227,0
          -77.693923,-10.852993,0
          -77.69342,-10.854549,0
          -77.692929,-10.856056,0
          -77.692509,-10.857422,0
          -77.691905,-10.858954,0
          -77.691457,-10.860491,0
          -77.691051,-10.861894,0
          -77.690661,-10.863146,0
          -77.69014,-10.864768,0
          -77.689677,-10.866239,0
          -77.689184,-10.867722,0
          -77.688715,-10.869204,0
          -77.688225,-10.870784,0
          -77.687807,-10.872097,0
          -77.687372,-10.87341,0
          -77.68645,-10.874738,0
          -77.685503,-10.876117,0
          -77.685032,-10.877436,0
          -77.684594,-10.878626,0
          -77.683843,-10.878495,0
          -77.682257,-10.880736,0
          -77.681374,-10.881987,0
          -77.680503,-10.8833,0
          -77.679739,-10.884427,0
          -77.678881,-10.885674,0
          -77.678032,-10.886921,0
          -77.677365,-10.887851,0
          -77.676449,-10.889213,0
          -77.675446,-10.890699,0
          -77.674679,-10.891851,0
          -77.673736,-10.893156,0
          -77.672794,-10.894556,0
          -77.671893,-10.895814,0
          -77.670941,-10.897256,0
          -77.670828,-10.897593,0
          -77.66972,-10.896916,0
          -77.668486,-10.896113,0
          -77.667245,-10.89527,0
          -77.666392,-10.894709,0
          -77.665209,-10.894478,0
          -77.664715,-10.893195,0
          -77.664148,-10.891792,0
          -77.663569,-10.890416,0
          -77.663058,-10.889019,0
          -77.662848,-10.888045,0
          -77.662616,-10.887141,0
          -77.661109,-10.887422,0
          -77.659573,-10.887829,0
          -77.657968,-10.88817,0
          -77.656696,-10.888468,0
          -77.655487,-10.88872,0
          -77.653587,-10.889119,0
          -77.652002,-10.889521,0
          -77.650667,-10.889831,0
          -77.649243,-10.890152,0
          -77.648225,-10.890421,0
          -77.64697,-10.89111,0
          -77.645696,-10.891834,0
          -77.643092,-10.891965,0
          -77.640433,-10.892098,0
          -77.638546,-10.891062,0
          -77.636629,-10.889958,0
          -77.634698,-10.888903,0
          -77.633783,-10.890518,0
          -77.633178,-10.89243,0
          -77.632525,-10.894329,0
        </coordinates>
      </LineString>
    </Placemark>
    <Placemark>
      <name>L694</name>
      <description><![CDATA[L694    <br>       <br>   FID   0    <br>   Id   0    <br>   LINEA   L694    <br>   TIPO   LINEA ELECTRICA AEREA    <br>   RECORRIDO   SET PMNGA-NVA - SET SUPE]]></description>
      <styleUrl>#line-005CE6-2000</styleUrl>
      <LineString>
        <tessellate>1</tessellate>
        <coordinates>
          -77.73915,-10.795998,0
          -77.737995,-10.795521,0
          -77.736609,-10.794937,0
          -77.735281,-10.794533,0
          -77.733668,-10.794014,0
          -77.732349,-10.793628,0
          -77.730977,-10.793505,0
          -77.729587,-10.793382,0
          -77.729348,-10.793248,0
          -77.730383,-10.792095,0
          -77.731663,-10.790606,0
          -77.732821,-10.789261,0
          -77.733888,-10.788031,0
          -77.734574,-10.786074,0
          -77.735199,-10.784426,0
          -77.735705,-10.782893,0
          -77.736366,-10.781171,0
          -77.737041,-10.779268,0
          -77.737717,-10.777389,0
          -77.738361,-10.775668,0
          -77.738942,-10.774061,0
          -77.739545,-10.772337,0
          -77.740269,-10.770542,0
          -77.741016,-10.7684,0
          -77.741554,-10.766954,0
          -77.742232,-10.765088,0
          -77.742798,-10.76334,0
          -77.743401,-10.761666,0
          -77.744172,-10.759667,0
          -77.744803,-10.757921,0
          -77.745438,-10.75612,0
          -77.74613,-10.754264,0
          -77.7468,-10.752531,0
          -77.747571,-10.750415,0
          -77.748275,-10.748526,0
          -77.748845,-10.747024,0
          -77.750186,-10.745163,0
          -77.751437,-10.743487,0
          -77.752665,-10.741862,0
          -77.75384,-10.74027,0
          -77.754616,-10.739207,0
          -77.755615,-10.737818,0
          -77.756965,-10.735982,0
          -77.758112,-10.734481,0
          -77.759089,-10.733194,0
          -77.760325,-10.731514,0
          -77.761415,-10.730007,0
          -77.762423,-10.728626,0
          -77.763636,-10.727369,0
          -77.764614,-10.726395,0
          -77.765634,-10.725244,0
          -77.766492,-10.723643,0
          -77.767095,-10.722396,0
          -77.770515,-10.716193,0
          -77.771234,-10.715069,0
          -77.772173,-10.713321,0
          -77.773221,-10.711433,0
          -77.77135,-10.710232,0
          -77.770179,-10.709403,0
          -77.768665,-10.708351,0
          -77.767131,-10.707285,0
          -77.765859,-10.706658,0
          -77.76409,-10.705773,0
          -77.762391,-10.704906,0
          -77.760624,-10.70411,0
          -77.75926,-10.703295,0
          -77.757739,-10.702501,0
          -77.756106,-10.701686,0
          -77.754186,-10.7007,0
          -77.752467,-10.699852,0
          -77.751168,-10.699148,0
          -77.74945,-10.698263,0
          -77.747729,-10.6974,0
          -77.746195,-10.696595,0
          -77.745044,-10.69602,0
          -77.743623,-10.69628,0
          -77.742118,-10.696683,0
          -77.740698,-10.695962,0
          -77.740081,-10.695599,0
          -77.73988,-10.694503,0
          -77.739904,-10.693011,0
          -77.739173,-10.691498,0
          -77.738795,-10.69052,0
          -77.738408,-10.689335,0
          -77.739161,-10.687783,0
          -77.740307,-10.685745,0
          -77.741643,-10.68338,0
          -77.741989,-10.682275,0
          -77.742335,-10.680904,0
          -77.742111,-10.680474,0
        </coordinates>
      </LineString>
    </Placemark>
    <Placemark>
      <name>L694_SUB</name>
      <description><![CDATA[FID   0    <br>   LINEA   L694    <br>   TIPO   LINEA ELECTRICA SUBTERRANEA    <br>   RECORRIDO   SET PMNGA-NVA - SET SUPE]]></description>
      <styleUrl>#line-FF0000-2000</styleUrl>
      <LineString>
        <tessellate>1</tessellate>
        <coordinates>
          -77.740789,-10.79473,0
          -77.740784,-10.794437,0
          -77.740215,-10.794388,0
          -77.740012,-10.794487,0
          -77.740219,-10.794841,0
          -77.739863,-10.795303,0
          -77.739834,-10.795328,0
          -77.739098,-10.79596,0
          -77.739152,-10.795984,0
          -77.73915,-10.795998,0
        </coordinates>
      </LineString>
    </Placemark>
    <Placemark>
      <name>L6948</name>
      <description><![CDATA[L6948    <br>       <br>   FID   0    <br>   Id   0    <br>   LINEA   L6948    <br>   TIPO   LINEA ELECTRICA AEREA    <br>   RECORRIDO   SET CHANCAY - SET LOMERA]]></description>
      <styleUrl>#line-005CE6-2000</styleUrl>
      <MultiGeometry>
        <LineString>
          <tessellate>1</tessellate>
          <coordinates>
            -77.278872,-11.546489,0
            -77.27929,-11.54566,0
            -77.279231,-11.545124,0
            -77.279653,-11.544208,0
            -77.280146,-11.543139,0
            -77.280609,-11.542136,0
            -77.281006,-11.541314,0
            -77.281628,-11.54008,0
            -77.282107,-11.539199,0
            -77.282594,-11.53831,0
            -77.282999,-11.537567,0
            -77.283421,-11.537409,0
            -77.283884,-11.536505,0
            -77.284413,-11.535431,0
            -77.284955,-11.534378,0
            -77.285196,-11.533205,0
            -77.285901,-11.53244,0
            -77.286589,-11.531055,0
            -77.28729,-11.529661,0
            -77.287744,-11.528733,0
            -77.288426,-11.527356,0
            -77.288674,-11.526862,0
            -77.289215,-11.525811,0
            -77.289767,-11.524948,0
            -77.29032,-11.524085,0
            -77.290796,-11.523371,0
            -77.291231,-11.52272,0
            -77.291821,-11.521836,0
            -77.292487,-11.520845,0
            -77.293319,-11.519592,0
            -77.294135,-11.518374,0
            -77.294932,-11.517177,0
            -77.295738,-11.51597,0
            -77.296388,-11.514804,0
            -77.296863,-11.513499,0
            -77.297378,-11.512052,0
            -77.297866,-11.510689,0
            -77.298322,-11.509415,0
            -77.298823,-11.508013,0
            -77.299329,-11.506598,0
            -77.299829,-11.505261,0
            -77.30016,-11.50431,0
            -77.300573,-11.503222,0
            -77.300788,-11.50257,0
            -77.300951,-11.501294,0
            -77.301648,-11.500141,0
            -77.301877,-11.499485,0
            -77.302374,-11.498147,0
            -77.302866,-11.496779,0
            -77.303359,-11.49541,0
            -77.303771,-11.494205,0
            -77.303531,-11.493981,0
          </coordinates>
        </LineString>
        <LineString>
          <tessellate>1</tessellate>
          <coordinates>
            -77.300383,-11.486614,0
            -77.299633,-11.485671,0
            -77.298875,-11.484746,0
            -77.298282,-11.483919,0
            -77.297429,-11.48276,0
            -77.297251,-11.482274,0
            -77.296778,-11.4816,0
            -77.296413,-11.480545,0
            -77.296115,-11.480014,0
            -77.295144,-11.47891,0
            -77.2948,-11.478271,0
            -77.294586,-11.477848,0
            -77.293691,-11.477141,0
            -77.292894,-11.476018,0
            -77.292195,-11.475671,0
            -77.291367,-11.475235,0
            -77.291044,-11.473791,0
            -77.290408,-11.471031,0
            -77.288738,-11.467505,0
            -77.287329,-11.46556,0
            -77.284793,-11.462101,0
            -77.282792,-11.459343,0
            -77.282511,-11.458531,0
            -77.281901,-11.456756,0
            -77.281567,-11.456271,0
            -77.279444,-11.453079,0
            -77.278722,-11.44756,0
            -77.278313,-11.446381,0
            -77.277684,-11.444569,0
            -77.277011,-11.442628,0
            -77.27635,-11.440721,0
            -77.275805,-11.439152,0
            -77.275199,-11.437405,0
            -77.274908,-11.436566,0
            -77.27452,-11.435445,0
            -77.274208,-11.434546,0
            -77.273871,-11.433575,0
            -77.273127,-11.432361,0
            -77.274151,-11.431662,0
            -77.274758,-11.432528,0
            -77.27496,-11.4329,0
          </coordinates>
        </LineString>
        <LineString>
          <tessellate>1</tessellate>
          <coordinates>
            -77.259622,-11.583174,0
            -77.260027,-11.583338,0
            -77.260821,-11.582979,0
            -77.261407,-11.581664,0
            -77.26182,-11.580631,0
            -77.261922,-11.579681,0
            -77.262108,-11.578839,0
            -77.262285,-11.578088,0
            -77.262462,-11.577318,0
            -77.26264,-11.576567,0
            -77.262798,-11.575788,0
          </coordinates>
        </LineString>
      </MultiGeometry>
    </Placemark>
    <Placemark>
      <name>L6948_SUB</name>
      <description><![CDATA[FID   0    <br>   LINEA   L6948    <br>   TIPO   LINEA ELECTRICA SUBTERRANEA    <br>   RECORRIDO   SET CHANCAY - SET LOMERA]]></description>
      <styleUrl>#line-FF0000-2000</styleUrl>
      <MultiGeometry>
        <LineString>
          <tessellate>1</tessellate>
          <coordinates>
            -77.278872,-11.546489,0
            -77.278747,-11.546553,0
            -77.277905,-11.548132,0
            -77.277741,-11.548441,0
            -77.277516,-11.548824,0
            -77.277369,-11.549054,0
            -77.277037,-11.549525,0
            -77.275713,-11.551324,0
            -77.275024,-11.552261,0
            -77.274843,-11.552489,0
            -77.274635,-11.55273,0
            -77.274412,-11.55297,0
            -77.274037,-11.553328,0
            -77.273725,-11.553595,0
            -77.273466,-11.553797,0
            -77.273168,-11.554008,0
            -77.272992,-11.554124,0
            -77.272394,-11.554476,0
            -77.271256,-11.55513,0
            -77.269236,-11.556292,0
            -77.269079,-11.556386,0
            -77.268909,-11.556491,0
            -77.268789,-11.556604,0
            -77.268653,-11.556725,0
            -77.268529,-11.556857,0
            -77.268412,-11.556995,0
            -77.268301,-11.557139,0
            -77.268106,-11.557439,0
            -77.26789,-11.557599,0
            -77.26773,-11.557711,0
            -77.267573,-11.557777,0
            -77.267412,-11.55786,0
            -77.267259,-11.557959,0
            -77.26712,-11.558075,0
            -77.266996,-11.558205,0
            -77.266884,-11.558346,0
            -77.266788,-11.558499,0
            -77.266714,-11.558649,0
            -77.266628,-11.558822,0
            -77.266559,-11.558991,0
            -77.266498,-11.55916,0
            -77.266445,-11.559332,0
            -77.2664,-11.559506,0
            -77.266358,-11.559682,0
            -77.266246,-11.560213,0
            -77.266215,-11.560457,0
            -77.266122,-11.560857,0
            -77.266011,-11.561227,0
            -77.265925,-11.561605,0
            -77.265284,-11.564421,0
            -77.264107,-11.569584,0
            -77.263969,-11.570191,0
            -77.262754,-11.575521,0
            -77.262749,-11.575725,0
            -77.262752,-11.575767,0
            -77.262798,-11.575788,0
          </coordinates>
        </LineString>
        <LineString>
          <tessellate>1</tessellate>
          <coordinates>
            -77.300383,-11.486614,0
            -77.300915,-11.487017,0
            -77.300992,-11.487056,0
            -77.301066,-11.487159,0
            -77.301169,-11.487477,0
            -77.301187,-11.487548,0
            -77.301286,-11.487676,0
            -77.301509,-11.487821,0
            -77.30165,-11.487971,0
            -77.301734,-11.488022,0
            -77.301856,-11.488327,0
            -77.301893,-11.48845,0
            -77.301982,-11.488549,0
            -77.302218,-11.488764,0
            -77.303725,-11.49013,0
            -77.304237,-11.490322,0
            -77.304109,-11.491002,0
            -77.303778,-11.492875,0
            -77.303606,-11.493852,0
            -77.303531,-11.493981,0
          </coordinates>
        </LineString>
      </MultiGeometry>
    </Placemark>
    <Placemark>
      <name>L2006_SUB</name>
      <description><![CDATA[FID   0    <br>   LINEA   L2006    <br>   TIPO   LINEA ELECTRICA SUBTERRANEA    <br>   RECORRIDO   SET CHAVARRIA - SET BARSI]]></description>
      <styleUrl>#line-FF0000-2000</styleUrl>
      <MultiGeometry>
        <LineString>
          <tessellate>1</tessellate>
          <coordinates>
            -77.104065,-12.048027,0
            -77.103945,-12.048021,0
            -77.103897,-12.048019,0
            -77.103974,-12.047143,0
            -77.104371,-12.046899,0
            -77.104449,-12.046266,0
            -77.10467,-12.046201,0
            -77.104733,-12.045502,0
            -77.10383,-12.045443,0
            -77.102869,-12.045406,0
            -77.101945,-12.04537,0
            -77.101965,-12.045154,0
            -77.102095,-12.043651,0
            -77.102175,-12.042803,0
            -77.102251,-12.041887,0
            -77.102353,-12.041081,0
            -77.101476,-12.04087,0
            -77.10149,-12.040775,0
          </coordinates>
        </LineString>
        <LineString>
          <tessellate>1</tessellate>
          <coordinates>
            -77.099637,-12.036225,0
            -77.099562,-12.03725,0
            -77.100809,-12.037351,0
            -77.101779,-12.037429,0
            -77.101657,-12.038771,0
            -77.101633,-12.039044,0
            -77.101583,-12.039451,0
            -77.101576,-12.039497,0
            -77.101571,-12.039772,0
            -77.101579,-12.039812,0
            -77.101549,-12.040133,0
          </coordinates>
        </LineString>
      </MultiGeometry>
    </Placemark>
    <Placemark>
      <name>L2006</name>
      <description><![CDATA[L2006    <br>       <br>   FID   0    <br>   Id   0    <br>   LINEA   L2006    <br>   TIPO   LINEA ELECTRICA AEREA    <br>   RECORRIDO   SET CHAVARRIA - SET BARSI]]></description>
      <styleUrl>#line-005CE6-2000</styleUrl>
      <MultiGeometry>
        <LineString>
          <tessellate>1</tessellate>
          <coordinates>
            -77.099637,-12.036225,0
            -77.099067,-12.036112,0
            -77.098046,-12.035903,0
            -77.097521,-12.035708,0
            -77.097132,-12.035322,0
            -77.096237,-12.033539,0
            -77.095369,-12.031747,0
            -77.094465,-12.029956,0
            -77.0924,-12.03017,0
            -77.090428,-12.030392,0
            -77.088382,-12.030607,0
            -77.088139,-12.030066,0
            -77.087429,-12.028399,0
            -77.086858,-12.027039,0
            -77.085813,-12.02444,0
            -77.085868,-12.023648,0
            -77.085978,-12.022382,0
            -77.086152,-12.021233,0
            -77.08636,-12.019614,0
            -77.08655,-12.018013,0
            -77.086767,-12.016438,0
            -77.086983,-12.014629,0
            -77.087173,-12.013091,0
            -77.087389,-12.0114,0
            -77.087632,-12.009563,0
            -77.086367,-12.008533,0
            -77.084944,-12.007414,0
            -77.083875,-12.006925,0
            -77.082501,-12.006485,0
            -77.082894,-12.004619,0
            -77.083374,-12.002636,0
            -77.079941,-12.001445,0
            -77.076757,-12.000831,0
            -77.073664,-12.001045,0
            -77.072451,-11.999928,0
            -77.071674,-11.998996,0
            -77.068263,-11.997985,0
            -77.065693,-11.998366,0
          </coordinates>
        </LineString>
        <LineString>
          <tessellate>1</tessellate>
          <coordinates>
            -77.10149,-12.040775,0
            -77.101549,-12.040133,0
          </coordinates>
        </LineString>
      </MultiGeometry>
    </Placemark>
    <Placemark>
      <name>L2005_SUB</name>
      <description><![CDATA[FID   0    <br>   LINEA   L2005    <br>   TIPO   LINEA ELECTRICA SUBTERRANEA    <br>   RECORRIDO   SET CHAVARRIA - SET BARSI]]></description>
      <styleUrl>#line-FF0000-2000</styleUrl>
      <LineString>
        <tessellate>1</tessellate>
        <coordinates>
          -77.104065,-12.048027,0
          -77.103933,-12.048041,0
          -77.103873,-12.048044,0
          -77.103947,-12.047129,0
          -77.104347,-12.046881,0
          -77.104436,-12.046255,0
          -77.104659,-12.046193,0
          -77.104719,-12.045515,0
          -77.103829,-12.04546,0
          -77.102867,-12.045422,0
          -77.101924,-12.045385,0
          -77.099327,-12.045268,0
          -77.09888,-12.045341,0
          -77.09849,-12.045238,0
          -77.098174,-12.045868,0
          -77.098115,-12.045997,0
        </coordinates>
      </LineString>
    </Placemark>
    <Placemark>
      <name>L2005</name>
      <description><![CDATA[L2005    <br>       <br>   FID   0    <br>   Id   0    <br>   LINEA   L2005    <br>   TIPO   LINEA ELECTRICA AEREA    <br>   RECORRIDO   SET CHAVARRIA - SET BARSI]]></description>
      <styleUrl>#line-005CE6-2000</styleUrl>
      <LineString>
        <tessellate>1</tessellate>
        <coordinates>
          -77.098115,-12.045997,0
          -77.097728,-12.045819,0
          -77.09653,-12.045214,0
          -77.095018,-12.044457,0
          -77.093653,-12.043762,0
          -77.092216,-12.04305,0
          -77.090888,-12.042373,0
          -77.089413,-12.041625,0
          -77.087578,-12.040645,0
          -77.08806,-12.038852,0
          -77.088346,-12.037792,0
          -77.088451,-12.037068,0
          -77.089894,-12.037347,0
          -77.091007,-12.037537,0
          -77.091384,-12.037588,0
          -77.09117,-12.037328,0
          -77.090955,-12.036823,0
          -77.090207,-12.035012,0
          -77.089524,-12.0334,0
          -77.088869,-12.031823,0
          -77.088139,-12.030066,0
          -77.087429,-12.028399,0
          -77.086858,-12.027039,0
          -77.085813,-12.02444,0
          -77.085868,-12.023648,0
          -77.085978,-12.022382,0
          -77.086152,-12.021233,0
          -77.08636,-12.019614,0
          -77.08655,-12.018013,0
          -77.086767,-12.016438,0
          -77.086983,-12.014629,0
          -77.087173,-12.013091,0
          -77.087389,-12.0114,0
          -77.087632,-12.009563,0
          -77.087411,-12.009447,0
          -77.086367,-12.008533,0
          -77.084944,-12.007414,0
          -77.083875,-12.006925,0
          -77.082404,-12.006629,0
          -77.082894,-12.004619,0
          -77.083292,-12.002681,0
          -77.079941,-12.001445,0
          -77.076757,-12.000831,0
          -77.073664,-12.001045,0
          -77.072451,-11.999928,0
          -77.071674,-11.998996,0
          -77.068263,-11.997985,0
          -77.065693,-11.998366,0
        </coordinates>
      </LineString>
    </Placemark>
    <Placemark>
      <name>L615</name>
      <description><![CDATA[L615    <br>       <br>   FID   0    <br>   Id   0    <br>   LINEA   L615    <br>   TIPO   LINEA ELECTRICA AEREA    <br>   RECORRIDO   SET BARSI - SET CUSCO]]></description>
      <styleUrl>#line-0070FF-2000</styleUrl>
      <MultiGeometry>
        <LineString>
          <tessellate>1</tessellate>
          <coordinates>
            -77.076432,-12.079717,0
            -77.077946,-12.079197,0
            -77.079442,-12.078653,0
            -77.080644,-12.078355,0
            -77.081847,-12.078204,0
            -77.083484,-12.078152,0
            -77.085145,-12.078141,0
            -77.086593,-12.078106,0
            -77.088427,-12.078069,0
            -77.090273,-12.078037,0
            -77.091359,-12.077959,0
            -77.09244,-12.077741,0
            -77.093153,-12.077276,0
            -77.093153,-12.076879,0
            -77.092395,-12.075182,0
            -77.092121,-12.074214,0
            -77.092073,-12.073118,0
            -77.091891,-12.07171,0
            -77.091773,-12.070559,0
            -77.09285,-12.069986,0
            -77.094545,-12.069799,0
            -77.096123,-12.069619,0
            -77.097774,-12.069453,0
            -77.097937,-12.069154,0
            -77.097639,-12.068152,0
            -77.09743,-12.067116,0
            -77.097318,-12.066017,0
            -77.097242,-12.064387,0
            -77.097183,-12.062766,0
            -77.097263,-12.061436,0
            -77.097416,-12.05979,0
            -77.097567,-12.058179,0
            -77.097551,-12.057846,0
          </coordinates>
        </LineString>
        <LineString>
          <tessellate>1</tessellate>
          <coordinates>
            -77.098117,-12.04972,0
            -77.098379,-12.049873,0
          </coordinates>
        </LineString>
      </MultiGeometry>
    </Placemark>
    <Placemark>
      <name>L616_SUB</name>
      <description><![CDATA[L615    <br>       <br>   FID   0    <br>   Id   0    <br>   LINEA   L615    <br>   TIPO   LINEA ELECTRICA SUBTERRANEA    <br>   RECORRIDO   SET BARSI - SET CUSCO]]></description>
      <styleUrl>#line-FF0000-2000</styleUrl>
      <MultiGeometry>
        <LineString>
          <tessellate>1</tessellate>
          <coordinates>
            -77.076432,-12.079717,0
            -77.076442,-12.079739,0
            -77.076176,-12.079861,0
            -77.075771,-12.080032,0
            -77.076054,-12.080959,0
            -77.076439,-12.082089,0
            -77.07689,-12.083215,0
            -77.077108,-12.083724,0
            -77.077325,-12.08419,0
            -77.078185,-12.08577,0
            -77.078866,-12.085441,0
            -77.078833,-12.085371,0
            -77.078827,-12.085359,0
          </coordinates>
        </LineString>
        <LineString>
          <tessellate>1</tessellate>
          <coordinates>
            -77.098379,-12.049873,0
            -77.098458,-12.049728,0
            -77.103373,-12.050149,0
            -77.104331,-12.049578,0
            -77.104402,-12.048858,0
            -77.104835,-12.048897,0
            -77.104866,-12.048671,0
          </coordinates>
        </LineString>
        <LineString>
          <tessellate>1</tessellate>
          <coordinates>
            -77.098117,-12.04972,0
            -77.096669,-12.049656,0
            -77.096091,-12.05295,0
            -77.095747,-12.053305,0
            -77.095713,-12.053532,0
            -77.095428,-12.055208,0
            -77.095418,-12.055531,0
            -77.095622,-12.055912,0
            -77.096904,-12.057524,0
            -77.097512,-12.057568,0
            -77.097486,-12.057825,0
            -77.097551,-12.057846,0
          </coordinates>
        </LineString>
      </MultiGeometry>
    </Placemark>
    <Placemark>
      <name>L615_SUB</name>
      <description><![CDATA[L615    <br>       <br>   FID   0    <br>   Id   0    <br>   LINEA   L615    <br>   TIPO   LINEA ELECTRICA SUBTERRANEA    <br>   RECORRIDO   SET BARSI - SET CUSCO]]></description>
      <styleUrl>#line-FF0000-2000</styleUrl>
      <MultiGeometry>
        <LineString>
          <tessellate>1</tessellate>
          <coordinates>
            -77.076432,-12.079717,0
            -77.076442,-12.079739,0
            -77.076176,-12.079861,0
            -77.075771,-12.080032,0
            -77.076054,-12.080959,0
            -77.076439,-12.082089,0
            -77.07689,-12.083215,0
            -77.077108,-12.083724,0
            -77.077325,-12.08419,0
            -77.078185,-12.08577,0
            -77.078866,-12.085441,0
            -77.078833,-12.085371,0
            -77.078827,-12.085359,0
          </coordinates>
        </LineString>
        <LineString>
          <tessellate>1</tessellate>
          <coordinates>
            -77.098379,-12.049873,0
            -77.098458,-12.049728,0
            -77.103373,-12.050149,0
            -77.104331,-12.049578,0
            -77.104402,-12.048858,0
            -77.104835,-12.048897,0
            -77.104866,-12.048671,0
          </coordinates>
        </LineString>
        <LineString>
          <tessellate>1</tessellate>
          <coordinates>
            -77.098117,-12.04972,0
            -77.096669,-12.049656,0
            -77.096091,-12.05295,0
            -77.095747,-12.053305,0
            -77.095713,-12.053532,0
            -77.095428,-12.055208,0
            -77.095418,-12.055531,0
            -77.095622,-12.055912,0
            -77.096904,-12.057524,0
            -77.097512,-12.057568,0
            -77.097486,-12.057825,0
            -77.097551,-12.057846,0
          </coordinates>
        </LineString>
      </MultiGeometry>
    </Placemark>
    <Placemark>
      <name>L616_SUB</name>
      <description><![CDATA[L616    <br>       <br>   FID   0    <br>   LINEA   L616    <br>   TIPO   LINEA ELECTRICA SUBTERRANEA    <br>   RECORRIDO   SET BARSI - SET MARANGA]]></description>
      <styleUrl>#line-FF0000-2000</styleUrl>
      <LineString>
        <tessellate>1</tessellate>
        <coordinates>
          -77.098375,-12.049873,0
          -77.098388,-12.049722,0
          -77.103373,-12.050149,0
          -77.104331,-12.049578,0
          -77.104402,-12.048858,0
          -77.104835,-12.048897,0
          -77.104866,-12.048671,0
        </coordinates>
      </LineString>
    </Placemark>
    <Placemark>
      <name>L622_SUB</name>
      <description><![CDATA[FID   0    <br>   LINEA   L622    <br>   TIPO   LINEA ELECTRICA SUBTERRANEA    <br>   RECORRIDO   SET CHAVARRIA - SET JOSE GRANDA]]></description>
      <styleUrl>#line-FF0000-2000</styleUrl>
      <MultiGeometry>
        <LineString>
          <tessellate>1</tessellate>
          <coordinates>
            -77.075001,-12.012043,0
            -77.075085,-12.012077,0
            -77.078141,-12.012553,0
            -77.078481,-12.013196,0
            -77.07835,-12.013259,0
          </coordinates>
        </LineString>
        <LineString>
          <tessellate>1</tessellate>
          <coordinates>
            -77.061638,-12.00873,0
            -77.062168,-12.005454,0
            -77.062172,-12.005435,0
            -77.06218,-12.005398,0
            -77.062186,-12.005371,0
            -77.062195,-12.005338,0
            -77.062205,-12.005304,0
            -77.062219,-12.005259,0
            -77.062232,-12.005223,0
            -77.062236,-12.005214,0
            -77.06225,-12.005179,0
            -77.062267,-12.005139,0
            -77.062291,-12.00509,0
            -77.062311,-12.005051,0
            -77.062336,-12.005008,0
            -77.062406,-12.004788,0
            -77.062322,-12.004018,0
            -77.062309,-12.003824,0
            -77.062198,-12.003052,0
            -77.062203,-12.002893,0
            -77.062899,-11.998275,0
            -77.062986,-11.998219,0
            -77.063995,-11.998364,0
            -77.064881,-11.998059,0
            -77.065125,-11.998773,0
            -77.065268,-11.99873,0
          </coordinates>
        </LineString>
        <LineString>
          <tessellate>1</tessellate>
          <coordinates>
            -77.064713,-12.009067,0
            -77.06465,-12.009076,0
            -77.062056,-12.008703,0
            -77.061697,-12.008737,0
            -77.061638,-12.00873,0
          </coordinates>
        </LineString>
      </MultiGeometry>
    </Placemark>
    <Placemark>
      <name>L622</name>
      <description><![CDATA[L622    <br>       <br>   FID   0    <br>   LINEA   L622    <br>   TIPO   LINEA ELECTRICA AEREA    <br>   RECORRIDO   SET CHAVARRIA - SET JOSE GRANDA]]></description>
      <styleUrl>#line-005CE6-2000</styleUrl>
      <MultiGeometry>
        <LineString>
          <tessellate>1</tessellate>
          <coordinates>
            -77.075001,-12.012043,0
            -77.074039,-12.011882,0
            -77.072908,-12.011689,0
            -77.07178,-12.011485,0
            -77.070845,-12.011222,0
            -77.070007,-12.010968,0
            -77.068884,-12.010588,0
            -77.068019,-12.010276,0
            -77.067098,-12.009951,0
            -77.066131,-12.009632,0
            -77.065136,-12.009308,0
            -77.064713,-12.009067,0
          </coordinates>
        </LineString>
        <LineString>
          <tessellate>1</tessellate>
          <coordinates>
            -77.065268,-11.99873,0
            -77.066248,-11.998488,0
            -77.065693,-11.998366,0
          </coordinates>
        </LineString>
      </MultiGeometry>
    </Placemark>
    <Placemark>
      <name>L625</name>
      <description><![CDATA[L625    <br>       <br>   FID   0    <br>   LINEA   L625    <br>   TIPO   LINEA ELECTRICA AEREA    <br>   RECORRIDO   SET CAUDIVILLA - SET HUANDOY]]></description>
      <styleUrl>#line-005CE6-2000</styleUrl>
      <MultiGeometry>
        <LineString>
          <tessellate>1</tessellate>
          <coordinates>
            -77.042108,-11.891464,0
            -77.042142,-11.891039,0
            -77.043159,-11.890814,0
            -77.044286,-11.89058,0
            -77.045341,-11.891784,0
            -77.046435,-11.893249,0
            -77.047244,-11.894662,0
            -77.048044,-11.896102,0
            -77.048853,-11.897534,0
            -77.049644,-11.898965,0
            -77.050453,-11.900387,0
            -77.051244,-11.901809,0
            -77.052062,-11.90324,0
            -77.052853,-11.904672,0
            -77.053644,-11.906103,0
            -77.054453,-11.907525,0
            -77.055262,-11.908956,0
            -77.056053,-11.910388,0
            -77.056862,-11.91181,0
            -77.057662,-11.913232,0
            -77.058462,-11.914672,0
            -77.059262,-11.916094,0
            -77.060053,-11.917516,0
            -77.060853,-11.918939,0
            -77.061663,-11.92037,0
            -77.062454,-11.921801,0
            -77.063263,-11.923241,0
            -77.064063,-11.924663,0
            -77.064873,-11.926122,0
            -77.06583,-11.927669,0
            -77.067115,-11.928952,0
            -77.068692,-11.92988,0
            -77.070458,-11.930383,0
            -77.072249,-11.930586,0
            -77.072163,-11.931283,0
            -77.071976,-11.933264,0
            -77.071762,-11.935389,0
            -77.071567,-11.937451,0
            -77.071389,-11.939414,0
            -77.071218,-11.941051,0
            -77.070876,-11.943114,0
            -77.070688,-11.944815,0
            -77.070626,-11.946523,0
            -77.070463,-11.947961,0
            -77.070175,-11.949943,0
            -77.069967,-11.951598,0
            -77.069724,-11.95316,0
            -77.069563,-11.953915,0
            -77.069483,-11.954277,0
            -77.069377,-11.954893,0
            -77.06922,-11.955942,0
            -77.069071,-11.956856,0
            -77.068931,-11.957743,0
            -77.068827,-11.958629,0
            -77.06925,-11.958689,0
            -77.071061,-11.958992,0
            -77.072871,-11.95925,0
            -77.074544,-11.959509,0
            -77.075216,-11.959479,0
            -77.076304,-11.959225,0
            -77.077941,-11.958399,0
            -77.079403,-11.957611,0
            -77.080985,-11.956777,0
          </coordinates>
        </LineString>
        <LineString>
          <tessellate>1</tessellate>
          <coordinates>
            -77.08156,-11.956339,0
            -77.082445,-11.955664,0
            -77.083284,-11.95497,0
            -77.083733,-11.954841,0
            -77.084523,-11.954952,0
            -77.085169,-11.955336,0
          </coordinates>
        </LineString>
        <LineString>
          <tessellate>1</tessellate>
          <coordinates>
            -77.085037,-11.956178,0
            -77.084836,-11.957399,0
            -77.084705,-11.958367,0
          </coordinates>
        </LineString>
      </MultiGeometry>
    </Placemark>
    <Placemark>
      <name>L625_SUB</name>
      <description><![CDATA[FID   0    <br>   LINEA   L625    <br>   TIPO   LINEA ELECTRICA SUBTERRANEA    <br>   RECORRIDO   SET CAUDIVILLA - SET HUANDOY]]></description>
      <styleUrl>#line-FF0000-2000</styleUrl>
      <MultiGeometry>
        <LineString>
          <tessellate>1</tessellate>
          <coordinates>
            -77.087184,-11.958788,0
            -77.087175,-11.958849,0
            -77.086946,-11.958811,0
            -77.084813,-11.958501,0
            -77.084686,-11.958484,0
            -77.084705,-11.958367,0
          </coordinates>
        </LineString>
        <LineString>
          <tessellate>1</tessellate>
          <coordinates>
            -77.085037,-11.956178,0
            -77.085169,-11.955336,0
          </coordinates>
        </LineString>
        <LineString>
          <tessellate>1</tessellate>
          <coordinates>
            -77.08156,-11.956339,0
            -77.081472,-11.956287,0
            -77.081023,-11.95665,0
            -77.080956,-11.9567,0
            -77.080985,-11.956777,0
          </coordinates>
        </LineString>
      </MultiGeometry>
    </Placemark>
    <Placemark>
      <name>L6752_SUB</name>
      <description><![CDATA[FID   0    <br>   LINEA   L6752    <br>   TIPO   LINEA ELECTRICA SUBTERRANEA    <br>   RECORRIDO   SET CHAVARRIA - SET HUANDOY]]></description>
      <styleUrl>#line-FF0000-2000</styleUrl>
      <MultiGeometry>
        <LineString>
          <tessellate>1</tessellate>
          <coordinates>
            -77.081578,-11.956366,0
            -77.081475,-11.956307,0
            -77.081036,-11.956657,0
            -77.080979,-11.956708,0
            -77.081003,-11.956804,0
          </coordinates>
        </LineString>
        <LineString>
          <tessellate>1</tessellate>
          <coordinates>
            -77.08501,-11.956187,0
            -77.085141,-11.955345,0
          </coordinates>
        </LineString>
        <LineString>
          <tessellate>1</tessellate>
          <coordinates>
            -77.087262,-11.958561,0
            -77.08723,-11.958874,0
            -77.08481,-11.958519,0
            -77.084647,-11.958498,0
            -77.084669,-11.958377,0
          </coordinates>
        </LineString>
      </MultiGeometry>
    </Placemark>
    <Placemark>
      <name>L6752</name>
      <description><![CDATA[L6752    <br>       <br>   FID   0    <br>   LINEA   L6752    <br>   TIPO   LINEA ELECTRICA AEREA    <br>   RECORRIDO   SET CHAVARRIA - SET HUANDOY]]></description>
      <styleUrl>#line-005CE6-2000</styleUrl>
      <MultiGeometry>
        <LineString>
          <tessellate>1</tessellate>
          <coordinates>
            -77.081003,-11.956804,0
            -77.079403,-11.957611,0
            -77.077941,-11.958399,0
            -77.076304,-11.959225,0
            -77.075216,-11.959479,0
            -77.074544,-11.959509,0
            -77.072871,-11.95925,0
            -77.071061,-11.958992,0
            -77.06925,-11.958717,0
            -77.068818,-11.958656,0
            -77.068607,-11.959824,0
            -77.06845,-11.960855,0
            -77.068292,-11.961887,0
            -77.068135,-11.962909,0
            -77.067977,-11.963932,0
            -77.067714,-11.965542,0
            -77.067529,-11.966885,0
            -77.067408,-11.967533,0
            -77.067312,-11.968157,0
            -77.067138,-11.969442,0
            -77.067095,-11.96984,0
            -77.066892,-11.970917,0
            -77.066725,-11.971922,0
            -77.066451,-11.973324,0
            -77.066226,-11.975025,0
            -77.065809,-11.976935,0
            -77.065643,-11.978057,0
            -77.0655,-11.979821,0
            -77.065254,-11.981187,0
            -77.065069,-11.982246,0
            -77.064952,-11.983648,0
            -77.064688,-11.985304,0
            -77.064461,-11.986788,0
            -77.064224,-11.988308,0
            -77.064002,-11.989295,0
            -77.063893,-11.990633,0
            -77.063843,-11.991329,0
            -77.06356,-11.992669,0
            -77.063271,-11.994533,0
            -77.063018,-11.996243,0
            -77.063979,-11.997122,0
            -77.064329,-11.997246,0
            -77.064734,-11.997369,0
            -77.065313,-11.99863,0
            -77.066018,-11.998471,0
            -77.065693,-11.998366,0
          </coordinates>
        </LineString>
        <LineString>
          <tessellate>1</tessellate>
          <coordinates>
            -77.085141,-11.955345,0
            -77.084523,-11.954952,0
            -77.083733,-11.954841,0
            -77.083284,-11.95497,0
            -77.082445,-11.955664,0
            -77.081578,-11.956366,0
          </coordinates>
        </LineString>
        <LineString>
          <tessellate>1</tessellate>
          <coordinates>
            -77.084669,-11.958377,0
            -77.084836,-11.957399,0
            -77.08501,-11.956187,0
          </coordinates>
        </LineString>
      </MultiGeometry>
    </Placemark>
    <Placemark>
      <name>L6351_SUB</name>
      <description><![CDATA[FID   0    <br>   LINEA   L6351    <br>   TIPO   LINEA ELECTRICA SUBTERRANEA    <br>   RECORRIDO   SET CAUDIVILLA - SET COMAS]]></description>
      <styleUrl>#line-FF0000-2000</styleUrl>
      <LineString>
        <tessellate>1</tessellate>
        <coordinates>
          -77.058918,-11.91541,0
          -77.058955,-11.915376,0
          -77.058862,-11.915232,0
          -77.058841,-11.915201,0
          -77.059377,-11.91484,0
          -77.059678,-11.914663,0
          -77.059814,-11.91458,0
          -77.059952,-11.914504,0
          -77.061066,-11.913813,0
          -77.061213,-11.913726,0
          -77.061548,-11.913521,0
          -77.061868,-11.91331,0
          -77.061993,-11.913236,0
          -77.062106,-11.913405,0
        </coordinates>
      </LineString>
    </Placemark>
    <Placemark>
      <name>L6351</name>
      <description><![CDATA[L6351    <br>       <br>   FID   0    <br>   LINEA   L6351    <br>   TIPO   LINEA ELECTRICA AEREA    <br>   RECORRIDO   SET CAUDIVILLA - SET COMAS]]></description>
      <styleUrl>#line-005CE6-2000</styleUrl>
      <LineString>
        <tessellate>1</tessellate>
        <coordinates>
          -77.058918,-11.91541,0
          -77.058462,-11.914672,0
          -77.057662,-11.913232,0
          -77.056862,-11.91181,0
          -77.056071,-11.910378,0
          -77.055262,-11.908956,0
          -77.054453,-11.907525,0
          -77.053644,-11.906103,0
          -77.052853,-11.904672,0
          -77.052062,-11.90324,0
          -77.051244,-11.901809,0
          -77.050453,-11.900387,0
          -77.049644,-11.898965,0
          -77.048853,-11.897534,0
          -77.048062,-11.896084,0
          -77.047244,-11.894662,0
          -77.046435,-11.893249,0
          -77.045341,-11.891784,0
          -77.044304,-11.890544,0
          -77.043159,-11.890814,0
          -77.042069,-11.89103,0
          -77.042108,-11.891464,0
        </coordinates>
      </LineString>
    </Placemark>
    <Placemark>
      <name>L626_SUB</name>
      <description><![CDATA[FID   0    <br>   LINEA   L626    <br>   TIPO   LINEA ELECTRICA SUBTERRANEA    <br>   RECORRIDO   SET CHAVARRIA - SET T-VALLE]]></description>
      <styleUrl>#line-FF0000-2000</styleUrl>
      <MultiGeometry>
        <LineString>
          <tessellate>1</tessellate>
          <coordinates>
            -77.066014,-12.005096,0
            -77.065974,-12.005084,0
            -77.065986,-12.00498,0
            -77.066378,-12.002572,0
            -77.066412,-12.00225,0
            -77.06638,-12.002191,0
            -77.066346,-12.002109,0
            -77.065947,-12.001144,0
            -77.06572,-12.000593,0
            -77.06561,-12.000314,0
            -77.065577,-12.000123,0
            -77.065548,-11.999989,0
            -77.065515,-11.99989,0
            -77.065482,-11.999791,0
            -77.06512,-11.998762,0
            -77.065756,-11.99854,0
            -77.065693,-11.998366,0
          </coordinates>
        </LineString>
        <LineString>
          <tessellate>1</tessellate>
          <coordinates>
            -77.082037,-12.006613,0
            -77.08295,-12.006622,0
            -77.083872,-12.006901,0
            -77.085385,-12.007755,0
            -77.086896,-12.008962,0
            -77.087799,-12.009761,0
          </coordinates>
        </LineString>
      </MultiGeometry>
    </Placemark>
    <Placemark>
      <name>L626</name>
      <description><![CDATA[L626    <br>       <br>   FID   0    <br>   LINEA   L626    <br>   TIPO   LINEA ELECTRICA AEREA    <br>   RECORRIDO   SET CHAVARRIA - SET T-VALLE]]></description>
      <styleUrl>#line-005CE6-2000</styleUrl>
      <MultiGeometry>
        <LineString>
          <tessellate>1</tessellate>
          <coordinates>
            -77.09748,-12.014469,0
            -77.096988,-12.014292,0
            -77.096698,-12.014882,0
            -77.095477,-12.013617,0
            -77.09368,-12.012735,0
            -77.091902,-12.012035,0
            -77.090238,-12.01174,0
            -77.089185,-12.010916,0
            -77.087799,-12.009761,0
          </coordinates>
        </LineString>
        <LineString>
          <tessellate>1</tessellate>
          <coordinates>
            -77.082037,-12.006613,0
            -77.08054,-12.006525,0
            -77.078749,-12.006421,0
            -77.076994,-12.006325,0
            -77.07525,-12.006384,0
            -77.073459,-12.006243,0
            -77.071805,-12.005984,0
            -77.069939,-12.0057,0
            -77.067972,-12.00538,0
            -77.066014,-12.005096,0
          </coordinates>
        </LineString>
      </MultiGeometry>
    </Placemark>
    <Placemark>
      <name>L6350_SUB</name>
      <description><![CDATA[FID   0    <br>   LINEA   L6350    <br>   TIPO   LINEA ELECTRICA SUBTERRANEA    <br>   RECORRIDO   SET COMAS - SET HUARANGAL]]></description>
      <styleUrl>#line-FF0000-2000</styleUrl>
      <MultiGeometry>
        <LineString>
          <tessellate>1</tessellate>
          <coordinates>
            -77.058065,-11.915497,0
            -77.05806,-11.915474,0
            -77.058109,-11.915361,0
            -77.058165,-11.915219,0
            -77.058209,-11.915132,0
            -77.058274,-11.915056,0
            -77.05835,-11.914999,0
            -77.058525,-11.914879,0
            -77.058641,-11.914817,0
            -77.058839,-11.915161,0
            -77.059043,-11.915048,0
            -77.059369,-11.914828,0
            -77.059671,-11.914651,0
            -77.059808,-11.914569,0
            -77.059945,-11.914493,0
            -77.061059,-11.913801,0
            -77.061206,-11.913714,0
            -77.061541,-11.913509,0
            -77.062044,-11.91319,0
            -77.06218,-11.913359,0
          </coordinates>
        </LineString>
        <LineString>
          <tessellate>1</tessellate>
          <coordinates>
            -77.052143,-11.909572,0
            -77.052048,-11.909501,0
            -77.051876,-11.909343,0
            -77.05093,-11.90824,0
            -77.050663,-11.90794,0
            -77.050369,-11.907699,0
            -77.049415,-11.906599,0
            -77.048817,-11.90594,0
            -77.047539,-11.904558,0
            -77.047355,-11.904317,0
            -77.046871,-11.903825,0
            -77.045292,-11.902061,0
            -77.045297,-11.90204,0
            -77.045252,-11.902006,0
          </coordinates>
        </LineString>
        <LineString>
          <tessellate>1</tessellate>
          <coordinates>
            -77.030267,-11.868942,0
            -77.03031,-11.868861,0
            -77.030526,-11.868227,0
            -77.030596,-11.86769,0
            -77.030627,-11.867243,0
            -77.030657,-11.867193,0
            -77.030849,-11.866135,0
            -77.030975,-11.865516,0
          </coordinates>
        </LineString>
        <LineString>
          <tessellate>1</tessellate>
          <coordinates>
            -77.031751,-11.862255,0
            -77.031797,-11.862141,0
            -77.031818,-11.862072,0
            -77.032015,-11.861311,0
            -77.03223,-11.860324,0
            -77.032492,-11.859292,0
            -77.032531,-11.859237,0
            -77.03307,-11.858292,0
            -77.033589,-11.857302,0
            -77.033666,-11.857133,0
            -77.03387,-11.856716,0
            -77.033923,-11.856691,0
            -77.033949,-11.856671,0
          </coordinates>
        </LineString>
        <LineString>
          <tessellate>1</tessellate>
          <coordinates>
            -77.047915,-11.826361,0
            -77.047957,-11.82621,0
            -77.048871,-11.826327,0
            -77.048558,-11.829076,0
            -77.048534,-11.829428,0
            -77.048456,-11.829963,0
            -77.047915,-11.830117,0
            -77.047469,-11.83021,0
            -77.04714,-11.830269,0
            -77.046524,-11.830375,0
            -77.045631,-11.830598,0
            -77.045266,-11.830637,0
            -77.04478,-11.83069,0
            -77.04493,-11.830834,0
            -77.045382,-11.831152,0
            -77.046138,-11.831688,0
            -77.046448,-11.831901,0
            -77.04665,-11.832057,0
            -77.04686,-11.8322,0
            -77.046904,-11.832239,0
            -77.046968,-11.832295,0
            -77.047024,-11.832336,0
            -77.047086,-11.832397,0
            -77.047142,-11.83255,0
            -77.047178,-11.832624,0
            -77.047232,-11.832698,0
            -77.04738,-11.832917,0
            -77.047551,-11.833226,0
            -77.047859,-11.833739,0
            -77.047917,-11.833851,0
            -77.048108,-11.834222,0
            -77.048668,-11.83532,0
            -77.048756,-11.835477,0
            -77.046769,-11.835689,0
            -77.046431,-11.835867,0
            -77.046334,-11.835927,0
            -77.044408,-11.837121,0
            -77.044897,-11.83788,0
            -77.045947,-11.839503,0
            -77.046538,-11.840416,0
            -77.046719,-11.840697,0
            -77.045691,-11.841224,0
            -77.045283,-11.841433,0
            -77.045038,-11.841559,0
            -77.044945,-11.841607,0
            -77.044416,-11.841877,0
            -77.044316,-11.841935,0
            -77.044176,-11.842035,0
            -77.04406,-11.842131,0
            -77.043465,-11.842624,0
            -77.043382,-11.842699,0
            -77.043129,-11.842944,0
            -77.042937,-11.843124,0
            -77.04278,-11.843285,0
            -77.042733,-11.843348,0
            -77.041649,-11.844765,0
            -77.041588,-11.844893,0
            -77.041565,-11.845019,0
            -77.041561,-11.845207,0
            -77.04161,-11.845383,0
            -77.041597,-11.845446,0
            -77.04144,-11.845625,0
            -77.039417,-11.847162,0
            -77.038865,-11.847625,0
            -77.037942,-11.848186,0
            -77.036641,-11.849179,0
            -77.03646,-11.849338,0
            -77.036287,-11.849453,0
            -77.035704,-11.849921,0
            -77.035082,-11.85042,0
            -77.034914,-11.850528,0
            -77.034557,-11.850805,0
            -77.034417,-11.850936,0
            -77.034221,-11.85116,0
            -77.034044,-11.851391,0
            -77.033912,-11.851611,0
            -77.033773,-11.851864,0
            -77.033772,-11.851889,0
            -77.033736,-11.852113,0
            -77.035928,-11.853578,0
            -77.036544,-11.853967,0
            -77.037089,-11.854307,0
            -77.03696,-11.854435,0
          </coordinates>
        </LineString>
      </MultiGeometry>
    </Placemark>
    <Placemark>
      <name>L6350</name>
      <description><![CDATA[L6350    <br>       <br>   FID   0    <br>   LINEA   L6350    <br>   TIPO   LINEA ELECTRICA AEREA    <br>   RECORRIDO   SET COMAS - SET HUARANGAL]]></description>
      <styleUrl>#line-005CE6-2000</styleUrl>
      <MultiGeometry>
        <LineString>
          <tessellate>1</tessellate>
          <coordinates>
            -77.030267,-11.868942,0
            -77.030028,-11.86976,0
            -77.029699,-11.870525,0
            -77.029216,-11.871456,0
            -77.028678,-11.872479,0
            -77.02921,-11.872889,0
            -77.029721,-11.873479,0
            -77.030456,-11.874322,0
            -77.03118,-11.875157,0
            -77.031831,-11.875906,0
            -77.032149,-11.876297,0
            -77.031488,-11.876868,0
            -77.030855,-11.877398,0
            -77.030106,-11.878011,0
            -77.030695,-11.878657,0
            -77.03128,-11.879316,0
            -77.031922,-11.880083,0
            -77.032365,-11.880643,0
            -77.032861,-11.881627,0
            -77.033284,-11.882489,0
            -77.033801,-11.883476,0
            -77.034296,-11.884421,0
            -77.034727,-11.885238,0
            -77.035234,-11.886201,0
            -77.035737,-11.887157,0
            -77.036237,-11.888081,0
            -77.036689,-11.888961,0
            -77.037113,-11.889764,0
            -77.037539,-11.89057,0
            -77.037965,-11.891376,0
            -77.038392,-11.891887,0
            -77.039141,-11.892742,0
            -77.039584,-11.893247,0
            -77.040408,-11.8937,0
            -77.041451,-11.894097,0
            -77.042483,-11.894748,0
            -77.042913,-11.895417,0
            -77.043271,-11.89601,0
            -77.043368,-11.896647,0
            -77.043495,-11.897681,0
            -77.043257,-11.898451,0
            -77.043056,-11.899053,0
            -77.042718,-11.899413,0
            -77.043152,-11.899726,0
            -77.043834,-11.90046,0
            -77.044474,-11.901154,0
            -77.045252,-11.902006,0
          </coordinates>
        </LineString>
        <LineString>
          <tessellate>1</tessellate>
          <coordinates>
            -77.03696,-11.854435,0
            -77.03625,-11.855181,0
            -77.035275,-11.856083,0
            -77.034627,-11.856567,0
            -77.033949,-11.856671,0
          </coordinates>
        </LineString>
        <LineString>
          <tessellate>1</tessellate>
          <coordinates>
            -77.031751,-11.862255,0
            -77.031345,-11.863905,0
            -77.030975,-11.865516,0
          </coordinates>
        </LineString>
        <LineString>
          <tessellate>1</tessellate>
          <coordinates>
            -77.052143,-11.909572,0
            -77.052737,-11.910013,0
            -77.053512,-11.910578,0
            -77.054051,-11.910995,0
            -77.054264,-11.911372,0
            -77.054813,-11.912346,0
            -77.0553,-11.913217,0
            -77.055831,-11.914167,0
            -77.056449,-11.915271,0
            -77.057041,-11.916011,0
            -77.058065,-11.915497,0
          </coordinates>
        </LineString>
      </MultiGeometry>
    </Placemark>
    <Placemark>
      <name>L6361</name>
      <description><![CDATA[L6361    <br>       <br>   FID   0    <br>   LINEA   L6361    <br>   TIPO   LINEA ELECTRICA AEREA    <br>   RECORRIDO   SET CHAVARRIA - SET FILADELFIA]]></description>
      <styleUrl>#line-005CE6-2000</styleUrl>
      <LineString>
        <tessellate>1</tessellate>
        <coordinates>
          -77.069504,-11.984047,0
          -77.068012,-11.984168,0
          -77.066324,-11.984316,0
          -77.064915,-11.983711,0
          -77.064688,-11.985304,0
          -77.064461,-11.986788,0
          -77.064224,-11.988317,0
          -77.064012,-11.989304,0
          -77.063893,-11.990633,0
          -77.063816,-11.991339,0
          -77.063551,-11.992687,0
          -77.063271,-11.994533,0
          -77.06299,-11.996261,0
          -77.064025,-11.997121,0
          -77.064329,-11.997246,0
          -77.064734,-11.997378,0
          -77.065334,-11.998546,0
          -77.065995,-11.99841,0
          -77.066007,-11.998264,0
        </coordinates>
      </LineString>
    </Placemark>
    <Placemark>
      <name>L6361_SUB</name>
      <description><![CDATA[FID   0    <br>   LINEA   L6361    <br>   TIPO   LINEA ELECTRICA SUBTERRANEA    <br>   RECORRIDO   SET CHAVARRIA - SET FILADELFIA]]></description>
      <styleUrl>#line-FF0000-2000</styleUrl>
      <LineString>
        <tessellate>1</tessellate>
        <coordinates>
          -77.069504,-11.984047,0
          -77.069681,-11.984005,0
          -77.071535,-11.983841,0
          -77.071439,-11.983834,0
          -77.071513,-11.983828,0
          -77.07156,-11.983832,0
          -77.073212,-11.983674,0
          -77.073258,-11.983661,0
          -77.073299,-11.983656,0
          -77.073344,-11.983662,0
          -77.073863,-11.983614,0
          -77.073903,-11.983599,0
          -77.073946,-11.983596,0
          -77.073971,-11.983604,0
          -77.074085,-11.983592,0
          -77.074507,-11.983557,0
          -77.074535,-11.983541,0
          -77.074589,-11.983535,0
          -77.074629,-11.98354,0
          -77.074924,-11.983511,0
          -77.074962,-11.9835,0
          -77.07525,-11.983471,0
          -77.075301,-11.983479,0
          -77.07572,-11.983439,0
          -77.075791,-11.983416,0
          -77.075914,-11.983404,0
          -77.075981,-11.983414,0
          -77.077744,-11.983251,0
          -77.07785,-11.983256,0
          -77.078057,-11.983235,0
          -77.078737,-11.983173,0
          -77.078896,-11.983164,0
          -77.079188,-11.983188,0
          -77.079659,-11.983134,0
          -77.080132,-11.983081,0
          -77.080175,-11.983064,0
          -77.082493,-11.982842,0
          -77.083297,-11.982766,0
          -77.085638,-11.98254,0
          -77.086046,-11.982526,0
          -77.086516,-11.982564,0
          -77.087895,-11.98244,0
          -77.088494,-11.982381,0
          -77.088793,-11.982354,0
          -77.09046,-11.982193,0
          -77.090682,-11.982171,0
          -77.091667,-11.982078,0
          -77.091742,-11.982064,0
          -77.092552,-11.981986,0
          -77.094483,-11.981799,0
          -77.094677,-11.981803,0
          -77.096282,-11.981636,0
          -77.096713,-11.981891,0
          -77.096814,-11.981951,0
          -77.096765,-11.982007,0
        </coordinates>
      </LineString>
    </Placemark>
    <Placemark>
      <name>L6363</name>
      <description><![CDATA[L6363    <br>       <br>   FID   0    <br>   Id   0    <br>   LINEA   L6363    <br>   TIPO   LINEA ELECTRICA AEREA    <br>   RECORRIDO   SET FILADELFIA - SET T-VALLE]]></description>
      <styleUrl>#line-005CE6-2000</styleUrl>
      <LineString>
        <tessellate>1</tessellate>
        <coordinates>
          -77.096732,-11.982004,0
          -77.096893,-11.981865,0
          -77.097972,-11.982562,0
          -77.09922,-11.983682,0
          -77.100616,-11.984928,0
          -77.102021,-11.986192,0
          -77.103094,-11.987142,0
          -77.104184,-11.988128,0
          -77.105025,-11.988808,0
        </coordinates>
      </LineString>
    </Placemark>
    <Placemark>
      <name>L6363_SUB</name>
      <description><![CDATA[FID   0    <br>   LINEA   L6363    <br>   TIPO   LINEA ELECTRICA SUBTERRANEA    <br>   RECORRIDO   SET FILADELFIA - SET T-VALLE]]></description>
      <styleUrl>#line-E60000-2000</styleUrl>
      <LineString>
        <tessellate>1</tessellate>
        <coordinates>
          -77.09709,-12.014436,0
          -77.096936,-12.014364,0
          -77.100406,-12.007369,0
          -77.100486,-12.007163,0
          -77.09922,-12.006558,0
          -77.09908,-12.006262,0
          -77.099042,-12.006145,0
          -77.099058,-12.006019,0
          -77.099311,-12.005542,0
          -77.100267,-12.003641,0
          -77.100283,-12.003502,0
          -77.100334,-12.003354,0
          -77.10045,-12.003127,0
          -77.100563,-12.00305,0
          -77.101261,-12.00148,0
          -77.101864,-12.000193,0
          -77.102155,-11.999675,0
          -77.102492,-11.999137,0
          -77.102633,-11.99881,0
          -77.102842,-11.998395,0
          -77.103715,-11.996581,0
          -77.103927,-11.99614,0
          -77.104005,-11.995981,0
          -77.104054,-11.995906,0
          -77.104158,-11.995781,0
          -77.104465,-11.995471,0
          -77.104764,-11.995167,0
          -77.104796,-11.995119,0
          -77.104827,-11.995051,0
          -77.104842,-11.995007,0
          -77.104854,-11.99496,0
          -77.104862,-11.994914,0
          -77.104866,-11.994865,0
          -77.104873,-11.994691,0
          -77.104873,-11.994538,0
          -77.104889,-11.994382,0
          -77.104921,-11.994229,0
          -77.104943,-11.994162,0
          -77.104969,-11.99408,0
          -77.105032,-11.993938,0
          -77.106016,-11.991796,0
          -77.106104,-11.991718,0
          -77.106233,-11.991474,0
          -77.106713,-11.990967,0
          -77.106893,-11.990459,0
          -77.106229,-11.989753,0
          -77.105584,-11.989188,0
          -77.105025,-11.988808,0
        </coordinates>
      </LineString>
    </Placemark>
    <Placemark>
      <name>L6555</name>
      <description><![CDATA[L6555    <br>       <br>   FID   0    <br>   LINEA   L6555    <br>   TIPO   LINEA ELECTRICA AEREA    <br>   RECORRIDO   SET CHILLON - SET INFANTAS]]></description>
      <styleUrl>#line-005CE6-2000</styleUrl>
      <MultiGeometry>
        <LineString>
          <tessellate>1</tessellate>
          <coordinates>
            -77.09388,-11.946641,0
            -77.094674,-11.945494,0
            -77.094977,-11.945119,0
            -77.096995,-11.94433,0
            -77.097911,-11.943287,0
            -77.10224,-11.938028,0
            -77.104158,-11.935626,0
            -77.104949,-11.932853,0
            -77.106616,-11.927003,0
            -77.111874,-11.927502,0
            -77.112533,-11.928337,0
            -77.112871,-11.929438,0
          </coordinates>
        </LineString>
        <LineString>
          <tessellate>1</tessellate>
          <coordinates>
            -77.0656,-11.945548,0
            -77.066012,-11.945662,0
          </coordinates>
        </LineString>
        <LineString>
          <tessellate>1</tessellate>
          <coordinates>
            -77.070338,-11.945306,0
            -77.071834,-11.946017,0
            -77.073637,-11.9466,0
            -77.075193,-11.947113,0
            -77.076729,-11.947599,0
            -77.077271,-11.947658,0
            -77.078938,-11.948333,0
            -77.080769,-11.948943,0
            -77.082296,-11.949447,0
            -77.084054,-11.950012,0
            -77.084824,-11.949916,0
            -77.085354,-11.949578,0
            -77.085541,-11.948835,0
            -77.08574,-11.947207,0
            -77.085484,-11.94616,0
          </coordinates>
        </LineString>
      </MultiGeometry>
    </Placemark>
    <Placemark>
      <name>L6555_SUB</name>
      <description><![CDATA[FID   0    <br>   LINEA   L6555    <br>   TIPO   LINEA ELECTRICA SUBTERRANEA    <br>   RECORRIDO   SET CHILLON - SET INFANTAS]]></description>
      <styleUrl>#line-FF0000-2000</styleUrl>
      <MultiGeometry>
        <LineString>
          <tessellate>1</tessellate>
          <coordinates>
            -77.112871,-11.929438,0
            -77.112973,-11.929651,0
            -77.113429,-11.930406,0
            -77.113485,-11.930467,0
            -77.114776,-11.932309,0
            -77.116305,-11.931179,0
            -77.11701,-11.930701,0
            -77.117463,-11.931229,0
            -77.117023,-11.931614,0
          </coordinates>
        </LineString>
        <LineString>
          <tessellate>1</tessellate>
          <coordinates>
            -77.085484,-11.94616,0
            -77.0855,-11.946117,0
            -77.085938,-11.945907,0
            -77.086252,-11.945701,0
            -77.087385,-11.945346,0
            -77.087581,-11.945256,0
            -77.087749,-11.945131,0
            -77.089273,-11.943459,0
            -77.089438,-11.943364,0
            -77.091691,-11.945366,0
            -77.093425,-11.946926,0
            -77.09388,-11.946641,0
          </coordinates>
        </LineString>
        <LineString>
          <tessellate>1</tessellate>
          <coordinates>
            -77.066012,-11.945662,0
            -77.066602,-11.945464,0
            -77.066719,-11.944871,0
            -77.066778,-11.944816,0
            -77.070121,-11.945446,0
            -77.070338,-11.945306,0
          </coordinates>
        </LineString>
      </MultiGeometry>
    </Placemark>
    <Placemark>
      <name>L684_SUB</name>
      <description><![CDATA[FID   0    <br>   LINEA   L684    <br>   TIPO   LINEA ELECTRICA SUBTERRANEA    <br>   RECORRIDO   SET CHILLON - SET NARANJAL]]></description>
      <styleUrl>#line-FF0000-2000</styleUrl>
      <MultiGeometry>
        <LineString>
          <tessellate>1</tessellate>
          <coordinates>
            -77.11278,-11.929453,0
            -77.112793,-11.929512,0
            -77.112853,-11.92961,0
            -77.113415,-11.930418,0
            -77.11347,-11.930478,0
            -77.11403,-11.931268,0
            -77.114772,-11.932334,0
            -77.116315,-11.931194,0
            -77.117006,-11.930725,0
            -77.117434,-11.931223,0
            -77.117023,-11.931614,0
          </coordinates>
        </LineString>
        <LineString>
          <tessellate>1</tessellate>
          <coordinates>
            -77.085484,-11.94616,0
            -77.085521,-11.946125,0
            -77.085956,-11.945929,0
            -77.086265,-11.945728,0
            -77.087395,-11.945371,0
            -77.087594,-11.94528,0
            -77.087766,-11.945149,0
            -77.089296,-11.943473,0
            -77.089429,-11.943427,0
            -77.091547,-11.945383,0
            -77.092817,-11.946482,0
            -77.09311,-11.946751,0
            -77.093336,-11.946968,0
            -77.093467,-11.947215,0
            -77.093524,-11.947379,0
            -77.093535,-11.947422,0
            -77.093577,-11.947639,0
            -77.093921,-11.947544,0
          </coordinates>
        </LineString>
        <LineString>
          <tessellate>1</tessellate>
          <coordinates>
            -77.066569,-11.962252,0
            -77.069418,-11.962708,0
            -77.07078,-11.963267,0
          </coordinates>
        </LineString>
      </MultiGeometry>
    </Placemark>
    <Placemark>
      <name>L684</name>
      <description><![CDATA[L684    <br>       <br>   FID   0    <br>   LINEA   L684    <br>   TIPO   LINEA ELECTRICA AEREA    <br>   RECORRIDO   SET CHILLON - SET NARANJAL]]></description>
      <styleUrl>#line-005CE6-2000</styleUrl>
      <MultiGeometry>
        <LineString>
          <tessellate>1</tessellate>
          <coordinates>
            -77.093921,-11.947544,0
            -77.094787,-11.945612,0
            -77.094977,-11.945119,0
            -77.096995,-11.94433,0
            -77.097911,-11.943287,0
            -77.10224,-11.938028,0
            -77.104158,-11.935626,0
            -77.104949,-11.932853,0
            -77.106616,-11.927003,0
            -77.111874,-11.927502,0
            -77.112533,-11.928337,0
            -77.11278,-11.929453,0
          </coordinates>
        </LineString>
        <LineString>
          <tessellate>1</tessellate>
          <coordinates>
            -77.062999,-11.970119,0
            -77.063073,-11.969617,0
            -77.061795,-11.969409,0
            -77.062203,-11.967535,0
            -77.062666,-11.965634,0
            -77.062989,-11.963933,0
            -77.063419,-11.962067,0
            -77.063766,-11.961794,0
            -77.065365,-11.962026,0
            -77.066569,-11.962252,0
          </coordinates>
        </LineString>
        <LineString>
          <tessellate>1</tessellate>
          <coordinates>
            -77.07078,-11.963267,0
            -77.071454,-11.96368,0
            -77.07234,-11.964243,0
            -77.073736,-11.96557,0
            -77.074503,-11.965095,0
            -77.075803,-11.964522,0
            -77.077294,-11.963872,0
            -77.077393,-11.963645,0
            -77.076786,-11.962231,0
            -77.076272,-11.961024,0
            -77.075994,-11.959507,0
            -77.075845,-11.958053,0
            -77.075699,-11.956437,0
            -77.07594,-11.954826,0
            -77.076185,-11.953224,0
            -77.076456,-11.951442,0
            -77.076735,-11.949605,0
            -77.077016,-11.947877,0
            -77.077271,-11.947685,0
            -77.078938,-11.948333,0
            -77.080769,-11.948943,0
            -77.082296,-11.949447,0
            -77.084054,-11.950012,0
            -77.084824,-11.949916,0
            -77.085354,-11.949578,0
            -77.085541,-11.948835,0
            -77.08574,-11.947207,0
            -77.085484,-11.94616,0
          </coordinates>
        </LineString>
      </MultiGeometry>
    </Placemark>
    <Placemark>
      <name>L653</name>
      <description><![CDATA[L653    <br>       <br>   FID   0    <br>   LINEA   L653    <br>   TIPO   LINEA ELECTRICA AEREA    <br>   RECORRIDO   SET CHILLON - SET OQUENDO]]></description>
      <styleUrl>#line-005CE6-2000</styleUrl>
      <MultiGeometry>
        <LineString>
          <tessellate>1</tessellate>
          <coordinates>
            -77.125624,-11.977257,0
            -77.125379,-11.977249,0
            -77.12502,-11.97718,0
            -77.125006,-11.975399,0
            -77.125046,-11.973429,0
            -77.1251,-11.972199,0
            -77.12529,-11.970679,0
            -77.125509,-11.969241,0
            -77.125729,-11.968082,0
            -77.12605,-11.966806,0
            -77.126361,-11.965529,0
            -77.126863,-11.964007,0
            -77.127509,-11.962077,0
            -77.128136,-11.960156,0
            -77.128773,-11.958208,0
            -77.129419,-11.956278,0
            -77.130064,-11.954357,0
            -77.130701,-11.952437,0
            -77.130979,-11.951567,0
            -77.13131,-11.950534,0
            -77.131765,-11.948859,0
            -77.131746,-11.947593,0
            -77.131614,-11.945977,0
            -77.131481,-11.944243,0
            -77.131375,-11.942418,0
            -77.131235,-11.940937,0
            -77.131122,-11.939311,0
            -77.130955,-11.937983,0
            -77.130789,-11.936728,0
          </coordinates>
        </LineString>
        <LineString>
          <tessellate>1</tessellate>
          <coordinates>
            -77.130761,-11.9355,0
            -77.130697,-11.93428,0
            -77.130614,-11.93307,0
            -77.130493,-11.931633,0
            -77.130335,-11.930234,0
            -77.13016,-11.928943,0
            -77.130012,-11.927615,0
            -77.129865,-11.926505,0
            -77.128252,-11.926716,0
            -77.124767,-11.927104,0
            -77.121817,-11.92765,0
            -77.121085,-11.9293,0
            -77.120337,-11.931087,0
            -77.119383,-11.932251,0
            -77.118195,-11.931826,0
            -77.117595,-11.931315,0
            -77.117299,-11.931458,0
          </coordinates>
        </LineString>
      </MultiGeometry>
    </Placemark>
    <Placemark>
      <name>L653_SUB</name>
      <description><![CDATA[L653    <br>       <br>   FID   0    <br>   LINEA   L653    <br>   TIPO   LINEA ELECTRICA SUBTERRANEA    <br>   RECORRIDO   SET CHILLON - SET OQUENDO]]></description>
      <styleUrl>#line-E60000-2000</styleUrl>
      <LineString>
        <tessellate>1</tessellate>
        <coordinates>
          -77.130789,-11.936728,0
          -77.130761,-11.9355,0
        </coordinates>
      </LineString>
    </Placemark>
    <Placemark>
      <name>L6558</name>
      <description><![CDATA[L6558    <br>       <br>   FID   0    <br>   LINEA   L6558    <br>   TIPO   LINEA ELECTRICA AEREA    <br>   RECORRIDO   SET CHILLON - SET OQUENDO]]></description>
      <styleUrl>#line-0070FF-2000</styleUrl>
      <MultiGeometry>
        <LineString>
          <tessellate>1</tessellate>
          <coordinates>
            -77.12562,-11.977227,0
            -77.125396,-11.977168,0
            -77.125066,-11.977161,0
            -77.125006,-11.975399,0
            -77.125046,-11.973429,0
            -77.1251,-11.972199,0
            -77.12529,-11.970679,0
            -77.125509,-11.969241,0
            -77.125729,-11.968082,0
            -77.126082,-11.966894,0
            -77.126361,-11.965529,0
            -77.126863,-11.964007,0
            -77.127509,-11.962077,0
            -77.128136,-11.960156,0
            -77.128773,-11.958208,0
            -77.129419,-11.956278,0
            -77.130064,-11.954357,0
            -77.130701,-11.952437,0
            -77.130979,-11.951567,0
            -77.13131,-11.950534,0
            -77.131765,-11.948859,0
            -77.131746,-11.947593,0
            -77.131642,-11.945986,0
            -77.131481,-11.944243,0
            -77.131375,-11.942418,0
            -77.131263,-11.940945,0
            -77.131122,-11.939311,0
            -77.130955,-11.937983,0
            -77.130789,-11.936728,0
          </coordinates>
        </LineString>
        <LineString>
          <tessellate>1</tessellate>
          <coordinates>
            -77.130798,-11.935499,0
            -77.130697,-11.93428,0
            -77.130614,-11.93307,0
            -77.130493,-11.931633,0
            -77.130335,-11.930234,0
            -77.13016,-11.928943,0
            -77.130012,-11.927615,0
            -77.129883,-11.926405,0
            -77.128251,-11.926671,0
            -77.124767,-11.927104,0
            -77.121566,-11.927336,0
            -77.119725,-11.930187,0
            -77.119008,-11.931332,0
            -77.118101,-11.931456,0
            -77.117511,-11.931153,0
            -77.117246,-11.931375,0
          </coordinates>
        </LineString>
      </MultiGeometry>
    </Placemark>
    <Placemark>
      <name>L6558</name>
      <description><![CDATA[L6558    <br>       <br>   FID   0    <br>   LINEA   L6558    <br>   TIPO   LINEA ELECTRICA SUBTERRANEA    <br>   RECORRIDO   SET CHILLON - SET OQUENDO]]></description>
      <styleUrl>#line-E60000-2000</styleUrl>
      <LineString>
        <tessellate>1</tessellate>
        <coordinates>
          -77.130789,-11.936728,0
          -77.130798,-11.935499,0
        </coordinates>
      </LineString>
    </Placemark>
    <Placemark>
      <name>L6738</name>
      <description><![CDATA[L6738    <br>       <br>   FID   0    <br>   LINEA   L6738    <br>   TIPO   LINEA ELECTRICA AEREA    <br>   RECORRIDO   SET STA. ROSA_A - SET ZARATE]]></description>
      <styleUrl>#line-005CE6-2000</styleUrl>
      <MultiGeometry>
        <LineString>
          <tessellate>1</tessellate>
          <coordinates>
            -77.010644,-12.041092,0
            -77.010769,-12.04118,0
          </coordinates>
        </LineString>
        <LineString>
          <tessellate>1</tessellate>
          <coordinates>
            -77.011698,-12.032119,0
            -77.011551,-12.033394,0
          </coordinates>
        </LineString>
      </MultiGeometry>
    </Placemark>
    <Placemark>
      <name>L6738_SUB</name>
      <description><![CDATA[FID   0    <br>   LINEA   L6738    <br>   TIPO   LINEA ELECTRICA SUBTERRANEA    <br>   RECORRIDO   SET STA. ROSA_A - SET ZARATE]]></description>
      <styleUrl>#line-FF0000-2000</styleUrl>
      <MultiGeometry>
        <LineString>
          <tessellate>1</tessellate>
          <coordinates>
            -77.010644,-12.041092,0
            -77.01091,-12.040855,0
            -77.010756,-12.040669,0
            -77.010656,-12.040534,0
            -77.010561,-12.04036,0
            -77.010394,-12.040295,0
            -77.010251,-12.040289,0
            -77.01016,-12.040241,0
            -77.010125,-12.040145,0
            -77.010053,-12.040026,0
            -77.010068,-12.039872,0
            -77.010043,-12.03977,0
            -77.010329,-12.039086,0
            -77.010672,-12.038221,0
            -77.012415,-12.038058,0
            -77.012737,-12.037974,0
            -77.011554,-12.033842,0
            -77.011551,-12.033394,0
          </coordinates>
        </LineString>
        <LineString>
          <tessellate>1</tessellate>
          <coordinates>
            -77.011698,-12.032119,0
            -77.011764,-12.032075,0
            -77.011725,-12.031993,0
            -77.011631,-12.031749,0
            -77.011526,-12.031601,0
            -77.011172,-12.031189,0
            -77.010701,-12.030746,0
            -77.010679,-12.030604,0
            -77.011146,-12.0301,0
            -77.011168,-12.029833,0
            -77.011184,-12.029749,0
            -77.011162,-12.029544,0
            -77.011092,-12.029348,0
            -77.010907,-12.028933,0
            -77.010675,-12.028427,0
            -77.010466,-12.028164,0
            -77.010367,-12.028083,0
            -77.010203,-12.02797,0
            -77.010077,-12.027905,0
            -77.009763,-12.027797,0
            -77.009355,-12.027663,0
            -77.008824,-12.027537,0
            -77.007735,-12.027417,0
            -77.007199,-12.027338,0
            -77.006299,-12.027262,0
            -77.005822,-12.027167,0
            -77.005259,-12.026994,0
            -77.003754,-12.026393,0
            -77.003313,-12.026233,0
            -77.00223,-12.025803,0
            -77.001763,-12.02565,0
            -77.001285,-12.025525,0
            -77.00032,-12.025317,0
            -76.996575,-12.024494,0
            -76.996093,-12.024441,0
            -76.991367,-12.02431,0
            -76.99141,-12.022736,0
            -76.991404,-12.022363,0
            -76.991383,-12.022253,0
            -76.991066,-12.021492,0
            -76.990857,-12.021151,0
            -76.990591,-12.020051,0
            -76.990489,-12.019878,0
            -76.990057,-12.017901,0
            -76.990169,-12.017794,0
            -76.991025,-12.017513,0
            -76.991208,-12.017478,0
            -76.992022,-12.017318,0
            -76.99211,-12.017594,0
            -76.992138,-12.017704,0
            -76.992378,-12.017646,0
          </coordinates>
        </LineString>
      </MultiGeometry>
    </Placemark>
    <Placemark>
      <name>L6739_SUB</name>
      <description><![CDATA[FID   0    <br>   LINEA   L6739    <br>   TIPO   LINEA ELECTRICA SUBTERRANEA    <br>   RECORRIDO   SET MAREATEGUI - SET ZARATE]]></description>
      <styleUrl>#line-FF0000-2000</styleUrl>
      <MultiGeometry>
        <LineString>
          <tessellate>1</tessellate>
          <coordinates>
            -76.993816,-12.016656,0
            -76.993726,-12.016642,0
            -76.993678,-12.01665,0
            -76.993309,-12.016802,0
            -76.992578,-12.017179,0
            -76.992435,-12.017264,0
            -76.992297,-12.017322,0
            -76.992058,-12.017379,0
            -76.992162,-12.017735,0
            -76.992378,-12.017646,0
          </coordinates>
        </LineString>
        <LineString>
          <tessellate>1</tessellate>
          <coordinates>
            -76.988235,-11.954105,0
            -76.988415,-11.953959,0
            -76.9878,-11.95324,0
            -76.987332,-11.952984,0
            -76.987258,-11.953061,0
            -76.986288,-11.95511,0
            -76.985691,-11.956272,0
            -76.985667,-11.956334,0
            -76.985652,-11.956399,0
            -76.985645,-11.956466,0
            -76.985648,-11.956532,0
            -76.985659,-11.956598,0
            -76.985678,-11.956661,0
            -76.985707,-11.956722,0
            -76.986304,-11.957624,0
            -76.98692,-11.958601,0
            -76.987682,-11.958085,0
            -76.988579,-11.959344,0
            -76.98868,-11.959495,0
            -76.989232,-11.96029,0
            -76.98978,-11.961079,0
            -76.990577,-11.96224,0
            -76.990631,-11.962324,0
            -76.991251,-11.963156,0
            -76.991799,-11.963911,0
            -76.991183,-11.964345,0
            -76.992002,-11.965553,0
            -76.992819,-11.965007,0
            -76.994518,-11.967385,0
            -76.993743,-11.968054,0
            -76.994136,-11.968578,0
            -76.993778,-11.968922,0
            -76.99337,-11.969449,0
            -76.993088,-11.969816,0
            -76.992918,-11.970076,0
            -76.992761,-11.970337,0
            -76.992429,-11.970931,0
            -76.99231,-11.971158,0
            -76.992166,-11.971507,0
            -76.992018,-11.9719,0
            -76.991828,-11.972492,0
            -76.991762,-11.972763,0
            -76.991645,-11.973371,0
            -76.991598,-11.973687,0
            -76.991546,-11.974193,0
            -76.991535,-11.97461,0
            -76.991534,-11.97491,0
            -76.991554,-11.975217,0
            -76.991856,-11.978919,0
            -76.991898,-11.97952,0
            -76.991966,-11.980011,0
            -76.99201,-11.980226,0
            -76.992074,-11.98049,0
            -76.992216,-11.98095,0
            -76.992343,-11.981283,0
            -76.99249,-11.98163,0
            -76.992632,-11.981908,0
            -76.992779,-11.98218,0
            -76.99308,-11.982649,0
            -76.993487,-11.983234,0
            -76.995,-11.982217,0
            -76.996446,-11.984268,0
            -76.99714,-11.984965,0
            -76.998408,-11.98583,0
            -76.99919,-11.986334,0
            -76.999314,-11.986349,0
            -76.99959,-11.986451,0
            -76.999985,-11.986468,0
            -77.000585,-11.986181,0
            -77.00073,-11.986155,0
            -77.000902,-11.986235,0
            -77.001096,-11.98636,0
            -77.001244,-11.986401,0
            -77.001431,-11.98638,0
            -77.001536,-11.986338,0
            -77.001814,-11.986317,0
            -77.003153,-11.985786,0
            -77.00321,-11.985926,0
            -77.004925,-11.990084,0
            -77.005167,-11.990692,0
            -77.005231,-11.990907,0
            -77.005273,-11.991134,0
            -77.0053,-11.991365,0
            -77.005307,-11.991568,0
            -77.005161,-11.99597,0
            -77.005166,-11.996474,0
            -77.00504,-11.999272,0
            -77.005026,-11.999418,0
            -77.005003,-11.999549,0
            -77.004967,-11.999682,0
            -77.004921,-11.999808,0
            -77.004842,-11.999966,0
            -77.002512,-12.003701,0
            -77.002303,-12.004062,0
            -76.998596,-12.011252,0
            -76.998776,-12.011342,0
            -76.998718,-12.01146,0
          </coordinates>
        </LineString>
      </MultiGeometry>
    </Placemark>
    <Placemark>
      <name>L6739</name>
      <description><![CDATA[L6739    <br>       <br>   FID   0    <br>   LINEA   L6739    <br>   TIPO   LINEA ELECTRICA AEREA    <br>   RECORRIDO   SET MAREATEGUI - SET ZARATE]]></description>
      <styleUrl>#line-005CE6-2000</styleUrl>
      <LineString>
        <tessellate>1</tessellate>
        <coordinates>
          -76.998718,-12.01146,0
          -76.998471,-12.011552,0
          -76.998027,-12.012414,0
          -76.99762,-12.013212,0
          -76.997231,-12.013956,0
          -76.997097,-12.014545,0
          -76.99715,-12.015493,0
          -76.997222,-12.016496,0
          -76.997324,-12.016703,0
          -76.996966,-12.016751,0
          -76.99626,-12.016792,0
          -76.99514,-12.016854,0
          -76.993816,-12.016656,0
        </coordinates>
      </LineString>
    </Placemark>
    <Placemark>
      <name>L696_SUB</name>
      <description><![CDATA[FID   0    <br>   LINEA   L696    <br>   TIPO   LINEA ELECTRICA SUBTERRANEA    <br>   RECORRIDO   SET STA.ROSA.N - SET ZARATE]]></description>
      <styleUrl>#line-FF0000-2000</styleUrl>
      <MultiGeometry>
        <LineString>
          <tessellate>1</tessellate>
          <coordinates>
            -76.998709,-12.011478,0
            -76.998755,-12.011492,0
            -77.000815,-12.01285,0
            -77.000977,-12.012935,0
            -77.001147,-12.012996,0
            -77.001341,-12.013049,0
            -77.001523,-12.013098,0
            -77.001601,-12.013107,0
            -77.002207,-12.013186,0
            -77.002039,-12.016362,0
            -77.002101,-12.016735,0
            -77.002202,-12.017097,0
            -77.002791,-12.01815,0
            -77.003492,-12.018981,0
            -77.004274,-12.019612,0
            -77.005348,-12.020588,0
            -77.010113,-12.025566,0
            -77.010455,-12.025995,0
            -77.011508,-12.028205,0
            -77.012122,-12.030276,0
            -77.012366,-12.031897,0
            -77.0127,-12.03737,0
            -77.013063,-12.038847,0
            -77.01224,-12.0398,0
            -77.012216,-12.039786,0
          </coordinates>
        </LineString>
        <LineString>
          <tessellate>1</tessellate>
          <coordinates>
            -76.992378,-12.017646,0
            -76.992162,-12.017673,0
            -76.992127,-12.017559,0
            -76.99207,-12.017386,0
            -76.992304,-12.01733,0
            -76.992338,-12.017316,0
            -76.992438,-12.017273,0
            -76.992583,-12.017187,0
            -76.993313,-12.016811,0
            -76.993687,-12.016662,0
            -76.993733,-12.016657,0
            -76.993797,-12.016665,0
            -76.993816,-12.016656,0
          </coordinates>
        </LineString>
      </MultiGeometry>
    </Placemark>
    <Placemark>
      <name>L696</name>
      <description><![CDATA[L696    <br>       <br>   FID   0    <br>   LINEA   L696    <br>   TIPO   LINEA ELECTRICA AEREA    <br>   RECORRIDO   SET STA.ROSA.N - SET ZARATE]]></description>
      <styleUrl>#line-005CE6-2000</styleUrl>
      <LineString>
        <tessellate>1</tessellate>
        <coordinates>
          -76.993816,-12.016656,0
          -76.99514,-12.016854,0
          -76.99626,-12.016792,0
          -76.996966,-12.016751,0
          -76.997361,-12.016721,0
          -76.997231,-12.016496,0
          -76.99715,-12.015493,0
          -76.997097,-12.014545,0
          -76.997231,-12.013956,0
          -76.99762,-12.013212,0
          -76.998027,-12.012414,0
          -76.998489,-12.01157,0
          -76.998709,-12.011478,0
        </coordinates>
      </LineString>
    </Placemark>
    <Placemark>
      <name>L695_SUB</name>
      <description><![CDATA[FID   0    <br>   LINEA   L695    <br>   TIPO   LINEA ELECTRICA SUBTERRANEA    <br>   RECORRIDO   SET STA.ROSA.N - SET CANTO GRANDE]]></description>
      <styleUrl>#line-FF0000-2000</styleUrl>
      <LineString>
        <tessellate>1</tessellate>
        <coordinates>
          -77.007004,-11.984756,0
          -77.006906,-11.984756,0
          -77.006458,-11.984882,0
          -77.005714,-11.985087,0
          -77.005484,-11.985142,0
          -77.003603,-11.985613,0
          -77.003453,-11.985669,0
          -77.003185,-11.985773,0
          -77.004939,-11.990075,0
          -77.005181,-11.990686,0
          -77.005246,-11.990904,0
          -77.005288,-11.991133,0
          -77.005318,-11.991362,0
          -77.005324,-11.991569,0
          -77.005176,-11.995972,0
          -77.005185,-11.996475,0
          -77.005056,-11.999274,0
          -77.005041,-11.999421,0
          -77.005017,-11.99955,0
          -77.004981,-11.999686,0
          -77.004934,-11.999814,0
          -77.004858,-11.999977,0
          -77.002534,-12.003708,0
          -77.00232,-12.004074,0
          -76.99862,-12.011246,0
          -76.998763,-12.011337,0
          -76.998701,-12.011433,0
          -77.000822,-12.012844,0
          -77.000986,-12.012926,0
          -77.001155,-12.012982,0
          -77.001527,-12.013084,0
          -77.00222,-12.013175,0
          -77.002063,-12.016365,0
          -77.002128,-12.01673,0
          -77.002225,-12.017088,0
          -77.002811,-12.018138,0
          -77.003509,-12.018971,0
          -77.004305,-12.019587,0
          -77.005363,-12.020564,0
          -77.010129,-12.025547,0
          -77.010468,-12.025986,0
          -77.011524,-12.028196,0
          -77.012151,-12.03027,0
          -77.012379,-12.031879,0
          -77.012688,-12.036481,0
          -77.012739,-12.037364,0
          -77.013102,-12.038865,0
          -77.012179,-12.039827,0
        </coordinates>
      </LineString>
    </Placemark>
    <Placemark>
      <name>L695</name>
      <description><![CDATA[L695    <br>       <br>   FID   0    <br>   LINEA   L695    <br>   TIPO   LINEA ELECTRICA AEREA    <br>   RECORRIDO   SET STA.ROSA.N - SET CANTO GRANDE]]></description>
      <styleUrl>#line-005CE6-2000</styleUrl>
      <LineString>
        <tessellate>1</tessellate>
        <coordinates>
          -77.01389,-11.981411,0
          -77.013995,-11.981651,0
          -77.013922,-11.981787,0
          -77.014426,-11.982904,0
          -77.013703,-11.983144,0
          -77.013403,-11.982297,0
          -77.012295,-11.982757,0
          -77.010721,-11.983337,0
          -77.009521,-11.983771,0
          -77.008084,-11.984305,0
          -77.007004,-11.984756,0
        </coordinates>
      </LineString>
    </Placemark>
    <Placemark>
      <name>L687_SUB</name>
      <description><![CDATA[FID   0    <br>   LINEA   L687    <br>   TIPO   LINEA ELECTRICA SUBTERRANEA    <br>   RECORRIDO   SET CANTO GRANDE - SET JICAMARCA]]></description>
      <styleUrl>#line-FF0000-2000</styleUrl>
      <LineString>
        <tessellate>1</tessellate>
        <coordinates>
          -77.007004,-11.984756,0
          -77.00692,-11.984734,0
          -77.006466,-11.984865,0
          -77.005484,-11.985129,0
          -77.003597,-11.985595,0
          -77.003334,-11.985698,0
          -77.001812,-11.986305,0
          -77.001529,-11.986324,0
          -77.001423,-11.986365,0
          -77.001241,-11.986383,0
          -77.001101,-11.986344,0
          -77.000901,-11.986213,0
          -77.000731,-11.986137,0
          -77.000578,-11.986165,0
          -76.999979,-11.986448,0
          -76.999593,-11.986427,0
          -76.999313,-11.986331,0
          -76.999193,-11.986316,0
          -76.998417,-11.985805,0
          -76.997151,-11.984951,0
          -76.996449,-11.984226,0
          -76.995005,-11.982163,0
          -76.993491,-11.983207,0
          -76.993088,-11.982643,0
          -76.992787,-11.982175,0
          -76.992496,-11.981622,0
          -76.992224,-11.980942,0
          -76.992083,-11.980485,0
          -76.992019,-11.980223,0
          -76.991975,-11.980006,0
          -76.991905,-11.979519,0
          -76.991864,-11.978918,0
          -76.991544,-11.974908,0
          -76.991561,-11.974192,0
          -76.991607,-11.973688,0
          -76.99177,-11.972766,0
          -76.991839,-11.972493,0
          -76.991892,-11.972325,0
          -76.992023,-11.971906,0
          -76.992173,-11.97151,0
          -76.992317,-11.97116,0
          -76.992433,-11.970935,0
          -76.992924,-11.970082,0
          -76.993093,-11.969827,0
          -76.99338,-11.969455,0
          -76.993848,-11.968876,0
          -76.994216,-11.968519,0
          -76.99382,-11.968018,0
          -76.994572,-11.96737,0
          -76.992825,-11.964941,0
          -76.992012,-11.965502,0
          -76.991222,-11.96434,0
          -76.991823,-11.96391,0
          -76.991238,-11.963107,0
          -76.990639,-11.962294,0
          -76.990552,-11.962175,0
          -76.989749,-11.961016,0
          -76.989261,-11.960308,0
          -76.988685,-11.959473,0
          -76.988517,-11.959236,0
          -76.987709,-11.958063,0
          -76.98697,-11.958565,0
          -76.986302,-11.957588,0
          -76.985723,-11.956714,0
          -76.985696,-11.956655,0
          -76.985677,-11.956594,0
          -76.985666,-11.95653,0
          -76.985664,-11.956466,0
          -76.98567,-11.956402,0
          -76.985685,-11.95634,0
          -76.985707,-11.95628,0
          -76.986294,-11.95512,0
          -76.987304,-11.95308,0
          -76.987781,-11.952098,0
          -76.987577,-11.951977,0
        </coordinates>
      </LineString>
    </Placemark>
    <Placemark>
      <name>L687</name>
      <description><![CDATA[L687    <br>       <br>   FID   0    <br>   LINEA   L687    <br>   TIPO   LINEA ELECTRICA AEREA    <br>   RECORRIDO   SET CANTO GRANDE - SET JICAMARCA]]></description>
      <styleUrl>#line-005CE6-2000</styleUrl>
      <MultiGeometry>
        <LineString>
          <tessellate>1</tessellate>
          <coordinates>
            -77.007004,-11.984756,0
            -77.008084,-11.984305,0
            -77.009521,-11.983771,0
            -77.010721,-11.983337,0
            -77.012295,-11.982757,0
            -77.013412,-11.982288,0
            -77.013041,-11.981784,0
            -77.013635,-11.981473,0
            -77.013754,-11.981792,0
            -77.013943,-11.981659,0
            -77.01389,-11.981411,0
          </coordinates>
        </LineString>
        <LineString>
          <tessellate>1</tessellate>
          <coordinates>
            -76.967675,-11.930594,0
            -76.967906,-11.930414,0
            -76.96772,-11.930144,0
            -76.96709,-11.930564,0
            -76.967795,-11.931589,0
            -76.968518,-11.932633,0
            -76.969196,-11.933649,0
            -76.969864,-11.934657,0
            -76.97056,-11.935683,0
            -76.971255,-11.936672,0
            -76.971951,-11.937679,0
            -76.972665,-11.938641,0
            -76.973986,-11.938515,0
            -76.975068,-11.938381,0
            -76.976254,-11.938725,0
            -76.97745,-11.93906,0
            -76.978655,-11.939395,0
            -76.979808,-11.940182,0
            -76.980569,-11.941279,0
            -76.981348,-11.942377,0
            -76.982174,-11.9436,0
            -76.982767,-11.944445,0
            -76.983518,-11.945507,0
            -76.984326,-11.946712,0
            -76.985049,-11.947746,0
            -76.98581,-11.948853,0
            -76.98658,-11.949959,0
            -76.987322,-11.951047,0
            -76.987601,-11.951479,0
            -76.987577,-11.951977,0
          </coordinates>
        </LineString>
      </MultiGeometry>
    </Placemark>
    <Placemark>
      <name>L6741_SUB</name>
      <description><![CDATA[FID   0    <br>   LINEA   L6741    <br>   TIPO   LINEA ELECTRICA SUBTERRANEA    <br>   RECORRIDO   SET MIRADOR - SET MARIATEGUI]]></description>
      <styleUrl>#line-FF0000-2000</styleUrl>
      <MultiGeometry>
        <LineString>
          <tessellate>1</tessellate>
          <coordinates>
            -76.963891,-11.925667,0
            -76.963913,-11.925508,0
            -76.963933,-11.925357,0
            -76.966838,-11.923407,0
            -76.967058,-11.923262,0
            -76.967211,-11.923179,0
          </coordinates>
        </LineString>
        <LineString>
          <tessellate>1</tessellate>
          <coordinates>
            -76.987577,-11.951977,0
            -76.987772,-11.952098,0
            -76.987319,-11.953,0
            -76.987798,-11.953256,0
            -76.988432,-11.953994,0
            -76.988249,-11.954132,0
          </coordinates>
        </LineString>
      </MultiGeometry>
    </Placemark>
    <Placemark>
      <name>L6741</name>
      <description><![CDATA[L6741    <br>       <br>   FID   0    <br>   LINEA   L6741    <br>   TIPO   LINEA ELECTRICA AEREA    <br>   RECORRIDO   SET MIRADOR - SET MARIATEGUI]]></description>
      <styleUrl>#line-005CE6-2000</styleUrl>
      <MultiGeometry>
        <LineString>
          <tessellate>1</tessellate>
          <coordinates>
            -76.963891,-11.925667,0
            -76.964546,-11.926605,0
            -76.965186,-11.927531,0
            -76.96588,-11.928485,0
            -76.966494,-11.92942,0
            -76.967125,-11.930356,0
            -76.96709,-11.930564,0
            -76.967795,-11.931589,0
            -76.968518,-11.932633,0
            -76.969196,-11.933649,0
            -76.969864,-11.934657,0
            -76.97056,-11.935683,0
            -76.971255,-11.936672,0
            -76.971951,-11.937679,0
            -76.972665,-11.938641,0
            -76.973986,-11.938515,0
            -76.975068,-11.938381,0
            -76.976254,-11.938725,0
            -76.97745,-11.93906,0
            -76.978655,-11.939395,0
            -76.979808,-11.940182,0
            -76.980569,-11.941279,0
            -76.981348,-11.942377,0
            -76.982174,-11.9436,0
            -76.982767,-11.944445,0
            -76.983518,-11.945507,0
            -76.984326,-11.946712,0
            -76.985049,-11.947746,0
            -76.98581,-11.948853,0
            -76.98658,-11.949959,0
            -76.987322,-11.951047,0
            -76.987583,-11.951488,0
            -76.987577,-11.951977,0
          </coordinates>
        </LineString>
        <LineString>
          <tessellate>1</tessellate>
          <coordinates>
            -76.985215,-11.905347,0
            -76.984787,-11.905376,0
            -76.984957,-11.90608,0
            -76.986836,-11.905741,0
            -76.98824,-11.905659,0
            -76.989596,-11.905387,0
            -76.991049,-11.907013,0
            -76.991116,-11.908648,0
            -76.990636,-11.912077,0
            -76.990297,-11.915903,0
            -76.98961,-11.917117,0
            -76.986943,-11.919969,0
            -76.986093,-11.92094,0
            -76.983658,-11.920496,0
            -76.981516,-11.920105,0
            -76.978511,-11.919547,0
            -76.974855,-11.920755,0
            -76.972974,-11.921383,0
            -76.970678,-11.922146,0
            -76.967632,-11.923159,0
            -76.967211,-11.923179,0
          </coordinates>
        </LineString>
      </MultiGeometry>
    </Placemark>
    <Placemark>
      <name>L6742</name>
      <description><![CDATA[L6742    <br>       <br>   FID   0    <br>   LINEA   L6742    <br>   TIPO   LINEA ELECTRICA AEREA    <br>   RECORRIDO   SET JICAMARCA - SET MIRADOR]]></description>
      <styleUrl>#line-005CE6-2000</styleUrl>
      <MultiGeometry>
        <LineString>
          <tessellate>1</tessellate>
          <coordinates>
            -76.967226,-11.923202,0
            -76.967632,-11.923159,0
            -76.970678,-11.922146,0
            -76.972974,-11.921383,0
            -76.974855,-11.920755,0
            -76.978511,-11.919547,0
            -76.981516,-11.920105,0
            -76.983658,-11.920496,0
            -76.986093,-11.92094,0
            -76.986903,-11.919931,0
            -76.989645,-11.917164,0
            -76.990297,-11.915903,0
            -76.990636,-11.912077,0
            -76.991116,-11.908648,0
            -76.991049,-11.907013,0
            -76.98965,-11.905197,0
            -76.98824,-11.905659,0
            -76.986845,-11.905705,0
            -76.984957,-11.90608,0
            -76.984787,-11.905376,0
            -76.985215,-11.905347,0
          </coordinates>
        </LineString>
        <LineString>
          <tessellate>1</tessellate>
          <coordinates>
            -76.967675,-11.930594,0
            -76.967952,-11.930468,0
            -76.967729,-11.930144,0
            -76.967171,-11.930365,0
            -76.966494,-11.92942,0
            -76.96588,-11.928485,0
            -76.965186,-11.927531,0
            -76.964546,-11.926605,0
            -76.963915,-11.925651,0
          </coordinates>
        </LineString>
      </MultiGeometry>
    </Placemark>
    <Placemark>
      <name>L6742_SUB</name>
      <description><![CDATA[FID   0    <br>   LINEA   L6742    <br>   TIPO   LINEA ELECTRICA SUBTERRANEA    <br>   RECORRIDO   SET JICAMARCA - SET MIRADOR]]></description>
      <styleUrl>#line-FF0000-2000</styleUrl>
      <LineString>
        <tessellate>1</tessellate>
        <coordinates>
          -76.967226,-11.923202,0
          -76.966856,-11.923428,0
          -76.963958,-11.925373,0
          -76.963915,-11.925651,0
        </coordinates>
      </LineString>
    </Placemark>
    <Placemark>
      <name>L6743</name>
      <description><![CDATA[FID   0    <br>   TIPO   LINEA ELECTRICA AEREA    <br>   RECORRIDO   SET CTO_GRADE - SET MIRADOR]]></description>
      <styleUrl>#line-005CE6-2000</styleUrl>
      <LineString>
        <tessellate>1</tessellate>
        <coordinates>
          -77.020355,-11.975289,0
          -77.02083,-11.97512,0
          -77.020895,-11.975162,0
          -77.021258,-11.974863,0
          -77.023285,-11.974272,0
          -77.025017,-11.972587,0
          -77.026429,-11.971176,0
          -77.026416,-11.966919,0
          -77.02639,-11.965826,0
          -77.026315,-11.960693,0
          -77.024092,-11.956868,0
          -77.022214,-11.953582,0
          -77.019592,-11.949082,0
          -77.016951,-11.944528,0
          -77.015389,-11.941863,0
          -77.016849,-11.938183,0
          -77.014992,-11.936552,0
          -77.013782,-11.935539,0
          -77.012437,-11.934358,0
          -77.009365,-11.931768,0
          -77.005287,-11.928328,0
          -77.00263,-11.926087,0
          -76.999294,-11.923275,0
          -76.996238,-11.920697,0
          -76.993489,-11.918378,0
          -76.990665,-11.916018,0
          -76.990848,-11.91213,0
          -76.991235,-11.909676,0
          -76.991268,-11.906831,0
          -76.98974,-11.90498,0
          -76.988439,-11.905332,0
          -76.986845,-11.905669,0
          -76.986652,-11.905652,0
        </coordinates>
      </LineString>
    </Placemark>
    <Placemark>
      <name>L6743_SUB</name>
      <description><![CDATA[FID   0    <br>   LINEA   L6743    <br>   TIPO   LINEA ELECTRICA SUBTERRANEA    <br>   RECORRIDO   SET CTO_GRADE - SET MIRADOR]]></description>
      <styleUrl>#line-FF0000-2000</styleUrl>
      <MultiGeometry>
        <LineString>
          <tessellate>1</tessellate>
          <coordinates>
            -76.985218,-11.905346,0
            -76.986394,-11.905499,0
            -76.98638,-11.905559,0
            -76.986518,-11.905606,0
            -76.986652,-11.905652,0
          </coordinates>
        </LineString>
        <LineString>
          <tessellate>1</tessellate>
          <coordinates>
            -77.020355,-11.975289,0
            -77.020319,-11.975444,0
            -77.019558,-11.97591,0
            -77.019773,-11.976284,0
            -77.014992,-11.979237,0
            -77.015585,-11.980201,0
            -77.013807,-11.981304,0
            -77.01389,-11.981411,0
          </coordinates>
        </LineString>
      </MultiGeometry>
    </Placemark>
    <Placemark>
      <name>L6749</name>
      <description><![CDATA[L6749    <br>       <br>   FID   0    <br>   LINEA   L6749    <br>   TIPO   LINEA ELECTRICA AEREA    <br>   RECORRIDO   SET MAVINAS - SET PANDO]]></description>
      <styleUrl>#line-005CE6-2000</styleUrl>
      <LineString>
        <tessellate>1</tessellate>
        <coordinates>
          -77.061582,-12.056245,0
          -77.061831,-12.054963,0
          -77.061744,-12.054321,0
          -77.061266,-12.053205,0
          -77.060774,-12.052036,0
          -77.060305,-12.050858,0
          -77.059835,-12.04968,0
          -77.059385,-12.048473,0
        </coordinates>
      </LineString>
    </Placemark>
    <Placemark>
      <name>L6749_SUB</name>
      <description><![CDATA[FID   0    <br>   LINEA   L6749    <br>   TIPO   LINEA ELECTRICA SUBTERRANEA    <br>   RECORRIDO   SET MAVINAS - SET PANDO]]></description>
      <styleUrl>#line-FF0000-2000</styleUrl>
      <MultiGeometry>
        <LineString>
          <tessellate>1</tessellate>
          <coordinates>
            -77.059385,-12.048473,0
            -77.059331,-12.048433,0
            -77.059268,-12.048161,0
            -77.059194,-12.048093,0
            -77.059096,-12.048026,0
            -77.058927,-12.04798,0
            -77.055116,-12.0476,0
            -77.053257,-12.047414,0
            -77.053565,-12.044575,0
            -77.053591,-12.04424,0
            -77.053746,-12.042625,0
            -77.053793,-12.042133,0
            -77.053856,-12.041378,0
            -77.053898,-12.041213,0
            -77.054241,-12.041226,0
          </coordinates>
        </LineString>
        <LineString>
          <tessellate>1</tessellate>
          <coordinates>
            -77.062798,-12.062286,0
            -77.063,-12.062246,0
            -77.063156,-12.062214,0
            -77.063087,-12.061695,0
            -77.063083,-12.061331,0
            -77.063106,-12.061167,0
            -77.063243,-12.060309,0
            -77.063896,-12.057005,0
            -77.063896,-12.056953,0
            -77.063787,-12.056839,0
            -77.061657,-12.056428,0
            -77.061592,-12.056379,0
            -77.061563,-12.056296,0
            -77.061582,-12.056245,0
          </coordinates>
        </LineString>
      </MultiGeometry>
    </Placemark>
    <Placemark>
      <name>L6751</name>
      <description><![CDATA[L6751    <br>       <br>   FID   0    <br>   Id   0    <br>   LINEA   L6751    <br>   TIPO   LINEA ELECTRICA AEREA    <br>   RECORRIDO   SET MALVINAS - SET PANDO]]></description>
      <styleUrl>#line-005CE6-2000</styleUrl>
      <LineString>
        <tessellate>1</tessellate>
        <coordinates>
          -77.061547,-12.056266,0
          -77.061831,-12.054963,0
          -77.061744,-12.054321,0
          -77.061266,-12.053205,0
          -77.060774,-12.052036,0
          -77.060305,-12.050858,0
          -77.059835,-12.04968,0
          -77.059367,-12.048501,0
        </coordinates>
      </LineString>
    </Placemark>
    <Placemark>
      <name>L6751_SUB</name>
      <description><![CDATA[FID   0    <br>   LINEA   L6751    <br>   TIPO   LINEA ELECTRICA SUBTERRANEA    <br>   RECORRIDO   SET MALVINAS - SET PANDO]]></description>
      <styleUrl>#line-FF0000-2000</styleUrl>
      <MultiGeometry>
        <LineString>
          <tessellate>1</tessellate>
          <coordinates>
            -77.062798,-12.062286,0
            -77.062984,-12.062228,0
            -77.06314,-12.062196,0
            -77.063073,-12.061696,0
            -77.063069,-12.061331,0
            -77.063092,-12.061165,0
            -77.06323,-12.060307,0
            -77.063883,-12.057004,0
            -77.063882,-12.056959,0
            -77.06378,-12.056851,0
            -77.061651,-12.056441,0
            -77.061578,-12.056396,0
            -77.061542,-12.056307,0
            -77.061547,-12.056266,0
          </coordinates>
        </LineString>
        <LineString>
          <tessellate>1</tessellate>
          <coordinates>
            -77.054238,-12.041209,0
            -77.054113,-12.041202,0
            -77.053866,-12.041191,0
            -77.053842,-12.041289,0
            -77.053821,-12.041379,0
            -77.053772,-12.042085,0
            -77.053714,-12.042629,0
            -77.053552,-12.04431,0
            -77.053531,-12.044559,0
            -77.053476,-12.045049,0
            -77.05323,-12.047425,0
            -77.058922,-12.047994,0
            -77.059083,-12.048044,0
            -77.059175,-12.048109,0
            -77.059244,-12.04817,0
            -77.05931,-12.048447,0
            -77.059367,-12.048501,0
          </coordinates>
        </LineString>
      </MultiGeometry>
    </Placemark>
    <Placemark>
      <name>L6362</name>
      <description><![CDATA[L6362    <br>       <br>   FID   0    <br>   LINEA   L6362    <br>   TIPO   LINEA ELECTRICA AEREA    <br>   RECORRIDO   SET FILADELFIA - SET PT. PIEDRA]]></description>
      <styleUrl>#line-005CE6-2000</styleUrl>
      <LineString>
        <tessellate>1</tessellate>
        <coordinates>
          -77.068141,-11.868887,0
          -77.06826,-11.869175,0
          -77.068647,-11.869362,0
          -77.068938,-11.86898,0
          -77.070644,-11.87008,0
          -77.070499,-11.870325,0
          -77.069501,-11.871841,0
          -77.06907,-11.873173,0
          -77.069014,-11.874222,0
          -77.068958,-11.875262,0
          -77.068883,-11.876365,0
          -77.068819,-11.877585,0
          -77.068762,-11.87858,0
          -77.068706,-11.879683,0
          -77.068618,-11.881401,0
          -77.068503,-11.883155,0
          -77.068381,-11.885154,0
          -77.068321,-11.887007,0
          -77.068204,-11.888427,0
          -77.068131,-11.88981,0
          -77.068035,-11.891654,0
          -77.067939,-11.893463,0
          -77.067824,-11.895271,0
          -77.067719,-11.897116,0
          -77.067631,-11.898915,0
          -77.067498,-11.90076,0
          -77.067411,-11.90255,0
          -77.067788,-11.903867,0
          -77.06859,-11.905578,0
          -77.069057,-11.906614,0
          -77.069644,-11.907794,0
          -77.072427,-11.911768,0
          -77.073337,-11.913126,0
          -77.073707,-11.914696,0
          -77.0735716,-11.9157855,0
          -77.0735146,-11.9163303,0
          -77.0734618,-11.916857,0
          -77.07329,-11.918992,0
          -77.073176,-11.920936,0
          -77.073028,-11.921931,0
          -77.072935,-11.922989,0
          -77.0728209,-11.9240193,0
          -77.07268,-11.92506,0
          -77.072525,-11.927114,0
          -77.072339,-11.929194,0
          -77.0721482,-11.931283,0
          -77.071957,-11.933264,0
          -77.071762,-11.935389,0
          -77.071567,-11.937451,0
          -77.071362,-11.939414,0
          -77.071199,-11.941042,0
          -77.070876,-11.943114,0
          -77.070688,-11.944815,0
          -77.070626,-11.946523,0
          -77.070463,-11.947961,0
          -77.070175,-11.949943,0
          -77.069967,-11.951598,0
          -77.069724,-11.95316,0
          -77.069544,-11.953888,0
          -77.069483,-11.954277,0
          -77.069377,-11.954893,0
          -77.06922,-11.955942,0
          -77.069071,-11.956856,0
          -77.068931,-11.957743,0
          -77.068773,-11.958792,0
          -77.068607,-11.959824,0
          -77.06845,-11.960855,0
          -77.068292,-11.961887,0
          -77.068135,-11.962909,0
          -77.067977,-11.963932,0
          -77.067714,-11.965542,0
          -77.067529,-11.966885,0
          -77.067408,-11.967533,0
          -77.067293,-11.968167,0
          -77.067138,-11.969442,0
          -77.067095,-11.96984,0
          -77.066892,-11.970917,0
          -77.066725,-11.971922,0
          -77.066451,-11.973324,0
          -77.066226,-11.975025,0
          -77.065809,-11.976935,0
          -77.065643,-11.978057,0
          -77.0655,-11.979821,0
          -77.0652379,-11.981187,0
          -77.065032,-11.982246,0
          -77.064924,-11.983675,0
          -77.066324,-11.984325,0
          -77.068003,-11.984168,0
          -77.069498,-11.984039,0
        </coordinates>
      </LineString>
    </Placemark>
    <Placemark>
      <name>L6362_SUB</name>
      <description><![CDATA[FID   0    <br>   LINEA   L6362    <br>   TIPO   LINEA ELECTRICA SUBTERRANEA    <br>   RECORRIDO   SET FILADELFIA - SET PT. PIEDRA]]></description>
      <styleUrl>#line-FF0000-2000</styleUrl>
      <LineString>
        <tessellate>1</tessellate>
        <coordinates>
          -77.069498,-11.984039,0
          -77.0695,-11.984001,0
          -77.069542,-11.983995,0
          -77.071396,-11.98383,0
          -77.071436,-11.983817,0
          -77.071513,-11.98381,0
          -77.07156,-11.983814,0
          -77.073209,-11.983657,0
          -77.073254,-11.983643,0
          -77.073299,-11.983638,0
          -77.073344,-11.983644,0
          -77.073856,-11.983597,0
          -77.073899,-11.983581,0
          -77.073947,-11.983578,0
          -77.073973,-11.983586,0
          -77.074083,-11.983574,0
          -77.074501,-11.983534,0
          -77.07453,-11.983524,0
          -77.074589,-11.983517,0
          -77.074627,-11.983522,0
          -77.074919,-11.983493,0
          -77.074958,-11.983482,0
          -77.075251,-11.983453,0
          -77.075302,-11.983461,0
          -77.075716,-11.983422,0
          -77.075788,-11.983398,0
          -77.075914,-11.983386,0
          -77.075982,-11.983395,0
          -77.077743,-11.983233,0
          -77.077849,-11.983238,0
          -77.078055,-11.983217,0
          -77.078735,-11.983155,0
          -77.078896,-11.983146,0
          -77.079187,-11.98317,0
          -77.079657,-11.983116,0
          -77.080127,-11.983063,0
          -77.08017,-11.983047,0
          -77.082492,-11.982824,0
          -77.083295,-11.982748,0
          -77.085636,-11.982522,0
          -77.086046,-11.982508,0
          -77.086514,-11.982546,0
          -77.087887,-11.982422,0
          -77.088492,-11.982363,0
          -77.088792,-11.982336,0
          -77.090458,-11.982175,0
          -77.090683,-11.982153,0
          -77.091664,-11.98206,0
          -77.09174,-11.982047,0
          -77.092551,-11.981968,0
          -77.094482,-11.981781,0
          -77.094677,-11.981785,0
          -77.096286,-11.981618,0
          -77.096838,-11.981944,0
          -77.096783,-11.982011,0
        </coordinates>
      </LineString>
    </Placemark>
    <Placemark>
      <name>L6756</name>
      <description><![CDATA[L6756    <br>       <br>   FID   0    <br>   LINEA   L6756    <br>   TIPO   LINEA ELECTRICA AEREA    <br>   RECORRIDO   SET JOSE GRANDA - SET MIRONES]]></description>
      <styleUrl>#line-005CE6-2000</styleUrl>
      <MultiGeometry>
        <LineString>
          <tessellate>1</tessellate>
          <coordinates>
            -77.067837,-12.027379,0
            -77.069074,-12.027135,0
            -77.069167,-12.02126,0
            -77.068368,-12.019973,0
            -77.067694,-12.015902,0
            -77.065963,-12.012869,0
            -77.064519,-12.012536,0
            -77.064349,-12.011977,0
            -77.062695,-12.011718,0
            -77.061013,-12.011487,0
          </coordinates>
        </LineString>
        <LineString>
          <tessellate>1</tessellate>
          <coordinates>
            -77.064878,-12.009108,0
            -77.065146,-12.009305,0
            -77.066131,-12.009632,0
            -77.067088,-12.00996,0
            -77.068027,-12.010269,0
            -77.068884,-12.010588,0
            -77.070006,-12.010959,0
            -77.070853,-12.011224,0
            -77.071792,-12.011489,0
            -77.072922,-12.011688,0
            -77.074053,-12.011887,0
            -77.075028,-12.012043,0
          </coordinates>
        </LineString>
        <LineString>
          <tessellate>1</tessellate>
          <coordinates>
            -77.0651,-12.032145,0
            -77.066449,-12.031972,0
            -77.067797,-12.031781,0
          </coordinates>
        </LineString>
        <LineString>
          <tessellate>1</tessellate>
          <coordinates>
            -77.065596,-12.044638,0
            -77.065259,-12.044571,0
            -77.065396,-12.043196,0
            -77.065567,-12.041622,0
            -77.065757,-12.040003,0
            -77.065985,-12.038609,0
            -77.066086,-12.037361,0
            -77.066165,-12.035671,0
            -77.065648,-12.035394,0
            -77.065193,-12.034711,0
          </coordinates>
        </LineString>
      </MultiGeometry>
    </Placemark>
    <Placemark>
      <name>L6756_SUB</name>
      <description><![CDATA[FID   0    <br>   LINEA   L6756    <br>   TIPO   LINEA ELECTRICA SUBTERRANEA    <br>   RECORRIDO   SET JOSE GRANDA - SET MIRONES]]></description>
      <styleUrl>#line-FF0000-2000</styleUrl>
      <MultiGeometry>
        <LineString>
          <tessellate>1</tessellate>
          <coordinates>
            -77.07835,-12.013259,0
            -77.078464,-12.013206,0
            -77.078131,-12.012576,0
            -77.075128,-12.012093,0
            -77.075035,-12.012052,0
          </coordinates>
        </LineString>
        <LineString>
          <tessellate>1</tessellate>
          <coordinates>
            -77.061013,-12.011487,0
            -77.060886,-12.011479,0
            -77.061216,-12.009499,0
            -77.061351,-12.009105,0
            -77.061484,-12.008954,0
            -77.061634,-12.008768,0
            -77.061803,-12.008611,0
            -77.062069,-12.00849,0
            -77.064646,-12.009007,0
            -77.064878,-12.009108,0
          </coordinates>
        </LineString>
        <LineString>
          <tessellate>1</tessellate>
          <coordinates>
            -77.067797,-12.031781,0
            -77.067789,-12.031751,0
            -77.067832,-12.028033,0
            -77.067868,-12.027871,0
            -77.067881,-12.027527,0
            -77.06783,-12.02738,0
            -77.067837,-12.027379,0
          </coordinates>
        </LineString>
        <LineString>
          <tessellate>1</tessellate>
          <coordinates>
            -77.0651,-12.032145,0
            -77.064799,-12.032195,0
            -77.065144,-12.034598,0
            -77.065193,-12.034711,0
          </coordinates>
        </LineString>
      </MultiGeometry>
    </Placemark>
    <Placemark>
      <name>L689</name>
      <description><![CDATA[L689    <br>       <br>   FID   0    <br>   LINEA   L689    <br>   TIPO   LINEA ELECTRICA AEREA    <br>   RECORRIDO   SET BARSI - SET INDUSTRIAL]]></description>
      <styleUrl>#line-005CE6-2000</styleUrl>
      <LineString>
        <tessellate>1</tessellate>
        <coordinates>
          -77.089167,-12.04812,0
          -77.088992,-12.047729,0
          -77.090673,-12.047761,0
          -77.092685,-12.047936,0
          -77.094569,-12.048103,0
          -77.09659,-12.048277,0
          -77.098115,-12.048428,0
          -77.098676,-12.048478,0
          -77.099641,-12.048553,0
          -77.100605,-12.048636,0
          -77.101524,-12.048719,0
          -77.102443,-12.048803,0
          -77.103344,-12.048877,0
          -77.103987,-12.048936,0
          -77.104025,-12.048013,0
          -77.104102,-12.047245,0
          -77.104378,-12.047233,0
          -77.104065,-12.048027,0
        </coordinates>
      </LineString>
    </Placemark>
    <Placemark>
      <name>L690</name>
      <description><![CDATA[L690    <br>       <br>   FID   0    <br>   LINEA   L690    <br>   TIPO   LINEA ELECTRICA AEREA    <br>   RECORRIDO   SET BARSI - SET INDUSTRIAL]]></description>
      <styleUrl>#line-005CE6-2000</styleUrl>
      <LineString>
        <tessellate>1</tessellate>
        <coordinates>
          -77.089167,-12.04812,0
          -77.088945,-12.047612,0
          -77.090673,-12.047761,0
          -77.092685,-12.047936,0
          -77.094569,-12.048103,0
          -77.09659,-12.048277,0
          -77.098023,-12.048402,0
          -77.098749,-12.04846,0
          -77.099641,-12.048553,0
          -77.100605,-12.048636,0
          -77.101524,-12.048719,0
          -77.102443,-12.048803,0
          -77.103344,-12.048877,0
          -77.103987,-12.048936,0
          -77.104025,-12.048013,0
          -77.104102,-12.047245,0
          -77.104378,-12.047233,0
          -77.104065,-12.048027,0
        </coordinates>
      </LineString>
    </Placemark>
    <Placemark>
      <name>L6943</name>
      <description><![CDATA[L6943    <br>       <br>   FID   0    <br>   LINEA   L6943    <br>   TIPO   LINEA ELECTRICA AEREA    <br>   RECORRIDO   SET HUARANGAL - SET PT. PIEDRA]]></description>
      <styleUrl>#line-005CE6-2000</styleUrl>
      <MultiGeometry>
        <LineString>
          <tessellate>1</tessellate>
          <coordinates>
            -77.061367,-11.86402,0
            -77.060217,-11.863639,0
            -77.058671,-11.863108,0
            -77.05719,-11.862622,0
            -77.055709,-11.862136,0
            -77.054228,-11.861649,0
            -77.052756,-11.861163,0
            -77.051266,-11.860677,0
            -77.049794,-11.86019,0
            -77.048304,-11.859704,0
            -77.046833,-11.859217,0
            -77.045351,-11.858722,0
            -77.043815,-11.858227,0
            -77.042352,-11.857686,0
            -77.041227,-11.856935,0
            -77.039918,-11.856086,0
            -77.03847,-11.855156,0
            -77.037032,-11.854227,0
            -77.035981,-11.853547,0
            -77.034699,-11.852716,0
            -77.033759,-11.852117,0
          </coordinates>
        </LineString>
        <LineString>
          <tessellate>1</tessellate>
          <coordinates>
            -77.046614,-11.82735,0
            -77.04676,-11.826084,0
            -77.048055,-11.826219,0
            -77.048013,-11.826626,0
          </coordinates>
        </LineString>
        <LineString>
          <tessellate>1</tessellate>
          <coordinates>
            -77.041697,-11.844802,0
            -77.04237,-11.843993,0
            -77.043024,-11.843175,0
            -77.04421,-11.842163,0
            -77.045398,-11.84154,0
            -77.04676,-11.840861,0
            -77.048112,-11.840065,0
            -77.049418,-11.839233,0
            -77.050696,-11.838402,0
            -77.049879,-11.837106,0
            -77.049044,-11.835811,0
            -77.048309,-11.83446,0
            -77.047537,-11.83302,0
            -77.04688,-11.83231,0
          </coordinates>
        </LineString>
        <LineString>
          <tessellate>1</tessellate>
          <coordinates>
            -77.0695,-11.868091,0
            -77.07038,-11.866774,0
            -77.071277,-11.865404,0
            -77.071919,-11.864006,0
            -77.070797,-11.863716,0
            -77.06943,-11.863662,0
            -77.06788,-11.863782,0
            -77.066367,-11.863893,0
            -77.065,-11.863993,0
            -77.063487,-11.864067,0
            -77.061927,-11.864124,0
          </coordinates>
        </LineString>
      </MultiGeometry>
    </Placemark>
    <Placemark>
      <name>L6943_SUB</name>
      <description><![CDATA[FID   0    <br>   LINEA   L6943    <br>   TIPO   LINEA ELECTRICA SUBTERRANEA    <br>   RECORRIDO   SET HUARANGAL - SET PT. PIEDRA]]></description>
      <styleUrl>#line-FF0000-2000</styleUrl>
      <MultiGeometry>
        <LineString>
          <tessellate>1</tessellate>
          <coordinates>
            -77.068551,-11.868848,0
            -77.068327,-11.869163,0
            -77.068539,-11.869302,0
            -77.069315,-11.868166,0
            -77.0695,-11.868091,0
          </coordinates>
        </LineString>
        <LineString>
          <tessellate>1</tessellate>
          <coordinates>
            -77.033759,-11.852117,0
            -77.033715,-11.852083,0
            -77.033804,-11.851877,0
            -77.033936,-11.851624,0
            -77.034067,-11.851407,0
            -77.034242,-11.851177,0
            -77.034437,-11.850954,0
            -77.034575,-11.850826,0
            -77.034958,-11.850528,0
            -77.035108,-11.850434,0
            -77.035733,-11.849933,0
            -77.036303,-11.849475,0
            -77.036477,-11.849359,0
            -77.036659,-11.8492,0
            -77.037958,-11.848209,0
            -77.038881,-11.847647,0
            -77.039434,-11.847183,0
            -77.04146,-11.845645,0
            -77.041622,-11.845459,0
            -77.041693,-11.844889,0
            -77.041698,-11.844851,0
            -77.041697,-11.844802,0
          </coordinates>
        </LineString>
        <LineString>
          <tessellate>1</tessellate>
          <coordinates>
            -77.04688,-11.83231,0
            -77.046859,-11.832272,0
            -77.046766,-11.832191,0
            -77.046634,-11.832079,0
            -77.046431,-11.831923,0
            -77.046141,-11.831705,0
            -77.044914,-11.830826,0
            -77.044756,-11.830691,0
            -77.044215,-11.829842,0
            -77.044144,-11.829687,0
            -77.044385,-11.828834,0
            -77.046287,-11.829038,0
            -77.046449,-11.82889,0
            -77.046614,-11.82735,0
          </coordinates>
        </LineString>
        <LineString>
          <tessellate>1</tessellate>
          <coordinates>
            -77.061367,-11.86402,0
            -77.061927,-11.864124,0
          </coordinates>
        </LineString>
      </MultiGeometry>
    </Placemark>
    <Placemark>
      <name>L693_SUB</name>
      <description><![CDATA[FID   0    <br>   LINEA   L693    <br>   TIPO   LINEA ELECTRICA SUBTERRANEA    <br>   RECORRIDO   SET HUACHO - SET MED. MUNDO]]></description>
      <styleUrl>#line-FF0000-2000</styleUrl>
      <LineString>
        <tessellate>1</tessellate>
        <coordinates>
          -77.632337,-10.894621,0
          -77.632452,-10.894714,0
          -77.632485,-10.89467,0
          -77.632613,-10.894483,0
          -77.632477,-10.894405,0
          -77.632536,-10.894315,0
        </coordinates>
      </LineString>
    </Placemark>
    <Placemark>
      <name>L693</name>
      <description><![CDATA[L693    <br>       <br>   FID   0    <br>   Id   0    <br>   LINEA   L693    <br>   TIPO   LINEA ELECTRICA AEREA    <br>   RECORRIDO   SET MED. MUNDO - SET SUPE]]></description>
      <styleUrl>#line-0070FF-2000</styleUrl>
      <LineString>
        <tessellate>1</tessellate>
        <coordinates>
          -77.632536,-10.894315,0
          -77.633178,-10.89243,0
          -77.633783,-10.890518,0
          -77.634698,-10.888903,0
          -77.636629,-10.889958,0
          -77.638546,-10.891062,0
          -77.640433,-10.892098,0
          -77.643092,-10.891965,0
          -77.645696,-10.891834,0
          -77.64697,-10.89111,0
          -77.648225,-10.890421,0
          -77.649243,-10.890152,0
          -77.650667,-10.889831,0
          -77.652002,-10.889521,0
          -77.653587,-10.889119,0
          -77.655487,-10.88872,0
          -77.656696,-10.888468,0
          -77.657968,-10.88817,0
          -77.659573,-10.887829,0
          -77.661109,-10.887422,0
          -77.662616,-10.887141,0
          -77.662848,-10.888045,0
          -77.663058,-10.889019,0
          -77.663569,-10.890416,0
          -77.664148,-10.891792,0
          -77.664715,-10.893195,0
          -77.665209,-10.894478,0
          -77.666392,-10.894709,0
          -77.667245,-10.89527,0
          -77.668486,-10.896113,0
          -77.66972,-10.896916,0
          -77.670747,-10.897601,0
          -77.670042,-10.898586,0
          -77.66913,-10.899885,0
          -77.66825,-10.901175,0
          -77.667311,-10.902547,0
          -77.666453,-10.903809,0
          -77.665606,-10.905033,0
          -77.664776,-10.906238,0
          -77.663982,-10.907394,0
          -77.663198,-10.908548,0
          -77.662262,-10.909902,0
          -77.661117,-10.911603,0
          -77.66032,-10.912758,0
          -77.659056,-10.914589,0
          -77.658114,-10.915954,0
          -77.657248,-10.917194,0
          -77.65651,-10.918355,0
          -77.655801,-10.919317,0
          -77.655131,-10.920507,0
          -77.654084,-10.921816,0
          -77.653277,-10.923113,0
          -77.6524,-10.924257,0
          -77.652051,-10.925468,0
          -77.652301,-10.925911,0
          -77.652071,-10.926716,0
          -77.651662,-10.928322,0
          -77.651236,-10.929912,0
          -77.650762,-10.931698,0
          -77.650343,-10.933382,0
          -77.649794,-10.935456,0
          -77.649537,-10.936833,0
          -77.649054,-10.938465,0
          -77.648689,-10.939766,0
          -77.648316,-10.941099,0
          -77.647915,-10.942419,0
          -77.647533,-10.943893,0
          -77.647246,-10.945167,0
          -77.647121,-10.946494,0
          -77.647126,-10.947966,0
          -77.647055,-10.948879,0
          -77.647018,-10.95004,0
          -77.646934,-10.952425,0
          -77.64775,-10.952451,0
          -77.647662,-10.954255,0
          -77.647541,-10.956052,0
          -77.647487,-10.958118,0
          -77.647389,-10.960109,0
          -77.647323,-10.961868,0
          -77.647242,-10.963008,0
          -77.647224,-10.963897,0
          -77.64714,-10.965773,0
          -77.647042,-10.967684,0
          -77.646954,-10.969253,0
          -77.646894,-10.971206,0
          -77.646747,-10.973217,0
          -77.646225,-10.973143,0
          -77.646145,-10.974772,0
          -77.646093,-10.976556,0
          -77.646026,-10.978286,0
          -77.645942,-10.979865,0
          -77.645895,-10.981472,0
          -77.645482,-10.983547,0
          -77.644721,-10.985711,0
          -77.644045,-10.987475,0
          -77.643454,-10.989324,0
          -77.642732,-10.991083,0
          -77.642044,-10.993051,0
          -77.641295,-10.995107,0
          -77.640519,-10.997266,0
          -77.640123,-10.998325,0
          -77.639602,-10.999972,0
          -77.639126,-11.001224,0
          -77.638425,-11.00327,0
          -77.637708,-11.005306,0
          -77.637006,-11.007293,0
          -77.636402,-11.009019,0
          -77.635709,-11.011022,0
          -77.635014,-11.013107,0
          -77.634335,-11.015008,0
          -77.633479,-11.017491,0
          -77.632837,-11.019331,0
          -77.631763,-11.02058,0
          -77.630673,-11.021798,0
          -77.629578,-11.023091,0
          -77.629213,-11.024178,0
          -77.628743,-11.025543,0
          -77.628306,-11.026914,0
          -77.628812,-11.028353,0
          -77.629367,-11.029819,0
          -77.628776,-11.0317,0
          -77.628389,-11.032898,0
          -77.627627,-11.035396,0
          -77.62665,-11.03818,0
          -77.626378,-11.039452,0
          -77.625732,-11.04148,0
          -77.625095,-11.043502,0
          -77.624485,-11.045527,0
          -77.6239,-11.047382,0
          -77.623369,-11.049128,0
          -77.622744,-11.051108,0
          -77.622147,-11.053052,0
          -77.621547,-11.055012,0
          -77.621059,-11.056564,0
          -77.620459,-11.058628,0
          -77.619801,-11.06062,0
          -77.619203,-11.062553,0
          -77.618678,-11.064234,0
          -77.618104,-11.066126,0
          -77.617648,-11.067569,0
          -77.617215,-11.068911,0
          -77.616772,-11.070391,0
          -77.616323,-11.071807,0
          -77.615831,-11.073363,0
          -77.615288,-11.075107,0
          -77.61484,-11.076796,0
          -77.613545,-11.080452,0
          -77.612877,-11.082517,0
          -77.612145,-11.083858,0
          -77.6111,-11.085961,0
          -77.610342,-11.0876,0
          -77.609497,-11.089442,0
          -77.608605,-11.091054,0
          -77.608442,-11.092062,0
          -77.608288,-11.092933,0
          -77.608041,-11.094124,0
          -77.607758,-11.095552,0
          -77.60847,-11.096504,0
          -77.608721,-11.096872,0
          -77.60851,-11.096777,0
        </coordinates>
      </LineString>
    </Placemark>
    <Placemark>
      <name>L624</name>
      <description><![CDATA[L624    <br>       <br>   FID   0    <br>   Id   0    <br>   LINEA   L624    <br>   TIPO   LINEA ELECTRICA AEREA    <br>   RECORRIDO   SET BARSI - SET STA-MARINA]]></description>
      <styleUrl>#line-005CE6-2000</styleUrl>
      <MultiGeometry>
        <LineString>
          <tessellate>1</tessellate>
          <coordinates>
            -77.133021,-12.055479,0
            -77.133162,-12.055257,0
            -77.133536,-12.053736,0
            -77.134,-12.052069,0
            -77.133557,-12.051738,0
            -77.131857,-12.051562,0
            -77.130322,-12.051393,0
            -77.128438,-12.051235,0
            -77.126803,-12.051067,0
            -77.125158,-12.050899,0
            -77.123476,-12.050758,0
            -77.12197,-12.050634,0
            -77.12015,-12.050458,0
            -77.118551,-12.050271,0
          </coordinates>
        </LineString>
        <LineString>
          <tessellate>1</tessellate>
          <coordinates>
            -77.109354,-12.04951,0
            -77.108288,-12.049418,0
            -77.106606,-12.049268,0
            -77.106017,-12.04911,0
            -77.104887,-12.04901,0
            -77.104964,-12.048223,0
            -77.105021,-12.047328,0
            -77.10481,-12.047312,0
            -77.104065,-12.048027,0
          </coordinates>
        </LineString>
      </MultiGeometry>
    </Placemark>
    <Placemark>
      <name>L624_SUB</name>
      <description><![CDATA[L624    <br>       <br>   FID   0    <br>   LINEA   L624    <br>   TIPO   LINEA ELECTRICA SUBTERRANEA    <br>   RECORRIDO   SET BARSI - SET STA-MARINA]]></description>
      <styleUrl>#line-FF0000-2000</styleUrl>
      <LineString>
        <tessellate>1</tessellate>
        <coordinates>
          -77.109354,-12.04951,0
          -77.110003,-12.049553,0
          -77.111691,-12.049669,0
          -77.113429,-12.049814,0
          -77.115167,-12.049959,0
          -77.116906,-12.050103,0
          -77.118551,-12.050271,0
        </coordinates>
      </LineString>
    </Placemark>
    <Placemark>
      <name>L6740_SUB</name>
      <description><![CDATA[L6740    <br>       <br>   FID   0    <br>   LINEA   L6740    <br>   TIPO   LINEA ELECTRICA SUBTERRANEA    <br>   RECORRIDO   SET MIRADOR - SET MARIATEGUI]]></description>
      <styleUrl>#line-FF0000-2000</styleUrl>
      <MultiGeometry>
        <LineString>
          <tessellate>1</tessellate>
          <coordinates>
            -76.988208,-11.954159,0
            -76.988772,-11.955129,0
            -76.988832,-11.955202,0
            -76.989056,-11.954864,0
            -76.989195,-11.954782,0
            -76.990185,-11.953969,0
            -76.991376,-11.955343,0
            -76.991544,-11.955524,0
            -76.991713,-11.955647,0
            -76.991923,-11.955731,0
            -76.992361,-11.955808,0
            -76.997381,-11.956473,0
            -76.998344,-11.956602,0
            -77.002166,-11.957095,0
            -77.002496,-11.95717,0
            -77.002871,-11.957294,0
            -77.004488,-11.958146,0
            -77.00476,-11.958389,0
            -77.004939,-11.958618,0
            -77.005694,-11.958159,0
            -77.005936,-11.958539,0
            -77.006773,-11.958039,0
            -77.007403,-11.957647,0
            -77.007577,-11.957522,0
            -77.008217,-11.957123,0
            -77.009046,-11.956603,0
            -77.009298,-11.956492,0
            -77.009978,-11.957561,0
            -77.010324,-11.957392,0
            -77.010852,-11.957633,0
            -77.011227,-11.957803,0
            -77.011234,-11.957878,0
            -77.011138,-11.958066,0
            -77.011099,-11.958229,0
            -77.011239,-11.958399,0
            -77.011444,-11.95854,0
            -77.01158,-11.95855,0
            -77.011725,-11.958478,0
            -77.012669,-11.958297,0
            -77.013201,-11.95812,0
            -77.013311,-11.957857,0
            -77.013982,-11.956843,0
            -77.014023,-11.956734,0
            -77.014048,-11.956687,0
          </coordinates>
        </LineString>
        <LineString>
          <tessellate>1</tessellate>
          <coordinates>
            -76.985215,-11.905347,0
            -76.985237,-11.905701,0
            -76.986652,-11.905652,0
          </coordinates>
        </LineString>
      </MultiGeometry>
    </Placemark>
    <Placemark>
      <name>L6740</name>
      <description><![CDATA[L6740    <br>       <br>   FID   0    <br>   LINEA   L6740    <br>   TIPO   LINEA ELECTRICA AEREA    <br>   RECORRIDO   SET MIRADOR - SET MARIATEGUI]]></description>
      <styleUrl>#line-005CE6-2000</styleUrl>
      <LineString>
        <tessellate>1</tessellate>
        <coordinates>
          -77.014048,-11.956687,0
          -77.013955,-11.956525,0
          -77.013602,-11.955876,0
          -77.013998,-11.954165,0
          -77.014462,-11.952465,0
          -77.015564,-11.948525,0
          -77.016688,-11.94435,0
          -77.015409,-11.941826,0
          -77.016867,-11.938192,0
          -77.014992,-11.936552,0
          -77.013782,-11.935539,0
          -77.012433,-11.934392,0
          -77.009376,-11.93182,0
          -77.005275,-11.928351,0
          -77.00263,-11.926087,0
          -76.999219,-11.926098,0
          -76.996238,-11.920697,0
          -76.993489,-11.918378,0
          -76.990818,-11.916125,0
          -76.991077,-11.911981,0
          -76.991222,-11.909676,0
          -76.991404,-11.906751,0
          -76.98963,-11.90517,0
          -76.988442,-11.905316,0
          -76.986836,-11.905669,0
          -76.986652,-11.905652,0
        </coordinates>
      </LineString>
    </Placemark>
    <Placemark>
      <name>L645</name>
      <description><![CDATA[L645    <br>       <br>   FID   0    <br>   LINEA   L645    <br>   TIPO   LINEA ELECTRICA AEREA    <br>   RECORRIDO   SET STA-MARINA - SET MARANGA]]></description>
      <styleUrl>#line-005CE6-2000</styleUrl>
      <MultiGeometry>
        <LineString>
          <tessellate>1</tessellate>
          <coordinates>
            -77.097184,-12.069832,0
            -77.097252,-12.06961,0
            -77.098279,-12.069467,0
            -77.099554,-12.069331,0
            -77.10094,-12.069194,0
            -77.102077,-12.069032,0
            -77.103187,-12.068906,0
            -77.104206,-12.068808,0
            -77.10404,-12.067553,0
            -77.104064,-12.066488,0
            -77.104253,-12.065355,0
            -77.10435,-12.064857,0
            -77.104482,-12.064197,0
            -77.104694,-12.06311,0
            -77.104813,-12.061871,0
            -77.104966,-12.060334,0
            -77.105094,-12.059004,0
            -77.105297,-12.058036,0
            -77.105625,-12.056443,0
            -77.105794,-12.055745,0
          </coordinates>
        </LineString>
        <LineString>
          <tessellate>1</tessellate>
          <coordinates>
            -77.133021,-12.055479,0
            -77.13309,-12.055411,0
          </coordinates>
        </LineString>
      </MultiGeometry>
    </Placemark>
    <Placemark>
      <name>L645_SUB</name>
      <description><![CDATA[FID   0    <br>   LINEA   L645    <br>   TIPO   LINEA ELECTRICA SUBTERRANEA    <br>   RECORRIDO   SET STA-MARINA - SET MARANGA]]></description>
      <styleUrl>#line-FF0000-2000</styleUrl>
      <LineString>
        <tessellate>1</tessellate>
        <coordinates>
          -77.105794,-12.055745,0
          -77.105862,-12.055576,0
          -77.105921,-12.055322,0
          -77.105889,-12.054368,0
          -77.106072,-12.052686,0
          -77.107721,-12.052836,0
          -77.107818,-12.05287,0
          -77.112096,-12.053268,0
          -77.116585,-12.053627,0
          -77.116662,-12.053626,0
          -77.116825,-12.05364,0
          -77.116915,-12.053657,0
          -77.117274,-12.053693,0
          -77.118023,-12.053777,0
          -77.119366,-12.053888,0
          -77.119631,-12.053953,0
          -77.119841,-12.054018,0
          -77.12006,-12.054104,0
          -77.12027,-12.054206,0
          -77.120458,-12.054319,0
          -77.120635,-12.054447,0
          -77.120774,-12.054567,0
          -77.121673,-12.055493,0
          -77.121878,-12.055671,0
          -77.122125,-12.05523,0
          -77.122348,-12.054963,0
          -77.123858,-12.053718,0
          -77.123986,-12.053697,0
          -77.125286,-12.052628,0
          -77.127002,-12.053527,0
          -77.127093,-12.053578,0
          -77.127175,-12.053619,0
          -77.127278,-12.053669,0
          -77.127842,-12.05396,0
          -77.128532,-12.05437,0
          -77.128642,-12.054435,0
          -77.128945,-12.054592,0
          -77.129033,-12.054659,0
          -77.129172,-12.054732,0
          -77.129396,-12.054819,0
          -77.129821,-12.054918,0
          -77.129972,-12.054954,0
          -77.133111,-12.055607,0
          -77.133151,-12.055427,0
          -77.13309,-12.055411,0
        </coordinates>
      </LineString>
    </Placemark>
    <Placemark>
      <name>L6441</name>
      <description><![CDATA[L6441    <br>       <br>   FID   0    <br>   LINEA   L6441    <br>   TIPO   LINEA ELECTRICA AEREA    <br>   RECORRIDO   SET BARSI - SET MARANGA]]></description>
      <styleUrl>#line-005CE6-2000</styleUrl>
      <LineString>
        <tessellate>1</tessellate>
        <coordinates>
          -77.097184,-12.069832,0
          -77.097196,-12.069593,0
          -77.098279,-12.069467,0
          -77.099554,-12.069331,0
          -77.10094,-12.069194,0
          -77.102077,-12.069032,0
          -77.103187,-12.068906,0
          -77.104178,-12.06879,0
          -77.10404,-12.067553,0
          -77.104064,-12.066488,0
          -77.104253,-12.065355,0
          -77.10435,-12.064857,0
          -77.104482,-12.064197,0
          -77.104694,-12.06311,0
          -77.104813,-12.061871,0
          -77.104966,-12.060334,0
          -77.105094,-12.059004,0
          -77.105297,-12.058036,0
          -77.105625,-12.056443,0
          -77.105757,-12.055737,0
          -77.105886,-12.054651,0
          -77.106064,-12.052752,0
          -77.106235,-12.051106,0
          -77.106359,-12.049406,0
        </coordinates>
      </LineString>
    </Placemark>
    <Placemark>
      <name>L6441_SUB</name>
      <description><![CDATA[FID   0    <br>   LINEA   L6441    <br>   TIPO   LINEA ELECTRICA SUBTERRANEA    <br>   RECORRIDO   SET BARSI - SET MARANGA]]></description>
      <styleUrl>#line-E60000-2000</styleUrl>
      <LineString>
        <tessellate>1</tessellate>
        <coordinates>
          -77.104065,-12.048027,0
          -77.104082,-12.04775,0
          -77.104887,-12.047815,0
          -77.104837,-12.048286,0
          -77.104791,-12.048795,0
          -77.104862,-12.048921,0
          -77.105309,-12.048964,0
          -77.105312,-12.049092,0
          -77.106289,-12.049187,0
          -77.106383,-12.049322,0
          -77.106359,-12.049406,0
        </coordinates>
      </LineString>
    </Placemark>
    <Placemark>
      <name>L6754</name>
      <description><![CDATA[L6754    <br>       <br>   FID   0    <br>   LINEA   L6754    <br>   TIPO   LINEA ELECTRICA AEREA    <br>   RECORRIDO   SET IZAGUIRRE - SET MIRONES]]></description>
      <styleUrl>#line-005CE6-2000</styleUrl>
      <MultiGeometry>
        <LineString>
          <tessellate>1</tessellate>
          <coordinates>
            -77.067864,-12.027361,0
            -77.069074,-12.027135,0
            -77.069167,-12.02126,0
            -77.068368,-12.019973,0
            -77.067694,-12.015902,0
            -77.065963,-12.012869,0
            -77.064546,-12.0125,0
            -77.064368,-12.01195,0
            -77.062695,-12.011718,0
            -77.061022,-12.011442,0
          </coordinates>
        </LineString>
        <LineString>
          <tessellate>1</tessellate>
          <coordinates>
            -77.065596,-12.044638,0
            -77.065424,-12.044497,0
            -77.065511,-12.04381,0
            -77.06557,-12.043158,0
            -77.06576,-12.041593,0
            -77.065914,-12.040092,0
            -77.065985,-12.038609,0
            -77.066086,-12.037361,0
            -77.066192,-12.035652,0
            -77.065648,-12.035394,0
            -77.065221,-12.034692,0
          </coordinates>
        </LineString>
        <LineString>
          <tessellate>1</tessellate>
          <coordinates>
            -77.06511,-12.032172,0
            -77.066449,-12.031972,0
            -77.067797,-12.031835,0
          </coordinates>
        </LineString>
        <LineString>
          <tessellate>1</tessellate>
          <coordinates>
            -77.065231,-11.99873,0
            -77.065359,-11.998585,0
          </coordinates>
        </LineString>
      </MultiGeometry>
    </Placemark>
    <Placemark>
      <name>L6753_SUB</name>
      <description><![CDATA[FID   0    <br>   LINEA   L6754    <br>   TIPO   LINEA ELECTRICA SUBTERRANEA    <br>   RECORRIDO   SET IZAGUIRRE - SET MIRONES]]></description>
      <styleUrl>#line-FF0000-2000</styleUrl>
      <LineString>
        <tessellate>1</tessellate>
        <coordinates>
          -77.065359,-11.998585,0
          -77.065198,-11.998599,0
          -77.065114,-11.998336,0
          -77.064814,-11.997531,0
          -77.064669,-11.997535,0
          -77.063665,-11.997348,0
          -77.063327,-11.997262,0
          -77.063471,-11.996832,0
          -77.062874,-11.996446,0
          -77.05887,-11.995177,0
          -77.059204,-11.993092,0
          -77.058149,-11.99293,0
          -77.058106,-11.992653,0
        </coordinates>
      </LineString>
    </Placemark>
    <Placemark>
      <name>L6754_SUB</name>
      <description><![CDATA[FID   0    <br>   LINEA   L6754    <br>   TIPO   LINEA ELECTRICA SUBTERRANEA    <br>   RECORRIDO   SET IZAGUIRRE - SET MIRONES]]></description>
      <styleUrl>#line-FF0000-2000</styleUrl>
      <MultiGeometry>
        <LineString>
          <tessellate>1</tessellate>
          <coordinates>
            -77.061022,-12.011442,0
            -77.060858,-12.01141,0
            -77.061175,-12.009503,0
            -77.061211,-12.009355,0
            -77.061231,-12.009284,0
            -77.061253,-12.009227,0
            -77.061261,-12.009196,0
            -77.061282,-12.00915,0
            -77.061322,-12.009093,0
            -77.061382,-12.009022,0
            -77.061453,-12.00894,0
            -77.061504,-12.008883,0
            -77.061535,-12.008841,0
            -77.061566,-12.008803,0
            -77.061615,-12.008751,0
            -77.062133,-12.005451,0
            -77.06214,-12.005408,0
            -77.062154,-12.005355,0
            -77.062166,-12.005309,0
            -77.062179,-12.005262,0
            -77.062192,-12.005202,0
            -77.062211,-12.005153,0
            -77.062236,-12.005101,0
            -77.062262,-12.005049,0
            -77.062278,-12.005015,0
            -77.062307,-12.004968,0
            -77.062387,-12.004786,0
            -77.062304,-12.004019,0
            -77.062291,-12.003826,0
            -77.06218,-12.003053,0
            -77.062185,-12.002891,0
            -77.062882,-11.998264,0
            -77.062982,-11.9982,0
            -77.063993,-11.998346,0
            -77.064884,-11.998038,0
            -77.065145,-11.998764,0
            -77.065231,-11.99873,0
          </coordinates>
        </LineString>
        <LineString>
          <tessellate>1</tessellate>
          <coordinates>
            -77.065221,-12.034692,0
            -77.065174,-12.034583,0
            -77.064829,-12.032209,0
            -77.06511,-12.032172,0
          </coordinates>
        </LineString>
        <LineString>
          <tessellate>1</tessellate>
          <coordinates>
            -77.067864,-12.027361,0
            -77.0678,-12.027365,0
            -77.06786,-12.027527,0
            -77.067853,-12.027854,0
            -77.067798,-12.028033,0
            -77.06776,-12.031737,0
            -77.06777,-12.031792,0
            -77.067797,-12.031835,0
          </coordinates>
        </LineString>
      </MultiGeometry>
    </Placemark>
    <Placemark>
      <name>L623</name>
      <description><![CDATA[L623    <br>       <br>   FID   0    <br>   LINEA   L623    <br>   TIPO   LINEA ELECTRICA AEREA    <br>   RECORRIDO   SET BARSI - SET STA-MARINA]]></description>
      <styleUrl>#line-005CE6-2000</styleUrl>
      <MultiGeometry>
        <LineString>
          <tessellate>1</tessellate>
          <coordinates>
            -77.131746,-12.051499,0
            -77.129945,-12.051332,0
            -77.130482,-12.04953,0
            -77.1308,-12.048,0
            -77.131128,-12.046497,0
            -77.13084,-12.046102,0
            -77.129413,-12.045579,0
            -77.128041,-12.045066,0
            -77.126761,-12.04456,0
            -77.125315,-12.044074,0
          </coordinates>
        </LineString>
        <LineString>
          <tessellate>1</tessellate>
          <coordinates>
            -77.133021,-12.055479,0
            -77.133123,-12.054896,0
            -77.13206,-12.054072,0
            -77.131116,-12.053286,0
            -77.13082,-12.052862,0
          </coordinates>
        </LineString>
        <LineString>
          <tessellate>1</tessellate>
          <coordinates>
            -77.113955,-12.046131,0
            -77.112351,-12.04645,0
            -77.110718,-12.046734,0
            -77.109114,-12.047035,0
            -77.108188,-12.047187,0
            -77.10727,-12.047257,0
            -77.106333,-12.047237,0
            -77.105497,-12.047171,0
            -77.104753,-12.047104,0
            -77.104065,-12.048027,0
          </coordinates>
        </LineString>
      </MultiGeometry>
    </Placemark>
    <Placemark>
      <name>L623_SUB</name>
      <description><![CDATA[FID   0    <br>   LINEA   L623    <br>   TIPO   LINEA ELECTRICA SUBTERRANEA    <br>   RECORRIDO   SET BARSI - SET STA-MARINA]]></description>
      <styleUrl>#line-FF0000-2000</styleUrl>
      <MultiGeometry>
        <LineString>
          <tessellate>1</tessellate>
          <coordinates>
            -77.13082,-12.052862,0
            -77.130888,-12.052693,0
            -77.131535,-12.051894,0
            -77.131627,-12.051524,0
            -77.131721,-12.051532,0
            -77.131746,-12.051499,0
          </coordinates>
        </LineString>
        <LineString>
          <tessellate>1</tessellate>
          <coordinates>
            -77.125315,-12.044074,0
            -77.123729,-12.044384,0
            -77.122097,-12.044668,0
            -77.120456,-12.044943,0
            -77.118833,-12.045253,0
            -77.117229,-12.045582,0
            -77.115587,-12.045847,0
            -77.113955,-12.046131,0
          </coordinates>
        </LineString>
      </MultiGeometry>
    </Placemark>
    <Placemark>
      <name>L6349</name>
      <description><![CDATA[L6349    <br>       <br>   FID   0    <br>   LINEA   L6349    <br>   TIPO   LINEA ELECTRICA AEREA    <br>   RECORRIDO   SET COMAS - SET HUARANGAL]]></description>
      <styleUrl>#line-005CE6-2000</styleUrl>
      <MultiGeometry>
        <LineString>
          <tessellate>1</tessellate>
          <coordinates>
            -77.030267,-11.868986,0
            -77.030028,-11.86976,0
            -77.029699,-11.870525,0
            -77.029216,-11.871456,0
            -77.028725,-11.872471,0
            -77.02921,-11.872889,0
            -77.029721,-11.873479,0
            -77.030456,-11.874322,0
            -77.03118,-11.875157,0
            -77.031831,-11.875906,0
            -77.032277,-11.876215,0
            -77.031488,-11.876868,0
            -77.030855,-11.877398,0
            -77.030143,-11.87802,0
            -77.030695,-11.878657,0
            -77.03128,-11.879316,0
            -77.031922,-11.880083,0
            -77.032365,-11.880643,0
            -77.032861,-11.881627,0
            -77.033284,-11.882489,0
            -77.033801,-11.883476,0
            -77.034296,-11.884421,0
            -77.034727,-11.885238,0
            -77.035234,-11.886201,0
            -77.035737,-11.887157,0
            -77.036237,-11.888081,0
            -77.036689,-11.888961,0
            -77.037113,-11.889764,0
            -77.037539,-11.89057,0
            -77.037965,-11.891376,0
            -77.038392,-11.891887,0
            -77.039141,-11.892742,0
            -77.039584,-11.893247,0
            -77.040408,-11.8937,0
            -77.041451,-11.894097,0
            -77.042483,-11.894748,0
            -77.042913,-11.895417,0
            -77.043271,-11.89601,0
            -77.043368,-11.896647,0
            -77.043522,-11.897681,0
            -77.043257,-11.898451,0
            -77.043056,-11.899053,0
            -77.042991,-11.899244,0
            -77.04317,-11.899708,0
            -77.043834,-11.90046,0
            -77.044474,-11.901154,0
            -77.045271,-11.901979,0
          </coordinates>
        </LineString>
        <LineString>
          <tessellate>1</tessellate>
          <coordinates>
            -77.036942,-11.854499,0
            -77.03625,-11.855181,0
            -77.035275,-11.856083,0
            -77.034627,-11.856567,0
            -77.033894,-11.856726,0
          </coordinates>
        </LineString>
        <LineString>
          <tessellate>1</tessellate>
          <coordinates>
            -77.03177,-11.862291,0
            -77.031345,-11.863905,0
            -77.030987,-11.865568,0
          </coordinates>
        </LineString>
        <LineString>
          <tessellate>1</tessellate>
          <coordinates>
            -77.052146,-11.909566,0
            -77.052737,-11.910013,0
            -77.053512,-11.910578,0
            -77.054051,-11.910995,0
            -77.054264,-11.911372,0
            -77.054813,-11.912346,0
            -77.0553,-11.913217,0
            -77.055831,-11.914167,0
            -77.056449,-11.915271,0
            -77.05705,-11.915975,0
            -77.058037,-11.915471,0
          </coordinates>
        </LineString>
      </MultiGeometry>
    </Placemark>
    <Placemark>
      <name>L6349_SUB</name>
      <description><![CDATA[FID   0    <br>   LINEA   L6349    <br>   TIPO   LINEA ELECTRICA SUBTERRANEA    <br>   RECORRIDO   SET COMAS - SET HUARANGAL]]></description>
      <styleUrl>#line-FF0000-2000</styleUrl>
      <MultiGeometry>
        <LineString>
          <tessellate>1</tessellate>
          <coordinates>
            -77.047915,-11.826361,0
            -77.047928,-11.826186,0
            -77.048887,-11.826315,0
            -77.048571,-11.829077,0
            -77.048547,-11.82943,0
            -77.048469,-11.829973,0
            -77.047919,-11.830141,0
            -77.046595,-11.830377,0
            -77.045645,-11.830619,0
            -77.044827,-11.830707,0
            -77.044947,-11.830822,0
            -77.046157,-11.831684,0
            -77.046456,-11.831891,0
            -77.046658,-11.832046,0
            -77.046867,-11.832188,0
            -77.047107,-11.832383,0
            -77.047117,-11.832416,0
            -77.047145,-11.832497,0
            -77.047173,-11.832564,0
            -77.047245,-11.832685,0
            -77.047397,-11.832907,0
            -77.047563,-11.833219,0
            -77.047864,-11.833709,0
            -77.047938,-11.833847,0
            -77.04868,-11.835313,0
            -77.048778,-11.835488,0
            -77.046774,-11.835702,0
            -77.046438,-11.835879,0
            -77.046341,-11.835939,0
            -77.044427,-11.837125,0
            -77.044637,-11.837452,0
            -77.045959,-11.839496,0
            -77.04655,-11.840409,0
            -77.046739,-11.840702,0
            -77.045698,-11.841236,0
            -77.045044,-11.841571,0
            -77.044951,-11.841619,0
            -77.044423,-11.841889,0
            -77.044324,-11.841946,0
            -77.044184,-11.842046,0
            -77.044069,-11.842141,0
            -77.043776,-11.842384,0
            -77.043474,-11.842634,0
            -77.043391,-11.842709,0
            -77.043155,-11.84295,0
            -77.042953,-11.84314,0
            -77.042799,-11.843294,0
            -77.042751,-11.843364,0
            -77.04166,-11.844772,0
            -77.041602,-11.844897,0
            -77.041579,-11.845021,0
            -77.041575,-11.845205,0
            -77.041624,-11.845382,0
            -77.04161,-11.845453,0
            -77.04145,-11.845635,0
            -77.039425,-11.847172,0
            -77.038873,-11.847636,0
            -77.03795,-11.848198,0
            -77.03665,-11.849189,0
            -77.036469,-11.849349,0
            -77.036292,-11.849466,0
            -77.035716,-11.849929,0
            -77.035098,-11.850424,0
            -77.034936,-11.850528,0
            -77.034566,-11.850816,0
            -77.034427,-11.850945,0
            -77.034232,-11.851168,0
            -77.034056,-11.851399,0
            -77.033924,-11.851618,0
            -77.033792,-11.851871,0
            -77.033775,-11.851986,0
            -77.033756,-11.85211,0
            -77.035936,-11.853566,0
            -77.036551,-11.853956,0
            -77.037121,-11.854316,0
            -77.036942,-11.854499,0
          </coordinates>
        </LineString>
        <LineString>
          <tessellate>1</tessellate>
          <coordinates>
            -77.03177,-11.862291,0
            -77.031803,-11.862195,0
            -77.031842,-11.862079,0
            -77.032028,-11.861314,0
            -77.032253,-11.860331,0
            -77.032509,-11.859301,0
            -77.032572,-11.859199,0
            -77.033094,-11.85831,0
            -77.033601,-11.857308,0
            -77.033674,-11.857139,0
            -77.033831,-11.856853,0
            -77.033894,-11.856726,0
          </coordinates>
        </LineString>
        <LineString>
          <tessellate>1</tessellate>
          <coordinates>
            -77.030267,-11.868986,0
            -77.030318,-11.868882,0
            -77.030539,-11.86823,0
            -77.03061,-11.867691,0
            -77.03064,-11.867247,0
            -77.03067,-11.867198,0
            -77.030933,-11.865866,0
            -77.030987,-11.865568,0
          </coordinates>
        </LineString>
        <LineString>
          <tessellate>1</tessellate>
          <coordinates>
            -77.052146,-11.909566,0
            -77.052052,-11.909494,0
            -77.051878,-11.909328,0
            -77.050674,-11.907931,0
            -77.050379,-11.907689,0
            -77.049425,-11.90659,0
            -77.048827,-11.905931,0
            -77.047542,-11.90454,0
            -77.047365,-11.904308,0
            -77.046881,-11.903815,0
            -77.045319,-11.90207,0
            -77.045327,-11.902048,0
            -77.045298,-11.902012,0
            -77.045271,-11.901979,0
          </coordinates>
        </LineString>
        <LineString>
          <tessellate>1</tessellate>
          <coordinates>
            -77.058037,-11.915471,0
            -77.058096,-11.915355,0
            -77.058152,-11.915213,0
            -77.058198,-11.915125,0
            -77.058264,-11.915047,0
            -77.058342,-11.914988,0
            -77.058518,-11.914868,0
            -77.058652,-11.914796,0
            -77.058846,-11.915133,0
            -77.059038,-11.915035,0
            -77.059362,-11.914817,0
            -77.059664,-11.914639,0
            -77.059801,-11.914557,0
            -77.059938,-11.914481,0
            -77.061052,-11.91379,0
            -77.061199,-11.913703,0
            -77.061534,-11.913498,0
            -77.062118,-11.913117,0
            -77.062253,-11.913309,0
          </coordinates>
        </LineString>
      </MultiGeometry>
    </Placemark>
    <Placemark>
      <name>L2112</name>
      <description><![CDATA[L2112    <br>       <br>   FID   0    <br>   Id   0    <br>   LINEA   L2112    <br>   TIPO   LINEA ELECTRICA AEREA    <br>   RECORRIDO   SET MIRADOR-SET CARABAYLLO]]></description>
      <styleUrl>#line-005CE6-2000</styleUrl>
      <LineString>
        <tessellate>1</tessellate>
        <coordinates>
          -76.988525,-11.908443,0
          -76.986841,-11.90521,0
          -76.987311,-11.905221,0
          -76.989179,-11.904641,0
          -76.990424,-11.899516,0
          -76.991086,-11.896789,0
          -76.992246,-11.892012,0
          -76.989085,-11.887671,0
          -76.985505,-11.882739,0
          -76.981695,-11.877499,0
          -76.980146,-11.875368,0
          -76.977631,-11.871907,0
          -76.976135,-11.869849,0
          -76.973078,-11.864452,0
          -76.969588,-11.858289,0
          -76.967604,-11.854784,0
          -76.964848,-11.849921,0
          -76.963175,-11.846971,0
          -76.960856,-11.839358,0
          -76.959392,-11.834549,0
          -76.964808,-11.828772,0
          -76.966928,-11.826511,0
          -76.969037,-11.820848,0
          -76.970638,-11.816551,0
          -76.970259,-11.812586,0
          -76.969969,-11.809545,0
          -76.969543,-11.805085,0
          -76.969445,-11.804055,0
          -76.96922,-11.801696,0
          -76.967226,-11.800779,0
          -76.962449,-11.798585,0
          -76.962109,-11.797624,0
          -76.965069,-11.800545,0
        </coordinates>
      </LineString>
    </Placemark>
    <Placemark>
      <name>L2113</name>
      <description><![CDATA[L2113    <br>       <br>   FID   0    <br>   Id   0    <br>   LINEA   L2113    <br>   TIPO   LINEA ELECTRICA AEREA    <br>   RECORRIDO   SET MIRADOR -  SET CARABAYLLO]]></description>
      <styleUrl>#line-005CE6-2000</styleUrl>
      <LineString>
        <tessellate>1</tessellate>
        <coordinates>
          -76.988525,-11.908443,0
          -76.986838,-11.90512,0
          -76.987311,-11.905221,0
          -76.989179,-11.904641,0
          -76.990424,-11.899516,0
          -76.991086,-11.896789,0
          -76.992246,-11.892012,0
          -76.989085,-11.887671,0
          -76.985505,-11.882739,0
          -76.981695,-11.877499,0
          -76.980146,-11.875368,0
          -76.977631,-11.871907,0
          -76.976135,-11.869849,0
          -76.973078,-11.864452,0
          -76.969588,-11.858289,0
          -76.967604,-11.854784,0
          -76.964848,-11.849921,0
          -76.963175,-11.846971,0
          -76.960856,-11.839358,0
          -76.959392,-11.834549,0
          -76.964808,-11.828772,0
          -76.966928,-11.826511,0
          -76.969037,-11.820848,0
          -76.970638,-11.816551,0
          -76.970259,-11.812586,0
          -76.969969,-11.809545,0
          -76.969543,-11.805085,0
          -76.969445,-11.804055,0
          -76.96922,-11.801696,0
          -76.967226,-11.800779,0
          -76.962449,-11.798585,0
          -76.962109,-11.797624,0
          -76.965069,-11.800545,0
        </coordinates>
      </LineString>
    </Placemark>
    <Placemark>
      <name>L2016</name>
      <description><![CDATA[L2016    <br>       <br>   FID   0    <br>   LINEA   L2016    <br>   TIPO   LINEA ELECTRICA AEREA    <br>   RECORRIDO   SET CHILLON -  SET VENTANILLA GENERACION 2016]]></description>
      <styleUrl>#line-005CE6-2000</styleUrl>
      <LineString>
        <tessellate>1</tessellate>
        <coordinates>
          -77.119444,-11.936661,0
          -77.119808,-11.936561,0
          -77.120264,-11.935836,0
          -77.121901,-11.935743,0
          -77.122388,-11.934935,0
          -77.12131,-11.934072,0
          -77.11885,-11.932395,0
          -77.117382,-11.933107,0
          -77.116542,-11.931977,0
          -77.117023,-11.931614,0
        </coordinates>
      </LineString>
    </Placemark>
    <Placemark>
      <name>L671</name>
      <description><![CDATA[L671    <br>       <br>   FID   0    <br>   Id   0    <br>   LINEA   L671    <br>   TIPO   LINEA ELECTRICA AEREA    <br>   RECORRIDO   SET CHANCAY - SET HUARAL]]></description>
      <styleUrl>#line-005CE6-2000</styleUrl>
      <LineString>
        <tessellate>1</tessellate>
        <coordinates>
          -77.197118,-11.493384,0
          -77.196946,-11.493765,0
          -77.19691,-11.493801,0
          -77.197839,-11.495439,0
          -77.198642,-11.496945,0
          -77.199577,-11.498625,0
          -77.200479,-11.500281,0
          -77.20139,-11.501965,0
          -77.202274,-11.503617,0
          -77.203352,-11.505583,0
          -77.204254,-11.507302,0
          -77.206009,-11.507876,0
          -77.208121,-11.508502,0
          -77.210298,-11.509091,0
          -77.212492,-11.509689,0
          -77.214706,-11.510305,0
          -77.216424,-11.510879,0
          -77.218151,-11.511462,0
          -77.219888,-11.512055,0
          -77.221633,-11.512647,0
          -77.223548,-11.513321,0
          -77.22483,-11.514384,0
          -77.226045,-11.515424,0
          -77.227641,-11.516794,0
          -77.228886,-11.517851,0
          -77.230408,-11.51915,0
          -77.231988,-11.520546,0
          -77.23361,-11.521882,0
          -77.235193,-11.52324,0
          -77.236793,-11.524595,0
          -77.238675,-11.526217,0
          -77.240179,-11.527497,0
          -77.24184,-11.528921,0
          -77.243359,-11.530221,0
          -77.245097,-11.531707,0
          -77.246131,-11.532621,0
          -77.247404,-11.53375,0
          -77.24846,-11.534618,0
          -77.249913,-11.535895,0
          -77.251657,-11.537331,0
          -77.252968,-11.538496,0
          -77.254118,-11.539093,0
          -77.255701,-11.53993,0
          -77.255763,-11.541936,0
          -77.255897,-11.543731,0
          -77.256282,-11.544932,0
          -77.256959,-11.547096,0
          -77.257617,-11.549106,0
          -77.258545,-11.551544,0
          -77.258988,-11.553297,0
          -77.259736,-11.555162,0
          -77.260301,-11.556938,0
          -77.260874,-11.558741,0
          -77.26138,-11.560441,0
          -77.260489,-11.562346,0
          -77.259491,-11.5645,0
          -77.258421,-11.565927,0
          -77.258758,-11.567967,0
          -77.258618,-11.569929,0
          -77.25927,-11.571799,0
          -77.259771,-11.573227,0
          -77.260392,-11.575202,0
          -77.260565,-11.576113,0
          -77.260908,-11.577773,0
          -77.260977,-11.579481,0
          -77.261106,-11.580826,0
          -77.260465,-11.58197,0
          -77.259978,-11.582959,0
          -77.259879,-11.583133,0
          -77.259646,-11.58309,0
        </coordinates>
      </LineString>
    </Placemark>
    <Placemark>
      <name>L670</name>
      <description><![CDATA[L670    <br>       <br>   FID   0    <br>   Id   0    <br>   LINEA   L670    <br>   TIPO   LINEA ELECTRICA AEREA    <br>   RECORRIDO   SET ANCON - SET HUARAL]]></description>
      <styleUrl>#line-005CE6-2000</styleUrl>
      <LineString>
        <tessellate>1</tessellate>
        <coordinates>
          -77.197099,-11.493372,0
          -77.196864,-11.493729,0
          -77.196974,-11.493828,0
          -77.197839,-11.495439,0
          -77.198642,-11.496945,0
          -77.199577,-11.498625,0
          -77.200479,-11.500281,0
          -77.20139,-11.501965,0
          -77.202274,-11.503617,0
          -77.203352,-11.505583,0
          -77.204254,-11.507302,0
          -77.206009,-11.507876,0
          -77.208121,-11.508502,0
          -77.210298,-11.509091,0
          -77.212492,-11.509689,0
          -77.214715,-11.510277,0
          -77.216424,-11.510879,0
          -77.218151,-11.511462,0
          -77.219888,-11.512055,0
          -77.221633,-11.512647,0
          -77.223548,-11.513321,0
          -77.22483,-11.514384,0
          -77.226045,-11.515424,0
          -77.227641,-11.516794,0
          -77.228886,-11.517851,0
          -77.230408,-11.51915,0
          -77.231988,-11.520546,0
          -77.23361,-11.521882,0
          -77.235193,-11.52324,0
          -77.236793,-11.524595,0
          -77.238675,-11.526217,0
          -77.240179,-11.527497,0
          -77.24184,-11.528921,0
          -77.243359,-11.530221,0
          -77.245097,-11.531707,0
          -77.246131,-11.532621,0
          -77.247404,-11.53375,0
          -77.24846,-11.534618,0
          -77.249913,-11.535895,0
          -77.251657,-11.537331,0
          -77.253004,-11.538451,0
          -77.254118,-11.539093,0
          -77.255646,-11.539948,0
          -77.255763,-11.541936,0
          -77.255897,-11.543731,0
          -77.256282,-11.544932,0
          -77.256959,-11.547096,0
          -77.257617,-11.549106,0
          -77.258562,-11.551529,0
          -77.258988,-11.553297,0
          -77.259736,-11.555162,0
          -77.260301,-11.556938,0
          -77.260874,-11.558741,0
          -77.26138,-11.560441,0
          -77.260489,-11.562346,0
          -77.259491,-11.5645,0
          -77.258421,-11.565927,0
          -77.258758,-11.567967,0
          -77.258663,-11.569892,0
          -77.25927,-11.571799,0
          -77.259771,-11.573227,0
          -77.260448,-11.575183,0
          -77.260565,-11.576113,0
          -77.260926,-11.577764,0
          -77.260977,-11.579481,0
          -77.261088,-11.580826,0
          -77.260465,-11.58197,0
          -77.259978,-11.582959,0
          -77.259912,-11.583215,0
          -77.25747,-11.585717,0
          -77.257057,-11.586786,0
          -77.256323,-11.588907,0
          -77.255604,-11.590729,0
          -77.254817,-11.593202,0
          -77.253392,-11.594361,0
          -77.251722,-11.595865,0
          -77.250584,-11.596841,0
          -77.248271,-11.597555,0
          -77.246378,-11.598148,0
          -77.245288,-11.599358,0
          -77.24429,-11.600658,0
          -77.243264,-11.60194,0
          -77.242221,-11.60325,0
          -77.240669,-11.605259,0
          -77.238029,-11.607557,0
          -77.236192,-11.609397,0
          -77.235636,-11.609808,0
          -77.234129,-11.610497,0
          -77.23234,-11.611388,0
          -77.23066,-11.612226,0
          -77.229194,-11.612963,0
          -77.227236,-11.613921,0
          -77.225209,-11.614922,0
          -77.223209,-11.615932,0
          -77.221237,-11.616932,0
          -77.21763,-11.618722,0
          -77.216324,-11.619374,0
          -77.214401,-11.620771,0
          -77.212778,-11.621931,0
          -77.211302,-11.623018,0
          -77.20988,-11.624059,0
          -77.208386,-11.625309,0
          -77.207972,-11.627409,0
          -77.20773,-11.629272,0
          -77.207417,-11.63148,0
          -77.207218,-11.632982,0
          -77.206889,-11.63537,0
          -77.206613,-11.637595,0
          -77.205261,-11.638193,0
          -77.204207,-11.640605,0
          -77.203462,-11.642545,0
          -77.202508,-11.644902,0
          -77.201973,-11.646732,0
          -77.201233,-11.649367,0
          -77.200599,-11.65155,0
          -77.199937,-11.653733,0
          -77.198166,-11.656991,0
          -77.197741,-11.657717,0
          -77.196335,-11.658451,0
          -77.194618,-11.659341,0
          -77.193121,-11.660129,0
          -77.191459,-11.661001,0
          -77.188957,-11.66233,0
          -77.187423,-11.663146,0
          -77.185515,-11.664155,0
          -77.183953,-11.665007,0
          -77.183747,-11.666798,0
          -77.183551,-11.668607,0
          -77.183397,-11.670127,0
          -77.183124,-11.672713,0
          -77.182971,-11.674215,0
          -77.182792,-11.675978,0
          -77.182605,-11.677787,0
          -77.182417,-11.679605,0
          -77.18223,-11.681441,0
          -77.182042,-11.683268,0
          -77.181883,-11.68514,0
          -77.181245,-11.68688,0
          -77.180645,-11.688611,0
          -77.180035,-11.690369,0
          -77.179425,-11.692136,0
          -77.178483,-11.694827,0
          -77.178008,-11.696196,0
          -77.177345,-11.698144,0
          -77.176806,-11.699666,0
          -77.176466,-11.700663,0
          -77.176133,-11.701452,0
          -77.175323,-11.703419,0
          -77.174648,-11.70506,0
          -77.174099,-11.706384,0
          -77.173541,-11.707725,0
          -77.172793,-11.709421,0
          -77.172099,-11.710963,0
          -77.171684,-11.711888,0
          -77.170756,-11.713973,0
          -77.170206,-11.715189,0
          -77.169457,-11.716731,0
          -77.168609,-11.718508,0
          -77.16795,-11.719869,0
          -77.16739,-11.72103,0
          -77.16637,-11.723117,0
          -77.165702,-11.724495,0
          -77.164791,-11.726364,0
          -77.164178,-11.727733,0
          -77.163133,-11.729024,0
          -77.161698,-11.730852,0
          -77.160818,-11.732015,0
          -77.159756,-11.733451,0
          -77.158794,-11.734778,0
          -77.157533,-11.736514,0
          -77.156108,-11.738468,0
          -77.154964,-11.740031,0
          -77.153667,-11.741812,0
          -77.151915,-11.744202,0
          -77.150754,-11.74581,0
          -77.14991,-11.746974,0
          -77.149674,-11.747328,0
          -77.150178,-11.749638,0
          -77.150681,-11.751857,0
          -77.15109,-11.753689,0
          -77.151432,-11.755241,0
          -77.151803,-11.756901,0
          -77.15225,-11.758922,0
          -77.152675,-11.760536,0
          -77.152959,-11.762875,0
          -77.153172,-11.764356,0
          -77.15389,-11.765769,0
          -77.154223,-11.767339,0
          -77.154651,-11.769252,0
          -77.155088,-11.771228,0
          -77.155544,-11.77324,0
          -77.155981,-11.775216,0
          -77.156418,-11.777173,0
          -77.156901,-11.779041,0
          -77.15732,-11.781089,0
          -77.158714,-11.779813,0
          -77.160135,-11.778528,0
          -77.161483,-11.777316,0
          -77.162742,-11.776475,0
          -77.164157,-11.775596,0
          -77.165379,-11.77472,0
          -77.166638,-11.773842,0
          -77.167988,-11.772856,0
          -77.168396,-11.773458,0
          -77.168258,-11.773369,0
        </coordinates>
      </LineString>
    </Placemark>
    <Placemark>
      <name>L2125</name>
      <description>MEDIO MUNDO - REP</description>
      <styleUrl>#line-005CE6-2000</styleUrl>
      <LineString>
        <tessellate>1</tessellate>
        <coordinates>
          -77.628615,-10.879296,0
          -77.629916,-10.884606,0
          -77.630516,-10.887786,0
          -77.631102,-10.890806,0
          -77.631602,-10.893637,0
          -77.631762,-10.894927,0
          -77.631959,-10.895344,0
        </coordinates>
      </LineString>
    </Placemark>
    <Placemark>
      <name>L686</name>
      <description><![CDATA[L686    <br>       <br>   FID   0    <br>   Id   0    <br>   LINEA   L686    <br>   TIPO   LINEA ELECTRICA AEREA    <br>   RECORRIDO   SET PT- PIEDRA - SET ZAPALLAL]]></description>
      <styleUrl>#line-005CE6-2000</styleUrl>
      <LineString>
        <tessellate>1</tessellate>
        <coordinates>
          -77.111349,-11.836993,0
          -77.110805,-11.836629,0
          -77.110509,-11.83635,0
          -77.109371,-11.837122,0
          -77.10844,-11.837743,0
          -77.107335,-11.838483,0
          -77.106177,-11.839405,0
          -77.105028,-11.840317,0
          -77.103852,-11.841266,0
          -77.102684,-11.842196,0
          -77.1018,-11.842917,0
          -77.10148,-11.843145,0
          -77.100268,-11.844139,0
          -77.099055,-11.845106,0
          -77.097824,-11.846082,0
          -77.096611,-11.847058,0
          -77.09569,-11.847788,0
          -77.094376,-11.848837,0
          -77.093109,-11.849868,0
          -77.09175,-11.850945,0
          -77.090592,-11.851875,0
          -77.089297,-11.852906,0
          -77.0886392,-11.8534039,0
          -77.087363,-11.854448,0
          -77.086105,-11.85546,0
          -77.084819,-11.856491,0
          -77.084581,-11.856664,0
          -77.083587,-11.857476,0
          -77.082402,-11.858425,0
          -77.081025,-11.859528,0
          -77.079757,-11.860541,0
          -77.078462,-11.861572,0
          -77.077686,-11.862192,0
          -77.076391,-11.863223,0
          -77.075196,-11.86419,0
          -77.073958,-11.865473,0
          -77.072697,-11.867371,0
          -77.072131,-11.867827,0
          -77.071497,-11.868817,0
          -77.070716,-11.86998,0
          -77.068964,-11.868872,0
          -77.068638,-11.869362,0
          -77.068268,-11.869003,0
          -77.068551,-11.868812,0
        </coordinates>
      </LineString>
    </Placemark>
    <Placemark>
      <name>L2126</name>
      <description>MEDIO MUNDO - REP</description>
      <styleUrl>#line-005CE6-2000</styleUrl>
      <LineString>
        <tessellate>1</tessellate>
        <coordinates>
          -77.628615,-10.879296,0
          -77.629916,-10.884606,0
          -77.630516,-10.887786,0
          -77.631102,-10.890806,0
          -77.631602,-10.893637,0
          -77.631762,-10.894927,0
          -77.631959,-10.895344,0
        </coordinates>
      </LineString>
    </Placemark>
    <Placemark>
      <name>L2017</name>
      <description><![CDATA[L2017    <br>       <br>   FID   0    <br>   Id   0    <br>   LINEA   L2017    <br>   TIPO   LINEA ELECTRICA AEREA    <br>   RECORRIDO   SET CHILLON -  SET VENTANILLA GENERACION 2016]]></description>
      <styleUrl>#line-005CE6-2000</styleUrl>
      <LineString>
        <tessellate>1</tessellate>
        <coordinates>
          -77.119444,-11.936661,0
          -77.119808,-11.936561,0
          -77.120264,-11.935836,0
          -77.121901,-11.935743,0
          -77.122388,-11.934935,0
          -77.12131,-11.934072,0
          -77.11885,-11.932395,0
          -77.117382,-11.933107,0
          -77.116542,-11.931977,0
          -77.117023,-11.931614,0
        </coordinates>
      </LineString>
    </Placemark>
    <Placemark>
      <name>L692</name>
      <description><![CDATA[L692    <br>       <br>   FID   0    <br>   Id   0    <br>   LINEA   L692    <br>   TIPO   LINEA ELECTRICA AEREA    <br>   RECORRIDO   SET INFANTAS - SET NARANJAL]]></description>
      <styleUrl>#line-005CE6-2000</styleUrl>
      <LineString>
        <tessellate>1</tessellate>
        <coordinates>
          -77.0656,-11.945548,0
          -77.065772,-11.945306,0
          -77.06656,-11.945342,0
          -77.066684,-11.944745,0
          -77.068431,-11.945138,0
          -77.069341,-11.945303,0
          -77.070753,-11.949053,0
          -77.070547,-11.950372,0
          -77.07019,-11.951895,0
          -77.069935,-11.953406,0
          -77.06978,-11.954786,0
          -77.069716,-11.955212,0
          -77.069384,-11.957044,0
          -77.06925,-11.958689,0
          -77.068931,-11.960165,0
          -77.068557,-11.961677,0
          -77.068348,-11.963143,0
          -77.068162,-11.965304,0
          -77.067879,-11.966689,0
          -77.067592,-11.968752,0
          -77.067308,-11.970295,0
          -77.066547,-11.970188,0
          -77.064829,-11.970001,0
          -77.06322,-11.969634,0
          -77.062999,-11.970119,0
        </coordinates>
      </LineString>
    </Placemark>
    <Placemark>
      <name>L698</name>
      <description><![CDATA[L698    <br>       <br>   FID   0    <br>   Id   0    <br>   LINEA   L698    <br>   TIPO   LINEA ELECTRICA AEREA    <br>   RECORRIDO   SET CHAVARRIA - SET NARANJAL]]></description>
      <styleUrl>#line-005CE6-2000</styleUrl>
      <LineString>
        <tessellate>1</tessellate>
        <coordinates>
          -77.062999,-11.970119,0
          -77.063177,-11.96976,0
          -77.06489,-11.970033,0
          -77.066566,-11.9703,0
          -77.067298,-11.970366,0
          -77.067089,-11.972034,0
          -77.066911,-11.973423,0
          -77.066658,-11.974986,0
          -77.066461,-11.976997,0
          -77.066269,-11.978149,0
          -77.065861,-11.979925,0
          -77.06569,-11.981361,0
          -77.065387,-11.982951,0
          -77.065132,-11.984698,0
          -77.064927,-11.986068,0
          -77.064707,-11.987623,0
          -77.06442,-11.989467,0
          -77.064201,-11.990817,0
          -77.06398,-11.992257,0
          -77.063788,-11.993443,0
          -77.063612,-11.994542,0
          -77.063428,-11.995686,0
          -77.064419,-11.995876,0
          -77.064571,-11.996155,0
          -77.064996,-11.996499,0
          -77.065455,-11.996952,0
          -77.06607,-11.996393,0
          -77.066913,-11.997309,0
          -77.067136,-11.998092,0
          -77.066663,-11.99837,0
          -77.065693,-11.998366,0
        </coordinates>
      </LineString>
    </Placemark>
    <Placemark>
      <name>L701</name>
      <description><![CDATA[L701    <br>       <br>   FID   0    <br>   Id   0    <br>   LINEA   L701    <br>   TIPO   LINEA ELECTRICA AEREA    <br>   RECORRIDO   SET STA. ROSA_A - STA. ROSA.N]]></description>
      <styleUrl>#line-005CE6-2000</styleUrl>
      <LineString>
        <tessellate>1</tessellate>
        <coordinates>
          -77.010821,-12.041224,0
          -77.010689,-12.041052,0
          -77.010943,-12.040818,0
          -77.011347,-12.040323,0
          -77.011051,-12.040194,0
          -77.011208,-12.039604,0
        </coordinates>
      </LineString>
    </Placemark>
    <Placemark>
      <name>L2213</name>
      <description>MEDIO MUNDO - REP</description>
      <styleUrl>#line-005CE6-2000</styleUrl>
      <LineString>
        <tessellate>1</tessellate>
        <coordinates>
          -77.628984,-10.879251,0
          -77.628837,-10.879498,0
          -77.62949,-10.881439,0
          -77.630122,-10.884574,0
          -77.630687,-10.887676,0
          -77.631281,-10.890769,0
          -77.6318,-10.893623,0
          -77.631974,-10.894496,0
          -77.632066,-10.895103,0
        </coordinates>
      </LineString>
    </Placemark>
    <Placemark>
      <name>L2279</name>
      <description>MEDIO MUNDO - REP</description>
      <styleUrl>#line-005CE6-2000</styleUrl>
      <LineString>
        <tessellate>1</tessellate>
        <coordinates>
          -77.628984,-10.879251,0
          -77.628837,-10.879498,0
          -77.62949,-10.881439,0
          -77.630122,-10.884574,0
          -77.630687,-10.887676,0
          -77.631281,-10.890769,0
          -77.6318,-10.893623,0
          -77.631974,-10.894496,0
          -77.632066,-10.895103,0
        </coordinates>
      </LineString>
    </Placemark>
    <Placemark>
      <name>L617</name>
      <description><![CDATA[L617    <br>       <br>   FID   0    <br>   LINEA   L617    <br>   TIPO   LINEA ELECTRICA AEREA    <br>   RECORRIDO   SET CHAVARRIA - SET T-VALLE]]></description>
      <styleUrl>#line-005CE6-2000</styleUrl>
      <LineString>
        <tessellate>1</tessellate>
        <coordinates>
          -77.09748,-12.014469,0
          -77.096996,-12.014256,0
          -77.097729,-12.012841,0
          -77.098389,-12.011453,0
          -77.099067,-12.010083,0
          -77.099763,-12.008668,0
          -77.100458,-12.007226,0
          -77.099334,-12.006692,0
          -77.099229,-12.00615,0
          -77.099885,-12.004746,0
          -77.100494,-12.003493,0
          -77.101117,-12.002187,0
          -77.101713,-12.000971,0
          -77.1024,-11.999511,0
          -77.101646,-11.99817,0
          -77.100846,-11.996793,0
          -77.100092,-11.995479,0
          -77.099329,-11.994156,0
          -77.098547,-11.992825,0
          -77.097775,-11.991493,0
          -77.097291,-11.990656,0
          -77.09716,-11.990268,0
          -77.096885,-11.990288,0
          -77.095587,-11.991048,0
          -77.094234,-11.991791,0
          -77.092589,-11.992716,0
          -77.090843,-11.993705,0
          -77.089335,-11.994638,0
          -77.087647,-11.995898,0
          -77.086752,-11.9966,0
          -77.084913,-11.996207,0
          -77.084496,-11.998054,0
          -77.083957,-11.998393,0
          -77.081896,-11.999004,0
          -77.080534,-11.999792,0
          -77.079443,-12.000026,0
          -77.076905,-12.000641,0
          -77.073649,-12.00109,0
          -77.072263,-11.999935,0
          -77.068581,-11.998597,0
          -77.066798,-11.998339,0
          -77.066551,-11.998458,0
          -77.065693,-11.998366,0
        </coordinates>
      </LineString>
    </Placemark>
    <Placemark>
      <name>L699</name>
      <description><![CDATA[L699    <br>       <br>   FID   0    <br>   Id   0    <br>   LINEA   L699    <br>   TIPO   LINEA ELECRICA AEREA    <br>   RECORRIDO   SET OQUENDO - T-VALLE]]></description>
      <styleUrl>#line-0070FF-2000</styleUrl>
      <LineString>
        <tessellate>1</tessellate>
        <coordinates>
          -77.125721,-11.977243,0
          -77.125343,-11.97728,0
          -77.125401,-11.979108,0
          -77.125478,-11.980914,0
          -77.125555,-11.98272,0
          -77.125649,-11.984527,0
          -77.125748,-11.986329,0
          -77.12585,-11.988098,0
          -77.125149,-11.988648,0
          -77.123338,-11.988308,0
          -77.121596,-11.987974,0
          -77.119838,-11.987643,0
          -77.118125,-11.987321,0
          -77.116418,-11.987007,0
          -77.115859,-11.987543,0
          -77.114338,-11.987785,0
          -77.112611,-11.988018,0
          -77.110941,-11.988249,0
          -77.109203,-11.988462,0
          -77.107475,-11.988747,0
          -77.105747,-11.988981,0
          -77.104533,-11.989215,0
          -77.103093,-11.98944,0
          -77.101836,-11.98961,0
          -77.100757,-11.989756,0
          -77.099256,-11.989964,0
          -77.097994,-11.990135,0
          -77.097155,-11.990271,0
          -77.097272,-11.990703,0
          -77.097785,-11.991568,0
          -77.098571,-11.992894,0
          -77.099358,-11.99422,0
          -77.100144,-11.995547,0
          -77.100931,-11.996874,0
          -77.101716,-11.998201,0
          -77.102518,-11.999514,0
          -77.10178,-12.000989,0
          -77.101176,-12.002208,0
          -77.100532,-12.003507,0
          -77.099888,-12.004807,0
          -77.099243,-12.006108,0
          -77.099403,-12.006633,0
          -77.100547,-12.007197,0
          -77.099783,-12.008717,0
          -77.099079,-12.010138,0
          -77.098395,-12.011519,0
          -77.09773,-12.012859,0
          -77.097012,-12.014349,0
          -77.09748,-12.014469,0
        </coordinates>
      </LineString>
    </Placemark>
    <Placemark>
      <name>L685</name>
      <description><![CDATA[L685    <br>       <br>   FID   0    <br>   Id   0    <br>   LINEA   L685    <br>   TIPO   LINEA ELECTRICA AEREA    <br>   RECORRIDO   SET HUACHO - SET HUACHO-REP]]></description>
      <styleUrl>#line-005CE6-2000</styleUrl>
      <LineString>
        <tessellate>1</tessellate>
        <coordinates>
          -77.608567,-11.096897,0
          -77.608656,-11.096755,0
          -77.60847,-11.096513,0
          -77.60773,-11.095571,0
          -77.608018,-11.094106,0
          -77.608252,-11.092917,0
          -77.608449,-11.092059,0
          -77.608605,-11.091063,0
          -77.607916,-11.089651,0
          -77.606341,-11.088873,0
          -77.605058,-11.08823,0
          -77.604931,-11.087337,0
          -77.604718,-11.085883,0
          -77.603544,-11.085686,0
          -77.601677,-11.085351,0
          -77.599766,-11.084598,0
          -77.599191,-11.083736,0
          -77.5989,-11.082862,0
          -77.598654,-11.081988,0
          -77.598171,-11.080712,0
          -77.597325,-11.080617,0
          -77.597098,-11.081849,0
          -77.59689,-11.083114,0
          -77.596829,-11.083494,0
          -77.59601,-11.083004,0
          -77.595347,-11.082497,0
          -77.594013,-11.081594,0
          -77.593179,-11.079734,0
          -77.592455,-11.078111,0
          -77.591923,-11.076905,0
          -77.590164,-11.076694,0
          -77.588809,-11.076516,0
          -77.587054,-11.076293,0
          -77.585588,-11.076363,0
          -77.583656,-11.076469,0
          -77.582133,-11.07654,0
          -77.580815,-11.07662,0
          -77.57956,-11.076683,0
          -77.578538,-11.076748,0
          -77.576625,-11.076853,0
          -77.574515,-11.076873,0
          -77.573204,-11.077634,0
          -77.571447,-11.078634,0
          -77.569909,-11.079523,0
          -77.568093,-11.080555,0
          -77.566433,-11.081504,0
          -77.56466,-11.082536,0
          -77.563366,-11.08416,0
          -77.56109,-11.084582,0
          -77.558321,-11.086152,0
          -77.556392,-11.087273,0
          -77.55408,-11.088603,0
          -77.552353,-11.089594,0
          -77.550348,-11.09074,0
          -77.548217,-11.091957,0
          -77.545903,-11.092839,0
          -77.544353,-11.093426,0
          -77.542327,-11.094187,0
          -77.54013,-11.095028,0
          -77.538134,-11.095785,0
          -77.5361,-11.096559,0
          -77.534871,-11.097708,0
          -77.533456,-11.099059,0
          -77.532365,-11.100093,0
          -77.5305,-11.101859,0
          -77.528746,-11.103521,0
          -77.525736,-11.106344,0
          -77.522151,-11.109745,0
          -77.520109,-11.111677,0
          -77.518122,-11.113555,0
          -77.517087,-11.114549,0
          -77.517043,-11.114712,0
          -77.516442,-11.114619,0
        </coordinates>
      </LineString>
    </Placemark>
    <Placemark>
      <name>L650</name>
      <description><![CDATA[L650    <br>       <br>   FID   0    <br>   LINEA   L650    <br>   TIPO   LINEA ELECTRICA AEREA    <br>   RECORRIDO   SET ZAPALLAL - SET VENTANILLA]]></description>
      <styleUrl>#line-005CE6-2000</styleUrl>
      <LineString>
        <tessellate>1</tessellate>
        <coordinates>
          -77.128522,-11.868862,0
          -77.128325,-11.868892,0
          -77.128159,-11.868866,0
          -77.128239,-11.868423,0
          -77.128503,-11.868159,0
          -77.12865,-11.867028,0
          -77.128859,-11.865562,0
          -77.129042,-11.864332,0
          -77.129268,-11.862794,0
          -77.129426,-11.861861,0
          -77.129295,-11.861429,0
          -77.128551,-11.861362,0
          -77.127972,-11.861231,0
          -77.126719,-11.860662,0
          -77.125467,-11.860102,0
          -77.12427,-11.859559,0
          -77.122935,-11.858955,0
          -77.122042,-11.858519,0
          -77.121646,-11.857175,0
          -77.121325,-11.856021,0
          -77.120957,-11.854686,0
          -77.12058,-11.853369,0
          -77.120211,-11.852034,0
          -77.119862,-11.850754,0
          -77.119541,-11.849572,0
          -77.119035,-11.848211,0
          -77.11851,-11.846796,0
          -77.11834,-11.846101,0
          -77.117851,-11.844569,0
          -77.116834,-11.843528,0
          -77.115825,-11.842478,0
          -77.114836,-11.841473,0
          -77.113846,-11.840468,0
          -77.112866,-11.839454,0
          -77.111877,-11.83844,0
          -77.110943,-11.837498,0
          -77.11127,-11.837116,0
          -77.111349,-11.836993,0
        </coordinates>
      </LineString>
    </Placemark>
    <Placemark>
      <name>L6947</name>
      <description><![CDATA[L6947    <br>       <br>   FID   0    <br>   LINEA   L6947    <br>   TIPO   LINEA ELECTRICA AEREA    <br>   RECORRIDO   SET HUARAL - SET SINERSA]]></description>
      <styleUrl>#line-005CE6-2000</styleUrl>
      <LineString>
        <tessellate>1</tessellate>
        <coordinates>
          -77.196229,-11.493282,0
          -77.196217,-11.493313,0
          -77.196748,-11.493654,0
          -77.196875,-11.493502,0
        </coordinates>
      </LineString>
    </Placemark>
    <Placemark>
      <name>L652</name>
      <description><![CDATA[L652    <br>       <br>   FID   0    <br>   Id   0    <br>   LINEA   L652    <br>   TIPO   LINEA ELECTRICA AEREA    <br>   RECORRIDO   SET CHILLON - SET PAMPILLA]]></description>
      <styleUrl>#line-005CE6-2000</styleUrl>
      <LineString>
        <tessellate>1</tessellate>
        <coordinates>
          -77.129761,-11.919348,0
          -77.129452,-11.919449,0
          -77.128984,-11.91948,0
          -77.129171,-11.921096,0
          -77.129377,-11.922695,0
          -77.129613,-11.924808,0
          -77.129883,-11.926405,0
          -77.128252,-11.926725,0
          -77.12473,-11.927131,0
          -77.121698,-11.927805,0
          -77.121085,-11.929282,0
          -77.120356,-11.931086,0
          -77.119392,-11.932214,0
          -77.118186,-11.931835,0
          -77.117595,-11.931315,0
          -77.117023,-11.931614,0
        </coordinates>
      </LineString>
    </Placemark>
    <Placemark>
      <name>L618</name>
      <description><![CDATA[L618    <br>       <br>   FID   0    <br>   LINEA   L618    <br>   TIPO   LINEA ELECTRICA AEREA    <br>   RECORRIDO   SET CHAVARRIA - SET OQUENDO]]></description>
      <styleUrl>#line-005CE6-2000</styleUrl>
      <LineString>
        <tessellate>1</tessellate>
        <coordinates>
          -77.125721,-11.977243,0
          -77.125306,-11.977304,0
          -77.12543,-11.979183,0
          -77.125509,-11.981044,0
          -77.125579,-11.98286,0
          -77.125647,-11.984631,0
          -77.125744,-11.986465,0
          -77.125796,-11.988335,0
          -77.125158,-11.988991,0
          -77.123383,-11.988543,0
          -77.121609,-11.988204,0
          -77.119816,-11.987856,0
          -77.118051,-11.987508,0
          -77.116258,-11.987133,0
          -77.11562,-11.987762,0
          -77.114318,-11.987943,0
          -77.112594,-11.988155,0
          -77.110879,-11.988376,0
          -77.109145,-11.988588,0
          -77.107412,-11.988809,0
          -77.105798,-11.989011,0
          -77.104561,-11.9893,0
          -77.103185,-11.989473,0
          -77.101819,-11.989655,0
          -77.100691,-11.989799,0
          -77.099361,-11.989972,0
          -77.097994,-11.990154,0
          -77.096885,-11.990288,0
          -77.095596,-11.991039,0
          -77.094234,-11.991791,0
          -77.092589,-11.992716,0
          -77.090843,-11.993705,0
          -77.089335,-11.994638,0
          -77.08823,-11.995432,0
          -77.087647,-11.995898,0
          -77.086752,-11.9966,0
          -77.084894,-11.996171,0
          -77.084459,-11.998036,0
          -77.083956,-11.998329,0
          -77.081968,-11.99885,0
          -77.080542,-11.999575,0
          -77.079443,-12.000026,0
          -77.077078,-12.00045,0
          -77.073858,-12.000763,0
          -77.071894,-11.999657,0
          -77.068533,-11.998371,0
          -77.066798,-11.998321,0
          -77.066551,-11.998431,0
          -77.065693,-11.998366,0
        </coordinates>
      </LineString>
    </Placemark>
    <Placemark>
      <name>L669</name>
      <description><![CDATA[L669    <br>       <br>   FID   0    <br>   LINEA   L669    <br>   TIPO   LINEA  ELECTRICA AEREA    <br>   RECORRIDO   SET ZAPALLAL - SET CHANCAY]]></description>
      <styleUrl>#line-0070FF-2000</styleUrl>
      <LineString>
        <tessellate>1</tessellate>
        <coordinates>
          -77.259648,-11.583184,0
          -77.25747,-11.585717,0
          -77.257057,-11.586786,0
          -77.256323,-11.588907,0
          -77.255581,-11.590752,0
          -77.254817,-11.593202,0
          -77.253392,-11.594361,0
          -77.251722,-11.595865,0
          -77.250584,-11.596841,0
          -77.248271,-11.597555,0
          -77.246378,-11.598148,0
          -77.245288,-11.599358,0
          -77.24429,-11.600658,0
          -77.243264,-11.60194,0
          -77.242221,-11.60325,0
          -77.240669,-11.605259,0
          -77.238029,-11.607557,0
          -77.236192,-11.609397,0
          -77.23559,-11.609745,0
          -77.234129,-11.610497,0
          -77.23234,-11.611388,0
          -77.23066,-11.612226,0
          -77.229194,-11.612963,0
          -77.227236,-11.613921,0
          -77.226569,-11.614234,0
          -77.225209,-11.614922,0
          -77.223209,-11.615932,0
          -77.221237,-11.616932,0
          -77.21763,-11.618722,0
          -77.216315,-11.619327,0
          -77.214401,-11.620771,0
          -77.212778,-11.621931,0
          -77.211302,-11.623018,0
          -77.20988,-11.624059,0
          -77.208368,-11.6253,0
          -77.207972,-11.627409,0
          -77.20773,-11.629272,0
          -77.207417,-11.63148,0
          -77.207189,-11.63295,0
          -77.206889,-11.63537,0
          -77.206613,-11.637595,0
          -77.205261,-11.638193,0
          -77.204207,-11.640605,0
          -77.203462,-11.642545,0
          -77.202508,-11.644902,0
          -77.201973,-11.646732,0
          -77.201207,-11.649338,0
          -77.200599,-11.65155,0
          -77.199873,-11.653706,0
          -77.198029,-11.656888,0
          -77.197695,-11.657681,0
          -77.196325,-11.658424,0
          -77.194618,-11.659341,0
          -77.193121,-11.660129,0
          -77.191459,-11.661001,0
          -77.188957,-11.66233,0
          -77.187423,-11.663146,0
          -77.185515,-11.664155,0
          -77.183953,-11.665007,0
          -77.183747,-11.666798,0
          -77.183551,-11.668607,0
          -77.183397,-11.670127,0
          -77.183124,-11.672713,0
          -77.182971,-11.674215,0
          -77.182792,-11.675978,0
          -77.182605,-11.677787,0
          -77.182417,-11.679605,0
          -77.18223,-11.681441,0
          -77.182042,-11.683268,0
          -77.181828,-11.685123,0
          -77.181245,-11.68688,0
          -77.180645,-11.688611,0
          -77.180035,-11.690369,0
          -77.179407,-11.69213,0
          -77.178483,-11.694827,0
          -77.178008,-11.696196,0
          -77.177345,-11.698144,0
          -77.176804,-11.699632,0
          -77.176466,-11.700663,0
          -77.176133,-11.701452,0
          -77.175323,-11.703419,0
          -77.174648,-11.70506,0
          -77.174103,-11.706387,0
          -77.173532,-11.707713,0
          -77.172782,-11.709398,0
          -77.172099,-11.710963,0
          -77.171684,-11.711888,0
          -77.170756,-11.713973,0
          -77.170206,-11.715189,0
          -77.169457,-11.716731,0
          -77.168609,-11.718508,0
          -77.16795,-11.719869,0
          -77.16739,-11.72103,0
          -77.16637,-11.723117,0
          -77.165703,-11.724487,0
          -77.164791,-11.726364,0
          -77.164122,-11.727707,0
          -77.163133,-11.729024,0
          -77.161661,-11.730825,0
          -77.160818,-11.732015,0
          -77.159756,-11.733451,0
          -77.158758,-11.734717,0
          -77.157533,-11.736514,0
          -77.156108,-11.738468,0
          -77.154964,-11.740031,0
          -77.153667,-11.741812,0
          -77.151915,-11.744202,0
          -77.150754,-11.74581,0
          -77.14991,-11.746974,0
          -77.149646,-11.747319,0
          -77.150178,-11.749638,0
          -77.150681,-11.751857,0
          -77.151041,-11.75369,0
          -77.151405,-11.755237,0
          -77.151827,-11.756886,0
          -77.152244,-11.758894,0
          -77.152648,-11.760546,0
          -77.152959,-11.762875,0
          -77.153172,-11.764356,0
          -77.153862,-11.765778,0
          -77.154223,-11.767339,0
          -77.154651,-11.769252,0
          -77.155088,-11.771228,0
          -77.155544,-11.77324,0
          -77.155981,-11.775216,0
          -77.156418,-11.777173,0
          -77.156856,-11.779149,0
          -77.157284,-11.781125,0
          -77.155945,-11.782383,0
          -77.154644,-11.783667,0
          -77.153324,-11.784951,0
          -77.152049,-11.786217,0
          -77.150931,-11.787536,0
          -77.149564,-11.788676,0
          -77.148381,-11.789842,0
          -77.147142,-11.791026,0
          -77.146069,-11.792128,0
          -77.144856,-11.793131,0
          -77.143809,-11.794254,0
          -77.142545,-11.79558,0
          -77.141615,-11.796571,0
          -77.140297,-11.797901,0
          -77.138974,-11.799007,0
          -77.137893,-11.800188,0
          -77.136728,-11.801335,0
          -77.135517,-11.802546,0
          -77.134294,-11.804462,0
          -77.133687,-11.805434,0
          -77.133006,-11.80646,0
          -77.131892,-11.808258,0
          -77.130551,-11.810386,0
          -77.129763,-11.81169,0
          -77.129103,-11.812961,0
          -77.127959,-11.814488,0
          -77.126762,-11.816313,0
          -77.125049,-11.819073,0
          -77.125537,-11.820471,0
          -77.125884,-11.82148,0
          -77.124693,-11.822863,0
          -77.123529,-11.824173,0
          -77.122383,-11.825474,0
          -77.121273,-11.826721,0
          -77.120091,-11.828067,0
          -77.118989,-11.829151,0
          -77.118077,-11.82989,0
          -77.116564,-11.831103,0
          -77.11515,-11.832234,0
          -77.113728,-11.833365,0
          -77.112672,-11.834431,0
          -77.111679,-11.835405,0
          -77.110639,-11.836154,0
          -77.111073,-11.83653,0
          -77.111349,-11.836993,0
        </coordinates>
      </LineString>
    </Placemark>
    <Placemark>
      <name>L6554</name>
      <description><![CDATA[L6554    <br>       <br>   FID   0    <br>   Id   0    <br>   LINEA   L6554    <br>   TIPO   LINEA ELECTRICA AEREA    <br>   RECORRIDO   SET CHILLON - SET ZAPALLAL]]></description>
      <styleUrl>#line-005CE6-2000</styleUrl>
      <LineString>
        <tessellate>1</tessellate>
        <coordinates>
          -77.111349,-11.836993,0
          -77.111096,-11.837136,0
          -77.110915,-11.837481,0
          -77.111877,-11.83844,0
          -77.112866,-11.839454,0
          -77.113846,-11.840468,0
          -77.114836,-11.841473,0
          -77.115825,-11.842478,0
          -77.116834,-11.843528,0
          -77.117851,-11.844569,0
          -77.118331,-11.846092,0
          -77.11851,-11.846796,0
          -77.119035,-11.848211,0
          -77.119541,-11.84959,0
          -77.119862,-11.850754,0
          -77.120211,-11.852034,0
          -77.12058,-11.853369,0
          -77.120957,-11.854686,0
          -77.121325,-11.856021,0
          -77.121646,-11.857175,0
          -77.122042,-11.858519,0
          -77.122935,-11.858955,0
          -77.12427,-11.859559,0
          -77.125467,-11.860102,0
          -77.126719,-11.860662,0
          -77.127972,-11.861231,0
          -77.128551,-11.861362,0
          -77.129267,-11.861456,0
          -77.129371,-11.861889,0
          -77.129268,-11.862794,0
          -77.129042,-11.864332,0
          -77.128859,-11.865562,0
          -77.12865,-11.867028,0
          -77.128484,-11.868096,0
          -77.127864,-11.868697,0
          -77.127812,-11.869068,0
          -77.127636,-11.870045,0
          -77.127486,-11.870814,0
          -77.127275,-11.871964,0
          -77.127046,-11.873249,0
          -77.126718,-11.874688,0
          -77.126479,-11.87582,0
          -77.12639,-11.877294,0
          -77.126362,-11.878442,0
          -77.126307,-11.879671,0
          -77.126261,-11.880819,0
          -77.12631,-11.882419,0
          -77.126248,-11.883919,0
          -77.126225,-11.884749,0
          -77.126063,-11.885825,0
          -77.125974,-11.886353,0
          -77.125958,-11.886732,0
          -77.126053,-11.88834,0
          -77.126118,-11.890092,0
          -77.126337,-11.891763,0
          -77.126464,-11.892793,0
          -77.126677,-11.894165,0
          -77.126823,-11.895239,0
          -77.126968,-11.896268,0
          -77.126967,-11.897335,0
          -77.127129,-11.89812,0
          -77.127429,-11.898931,0
          -77.127748,-11.899724,0
          -77.128132,-11.900833,0
          -77.128291,-11.902287,0
          -77.128363,-11.903271,0
          -77.128425,-11.904175,0
          -77.125057,-11.904254,0
          -77.121855,-11.90436,0
          -77.119314,-11.905644,0
          -77.118592,-11.906038,0
          -77.118735,-11.907944,0
          -77.119322,-11.911437,0
          -77.120121,-11.916194,0
          -77.120845,-11.918439,0
          -77.12198,-11.921594,0
          -77.121673,-11.924569,0
          -77.121788,-11.926367,0
          -77.120451,-11.930318,0
          -77.119298,-11.932007,0
          -77.118119,-11.931483,0
          -77.117566,-11.931198,0
          -77.117023,-11.931614,0
        </coordinates>
      </LineString>
    </Placemark>
    <Placemark>
      <name>L651</name>
      <description><![CDATA[L651    <br>       <br>   FID   0    <br>   LINEA   L651    <br>   TIPO   LINEA ELECTRICA AEREA    <br>   RECORRIDO   SET PAMPILLA - SET VENTANILLA]]></description>
      <styleUrl>#line-0070FF-2000</styleUrl>
      <LineString>
        <tessellate>1</tessellate>
        <coordinates>
          -77.128332,-11.868815,0
          -77.128325,-11.868918,0
          -77.127812,-11.869068,0
          -77.127636,-11.870045,0
          -77.127486,-11.870805,0
          -77.127275,-11.871964,0
          -77.127037,-11.873249,0
          -77.12669,-11.874688,0
          -77.126479,-11.87582,0
          -77.126417,-11.877293,0
          -77.126353,-11.878442,0
          -77.126307,-11.879671,0
          -77.126261,-11.880819,0
          -77.12631,-11.882419,0
          -77.126248,-11.883919,0
          -77.126218,-11.88476,0
          -77.126063,-11.885825,0
          -77.125974,-11.886353,0
          -77.125958,-11.886741,0
          -77.126053,-11.888349,0
          -77.126122,-11.890075,0
          -77.126337,-11.891772,0
          -77.126492,-11.892793,0
          -77.126676,-11.894156,0
          -77.126813,-11.89523,0
          -77.126968,-11.896268,0
          -77.126961,-11.897331,0
          -77.12712,-11.89812,0
          -77.12742,-11.898931,0
          -77.127748,-11.899724,0
          -77.128142,-11.900833,0
          -77.128282,-11.902296,0
          -77.128381,-11.903271,0
          -77.128452,-11.904174,0
          -77.128545,-11.905556,0
          -77.128628,-11.906685,0
          -77.128701,-11.907806,0
          -77.128638,-11.909162,0
          -77.128575,-11.9105,0
          -77.128512,-11.911802,0
          -77.128467,-11.91314,0
          -77.128578,-11.914395,0
          -77.128698,-11.915659,0
          -77.128827,-11.916933,0
          -77.128947,-11.918161,0
          -77.129066,-11.919371,0
          -77.129443,-11.919386,0
          -77.129761,-11.919348,0
        </coordinates>
      </LineString>
    </Placemark>
  </Document>
</kml>
